{
  "HCLTECH": {
    "return": 0.03043743650072206,
    "max_drawdown": -0.061203892839954976,
    "sharpe": 0.36307141824982586,
    "buy_hold": {
      "return": 0.22894367991845077,
      "max_drawdown": -0.0610925604380926,
      "sharpe": 2.0682029457179767
    },
    "excess_return_vs_bh": -0.1985062434177287,
    "invalid_actions": 0
  },
  "HDFCBANK": {
    "return": 0.07900487962457303,
    "max_drawdown": -0.09285634181899753,
    "sharpe": 1.0233332778933153,
    "buy_hold": {
      "return": 0.09617755856966714,
      "max_drawdown": -0.09285634181899745,
      "sharpe": 1.0276887181776813
    },
    "excess_return_vs_bh": -0.01717267894509411,
    "invalid_actions": 0
  },
  "HINDUNILVR": {
    "return": -0.012398722343930801,
    "max_drawdown": -0.202036100599444,
    "sharpe": -0.1280061451633978,
    "buy_hold": {
      "return": -0.10563675914971571,
      "max_drawdown": -0.22974690858661734,
      "sharpe": -1.133894334827567
    },
    "excess_return_vs_bh": 0.09323803680578491,
    "invalid_actions": 0
  },
  "ICICIBANK": {
    "return": 0.013077390580204407,
    "max_drawdown": -0.08717023422615724,
    "sharpe": 0.14903812830301338,
    "buy_hold": {
      "return": 0.05260376438066583,
      "max_drawdown": -0.08625649071687407,
      "sharpe": 0.5525340074306977
    },
    "excess_return_vs_bh": -0.03952637380046142,
    "invalid_actions": 0
  },
  "INFY": {
    "return": -0.022814913653742552,
    "max_drawdown": -0.10868350185458044,
    "sharpe": -0.2608537249864525,
    "buy_hold": {
      "return": 0.11654608828095259,
      "max_drawdown": -0.10868350185458055,
      "sharpe": 1.031910981822248
    },
    "excess_return_vs_bh": -0.13936100193469514,
    "invalid_actions": 0
  },
  "ITC": {
    "return": 0.03489308431717664,
    "max_drawdown": -0.12551144531681965,
    "sharpe": 0.31520671858719645,
    "buy_hold": {
      "return": 0.029316367265469045,
      "max_drawdown": -0.12551144531681957,
      "sharpe": 0.2538486653051062
    },
    "excess_return_vs_bh": 0.0055767170517075915,
    "invalid_actions": 0
  },
  "JSWSTEEL": {
    "return": 0.0,
    "max_drawdown": 0.0,
    "sharpe": 0.0,
    "buy_hold": {
      "return": -0.03515079961360956,
      "max_drawdown": -0.1348763352901549,
      "sharpe": -0.28952041678134377
    },
    "excess_return_vs_bh": 0.03515079961360956,
    "invalid_actions": 0
  },
  "MARUTI": {
    "return": -0.009472539873523478,
    "max_drawdown": -0.040676527990889166,
    "sharpe": -0.182699752213534,
    "buy_hold": {
      "return": -0.1459195900015422,
      "max_drawdown": -0.20443700168943946,
      "sharpe": -1.4169504754754652
    },
    "excess_return_vs_bh": 0.13644705012801872,
    "invalid_actions": 0
  },
  "NTPC": {
    "return": -0.14324524084500212,
    "max_drawdown": -0.23891925229894487,
    "sharpe": -1.2705009212628586,
    "buy_hold": {
      "return": -0.14067159341371716,
      "max_drawdown": -0.2522563176895308,
      "sharpe": -1.2211789984020982
    },
    "excess_return_vs_bh": -0.0025736474312849644,
    "invalid_actions": 0
  },
  "RELIANCE": {
    "return": -0.2082339647724859,
    "max_drawdown": -0.22041726931903466,
    "sharpe": -3.0056466189718307,
    "buy_hold": {
      "return": -0.2419859754570498,
      "max_drawdown": -0.24536689206110696,
      "sharpe": -3.011143693673078
    },
    "excess_return_vs_bh": 0.033752010684563905,
    "invalid_actions": 0
  },
  "SBIN": {
    "return": -0.17272646224647226,
    "max_drawdown": -0.19102768277523904,
    "sharpe": -1.810350372665194,
    "buy_hold": {
      "return": -0.10557667215067801,
      "max_drawdown": -0.13983548766157458,
      "sharpe": -0.9362767676403154
    },
    "excess_return_vs_bh": -0.06714979009579425,
    "invalid_actions": 0
  },
  "TATASTEEL": {
    "return": -0.17416569141483318,
    "max_drawdown": -0.18131209410611457,
    "sharpe": -1.37435902794377,
    "buy_hold": {
      "return": -0.17918507609229273,
      "max_drawdown": -0.18790601663529852,
      "sharpe": -1.433688647656228
    },
    "excess_return_vs_bh": 0.0050193846774595485,
    "invalid_actions": 0
  },
  "TCS": {
    "return": 0.06784279275850369,
    "max_drawdown": -0.07054247971568413,
    "sharpe": 0.8333444518383752,
    "buy_hold": {
      "return": -0.0024944833541206135,
      "max_drawdown": -0.1294757068350261,
      "sharpe": -0.019791651245629243
    },
    "excess_return_vs_bh": 0.0703372761126243,
    "invalid_actions": 0
  },
  "TMPV": {
    "return": -0.2493381434096995,
    "max_drawdown": -0.2728136882129278,
    "sharpe": -2.5318476087680706,
    "buy_hold": {
      "return": -0.283901609130219,
      "max_drawdown": -0.3783986499156197,
      "sharpe": -2.045231768323485
    },
    "excess_return_vs_bh": 0.03456346572051949,
    "invalid_actions": 0
  }
}