{
  "HCLTECH": {
    "return": 0.0,
    "max_drawdown": 0.0,
    "sharpe": 0.0,
    "buy_hold": {
      "return": 0.22894367991845077,
      "max_drawdown": -0.0610925604380926,
      "sharpe": 2.0682029457179767
    },
    "excess_return_vs_bh": -0.22894367991845077,
    "invalid_actions": 0
  },
  "HDFCBANK": {
    "return": 0.10373294593368976,
    "max_drawdown": -0.07245925311203322,
    "sharpe": 1.2358705733710476,
    "buy_hold": {
      "return": 0.09617755856966714,
      "max_drawdown": -0.09285634181899745,
      "sharpe": 1.0276887181776813
    },
    "excess_return_vs_bh": 0.007555387364022614,
    "invalid_actions": 0
  },
  "HINDUNILVR": {
    "return": -0.07432358602604239,
    "max_drawdown": -0.11610564073609715,
    "sharpe": -1.8708807777342569,
    "buy_hold": {
      "return": -0.10563675914971571,
      "max_drawdown": -0.22974690858661734,
      "sharpe": -1.133894334827567
    },
    "excess_return_vs_bh": 0.03131317312367332,
    "invalid_actions": 0
  },
  "ICICIBANK": {
    "return": 0.0,
    "max_drawdown": 0.0,
    "sharpe": 0.0,
    "buy_hold": {
      "return": 0.05260376438066583,
      "max_drawdown": -0.08625649071687407,
      "sharpe": 0.5525340074306977
    },
    "excess_return_vs_bh": -0.05260376438066583,
    "invalid_actions": 0
  },
  "INFY": {
    "return": -0.0073045908718337715,
    "max_drawdown": -0.007351847787259432,
    "sharpe": -1.4084920658792055,
    "buy_hold": {
      "return": 0.11654608828095259,
      "max_drawdown": -0.10868350185458055,
      "sharpe": 1.031910981822248
    },
    "excess_return_vs_bh": -0.12385067915278636,
    "invalid_actions": 0
  },
  "ITC": {
    "return": 0.04583406801615442,
    "max_drawdown": -0.11563506141602492,
    "sharpe": 0.4109315833919685,
    "buy_hold": {
      "return": 0.029316367265469045,
      "max_drawdown": -0.12551144531681957,
      "sharpe": 0.2538486653051062
    },
    "excess_return_vs_bh": 0.01651770075068537,
    "invalid_actions": 0
  },
  "JSWSTEEL": {
    "return": -0.06995800290625853,
    "max_drawdown": -0.08664328498032507,
    "sharpe": -0.9785780354901548,
    "buy_hold": {
      "return": -0.03515079961360956,
      "max_drawdown": -0.1348763352901549,
      "sharpe": -0.28952041678134377
    },
    "excess_return_vs_bh": -0.03480720329264897,
    "invalid_actions": 0
  },
  "MARUTI": {
    "return": 0.02898314549912162,
    "max_drawdown": -0.047216154811091544,
    "sharpe": 0.6809089312109254,
    "buy_hold": {
      "return": -0.1459195900015422,
      "max_drawdown": -0.20443700168943946,
      "sharpe": -1.4169504754754652
    },
    "excess_return_vs_bh": 0.17490273550066382,
    "invalid_actions": 0
  },
  "NTPC": {
    "return": -0.16481758450516315,
    "max_drawdown": -0.2538761338052381,
    "sharpe": -1.3511447868973172,
    "buy_hold": {
      "return": -0.14067159341371716,
      "max_drawdown": -0.2522563176895308,
      "sharpe": -1.2211789984020982
    },
    "excess_return_vs_bh": -0.024145991091445995,
    "invalid_actions": 0
  },
  "RELIANCE": {
    "return": -0.05876512522216715,
    "max_drawdown": -0.05876512522216715,
    "sharpe": -2.3687412959727774,
    "buy_hold": {
      "return": -0.2419859754570498,
      "max_drawdown": -0.24536689206110696,
      "sharpe": -3.011143693673078
    },
    "excess_return_vs_bh": 0.18322085023488266,
    "invalid_actions": 0
  },
  "SBIN": {
    "return": 0.0,
    "max_drawdown": 0.0,
    "sharpe": 0.0,
    "buy_hold": {
      "return": -0.10557667215067801,
      "max_drawdown": -0.13983548766157458,
      "sharpe": -0.9362767676403154
    },
    "excess_return_vs_bh": 0.10557667215067801,
    "invalid_actions": 0
  },
  "TATASTEEL": {
    "return": -0.24402664922422046,
    "max_drawdown": -0.243905750978697,
    "sharpe": -3.0241095654694954,
    "buy_hold": {
      "return": -0.17918507609229273,
      "max_drawdown": -0.18790601663529852,
      "sharpe": -1.433688647656228
    },
    "excess_return_vs_bh": -0.06484157313192773,
    "invalid_actions": 0
  },
  "TCS": {
    "return": -0.0569355399874919,
    "max_drawdown": -0.09148673130253912,
    "sharpe": -1.3756770884233012,
    "buy_hold": {
      "return": -0.0024944833541206135,
      "max_drawdown": -0.1294757068350261,
      "sharpe": -0.019791651245629243
    },
    "excess_return_vs_bh": -0.05444105663337129,
    "invalid_actions": 0
  },
  "TMPV": {
    "return": 0.0,
    "max_drawdown": 0.0,
    "sharpe": 0.0,
    "buy_hold": {
      "return": -0.283901609130219,
      "max_drawdown": -0.3783986499156197,
      "sharpe": -2.045231768323485
    },
    "excess_return_vs_bh": 0.283901609130219,
    "invalid_actions": 0
  }
}