{
  "HCLTECH": {
    "return": 0.03572534583894038,
    "max_drawdown": -0.0010000000000000009,
    "sharpe": 1.381953630046302,
    "buy_hold": {
      "return": 0.22894367991845077,
      "max_drawdown": -0.0610925604380926,
      "sharpe": 2.0682029457179767
    },
    "excess_return_vs_bh": -0.1932183340795104,
    "invalid_actions": 0
  },
  "HDFCBANK": {
    "return": 0.0690465908278104,
    "max_drawdown": -0.054056144644960696,
    "sharpe": 1.3533094144652218,
    "buy_hold": {
      "return": 0.09617755856966714,
      "max_drawdown": -0.09285634181899745,
      "sharpe": 1.0276887181776813
    },
    "excess_return_vs_bh": -0.02713096774185675,
    "invalid_actions": 0
  },
  "HINDUNILVR": {
    "return": -0.18738407680498803,
    "max_drawdown": -0.18871549553310651,
    "sharpe": -4.669849350397719,
    "buy_hold": {
      "return": -0.10563675914971571,
      "max_drawdown": -0.22974690858661734,
      "sharpe": -1.133894334827567
    },
    "excess_return_vs_bh": -0.08174731765527232,
    "invalid_actions": 0
  },
  "ICICIBANK": {
    "return": 0.02101956044638853,
    "max_drawdown": -0.0067837544532742015,
    "sharpe": 1.2270988032158763,
    "buy_hold": {
      "return": 0.05260376438066583,
      "max_drawdown": -0.08625649071687407,
      "sharpe": 0.5525340074306977
    },
    "excess_return_vs_bh": -0.0315842039342773,
    "invalid_actions": 0
  },
  "INFY": {
    "return": 0.013096745608630389,
    "max_drawdown": -0.04631187613569394,
    "sharpe": 0.3670554182777558,
    "buy_hold": {
      "return": 0.11654608828095259,
      "max_drawdown": -0.10868350185458055,
      "sharpe": 1.031910981822248
    },
    "excess_return_vs_bh": -0.1034493426723222,
    "invalid_actions": 0
  },
  "ITC": {
    "return": -0.016160291097688795,
    "max_drawdown": -0.10153994026977584,
    "sharpe": -0.16962558118484525,
    "buy_hold": {
      "return": 0.029316367265469045,
      "max_drawdown": -0.12551144531681957,
      "sharpe": 0.2538486653051062
    },
    "excess_return_vs_bh": -0.04547665836315784,
    "invalid_actions": 0
  },
  "JSWSTEEL": {
    "return": -0.0002976010002294638,
    "max_drawdown": -0.03340366476481918,
    "sharpe": -0.01079286708583321,
    "buy_hold": {
      "return": -0.03515079961360956,
      "max_drawdown": -0.1348763352901549,
      "sharpe": -0.28952041678134377
    },
    "excess_return_vs_bh": 0.0348531986133801,
    "invalid_actions": 0
  },
  "MARUTI": {
    "return": -0.015331506176486265,
    "max_drawdown": -0.0810960463982913,
    "sharpe": -0.26363864030164164,
    "buy_hold": {
      "return": -0.1459195900015422,
      "max_drawdown": -0.20443700168943946,
      "sharpe": -1.4169504754754652
    },
    "excess_return_vs_bh": 0.13058808382505593,
    "invalid_actions": 0
  },
  "NTPC": {
    "return": -0.03632026767917751,
    "max_drawdown": -0.09840593144400882,
    "sharpe": -0.43225851989257874,
    "buy_hold": {
      "return": -0.14067159341371716,
      "max_drawdown": -0.2522563176895308,
      "sharpe": -1.2211789984020982
    },
    "excess_return_vs_bh": 0.10435132573453965,
    "invalid_actions": 0
  },
  "RELIANCE": {
    "return": -0.09404108647010645,
    "max_drawdown": -0.12232627842846415,
    "sharpe": -1.9629182573883854,
    "buy_hold": {
      "return": -0.2419859754570498,
      "max_drawdown": -0.24536689206110696,
      "sharpe": -3.011143693673078
    },
    "excess_return_vs_bh": 0.14794488898694336,
    "invalid_actions": 0
  },
  "SBIN": {
    "return": 0.013345013784702653,
    "max_drawdown": -0.02091294561125674,
    "sharpe": 0.6063147671702835,
    "buy_hold": {
      "return": -0.10557667215067801,
      "max_drawdown": -0.13983548766157458,
      "sharpe": -0.9362767676403154
    },
    "excess_return_vs_bh": 0.11892168593538066,
    "invalid_actions": 0
  },
  "TATASTEEL": {
    "return": -0.26112142027172036,
    "max_drawdown": -0.26100325588953366,
    "sharpe": -3.7132479655389687,
    "buy_hold": {
      "return": -0.17918507609229273,
      "max_drawdown": -0.18790601663529852,
      "sharpe": -1.433688647656228
    },
    "excess_return_vs_bh": -0.08193634417942763,
    "invalid_actions": 0
  },
  "TCS": {
    "return": -0.08284175429085205,
    "max_drawdown": -0.10501110276453937,
    "sharpe": -1.9750515386496832,
    "buy_hold": {
      "return": -0.0024944833541206135,
      "max_drawdown": -0.1294757068350261,
      "sharpe": -0.019791651245629243
    },
    "excess_return_vs_bh": -0.08034727093673144,
    "invalid_actions": 0
  },
  "TMPV": {
    "return": -0.07789839759015382,
    "max_drawdown": -0.10786061542962333,
    "sharpe": -1.7126679133429699,
    "buy_hold": {
      "return": -0.283901609130219,
      "max_drawdown": -0.3783986499156197,
      "sharpe": -2.045231768323485
    },
    "excess_return_vs_bh": 0.20600321154006518,
    "invalid_actions": 0
  }
}