{
  "HCLTECH": {
    "return": 0.0,
    "max_drawdown": 0.0,
    "sharpe": 0.0,
    "buy_hold": {
      "return": 0.22894367991845077,
      "max_drawdown": -0.0610925604380926,
      "sharpe": 2.0682029457179767
    },
    "excess_return_vs_bh": -0.22894367991845077,
    "invalid_actions": 0
  },
  "HDFCBANK": {
    "return": -0.0020795684042964613,
    "max_drawdown": -0.0724546597510374,
    "sharpe": -0.013680174868441914,
    "buy_hold": {
      "return": 0.09617755856966714,
      "max_drawdown": -0.09285634181899745,
      "sharpe": 1.0276887181776813
    },
    "excess_return_vs_bh": -0.0982571269739636,
    "invalid_actions": 0
  },
  "HINDUNILVR": {
    "return": -0.020004800073161078,
    "max_drawdown": -0.07154186192511636,
    "sharpe": -0.5389077339571592,
    "buy_hold": {
      "return": -0.10563675914971571,
      "max_drawdown": -0.22974690858661734,
      "sharpe": -1.133894334827567
    },
    "excess_return_vs_bh": 0.08563195907655463,
    "invalid_actions": 0
  },
  "ICICIBANK": {
    "return": 0.03413729878832039,
    "max_drawdown": -0.0067837544532742015,
    "sharpe": 1.5784311780523104,
    "buy_hold": {
      "return": 0.05260376438066583,
      "max_drawdown": -0.08625649071687407,
      "sharpe": 0.5525340074306977
    },
    "excess_return_vs_bh": -0.018466465592345438,
    "invalid_actions": 0
  },
  "INFY": {
    "return": -0.006354488507984146,
    "max_drawdown": -0.021544235083003876,
    "sharpe": -0.41658251751116404,
    "buy_hold": {
      "return": 0.11654608828095259,
      "max_drawdown": -0.10868350185458055,
      "sharpe": 1.031910981822248
    },
    "excess_return_vs_bh": -0.12290057678893673,
    "invalid_actions": 0
  },
  "ITC": {
    "return": 0.0176164822299949,
    "max_drawdown": -0.14443229887538497,
    "sharpe": 0.1696046918276129,
    "buy_hold": {
      "return": 0.029316367265469045,
      "max_drawdown": -0.12551144531681957,
      "sharpe": 0.2538486653051062
    },
    "excess_return_vs_bh": -0.011699885035474145,
    "invalid_actions": 0
  },
  "JSWSTEEL": {
    "return": -0.1324982378810996,
    "max_drawdown": -0.1376565720377415,
    "sharpe": -1.4995585207419255,
    "buy_hold": {
      "return": -0.03515079961360956,
      "max_drawdown": -0.1348763352901549,
      "sharpe": -0.28952041678134377
    },
    "excess_return_vs_bh": -0.09734743826749004,
    "invalid_actions": 0
  },
  "MARUTI": {
    "return": 0.0,
    "max_drawdown": 0.0,
    "sharpe": 0.0,
    "buy_hold": {
      "return": -0.1459195900015422,
      "max_drawdown": -0.20443700168943946,
      "sharpe": -1.4169504754754652
    },
    "excess_return_vs_bh": 0.1459195900015422,
    "invalid_actions": 0
  },
  "NTPC": {
    "return": -0.18389254111304532,
    "max_drawdown": -0.23797081383672739,
    "sharpe": -1.6071745184023782,
    "buy_hold": {
      "return": -0.14067159341371716,
      "max_drawdown": -0.2522563176895308,
      "sharpe": -1.2211789984020982
    },
    "excess_return_vs_bh": -0.04322094769932816,
    "invalid_actions": 0
  },
  "RELIANCE": {
    "return": -0.10621629224569906,
    "max_drawdown": -0.10981326498221083,
    "sharpe": -2.3598643127911707,
    "buy_hold": {
      "return": -0.2419859754570498,
      "max_drawdown": -0.24536689206110696,
      "sharpe": -3.011143693673078
    },
    "excess_return_vs_bh": 0.13576968321135074,
    "invalid_actions": 0
  },
  "SBIN": {
    "return": 0.04550744028103049,
    "max_drawdown": -0.03986793745717319,
    "sharpe": 0.7038394651657809,
    "buy_hold": {
      "return": -0.10557667215067801,
      "max_drawdown": -0.13983548766157458,
      "sharpe": -0.9362767676403154
    },
    "excess_return_vs_bh": 0.1510841124317085,
    "invalid_actions": 0
  },
  "TATASTEEL": {
    "return": 0.0,
    "max_drawdown": 0.0,
    "sharpe": 0.0,
    "buy_hold": {
      "return": -0.17918507609229273,
      "max_drawdown": -0.18790601663529852,
      "sharpe": -1.433688647656228
    },
    "excess_return_vs_bh": 0.17918507609229273,
    "invalid_actions": 0
  },
  "TCS": {
    "return": 0.0,
    "max_drawdown": 0.0,
    "sharpe": 0.0,
    "buy_hold": {
      "return": -0.0024944833541206135,
      "max_drawdown": -0.1294757068350261,
      "sharpe": -0.019791651245629243
    },
    "excess_return_vs_bh": 0.0024944833541206135,
    "invalid_actions": 0
  },
  "TMPV": {
    "return": 0.0,
    "max_drawdown": 0.0,
    "sharpe": 0.0,
    "buy_hold": {
      "return": -0.283901609130219,
      "max_drawdown": -0.3783986499156197,
      "sharpe": -2.045231768323485
    },
    "excess_return_vs_bh": 0.283901609130219,
    "invalid_actions": 0
  }
}