{
  "HCLTECH": {
    "return": -0.06741073582668256,
    "max_drawdown": -0.11711641831080145,
    "sharpe": -1.0595842365514896,
    "buy_hold": {
      "return": 0.22894367991845077,
      "max_drawdown": -0.0610925604380926,
      "sharpe": 2.0682029457179767
    },
    "excess_return_vs_bh": -0.2963544157451333,
    "invalid_actions": 0
  },
  "HDFCBANK": {
    "return": 0.009655153805538275,
    "max_drawdown": -0.12335349012003632,
    "sharpe": 0.13889908212815372,
    "buy_hold": {
      "return": 0.09617755856966714,
      "max_drawdown": -0.09285634181899745,
      "sharpe": 1.0276887181776813
    },
    "excess_return_vs_bh": -0.08652240476412887,
    "invalid_actions": 0
  },
  "HINDUNILVR": {
    "return": -0.010700316076340477,
    "max_drawdown": -0.06334988783479119,
    "sharpe": -0.2611800873796174,
    "buy_hold": {
      "return": -0.10563675914971571,
      "max_drawdown": -0.22974690858661734,
      "sharpe": -1.133894334827567
    },
    "excess_return_vs_bh": 0.09493644307337523,
    "invalid_actions": 0
  },
  "ICICIBANK": {
    "return": -0.09520305265898954,
    "max_drawdown": -0.12381912995782143,
    "sharpe": -1.3041881762596272,
    "buy_hold": {
      "return": 0.05260376438066583,
      "max_drawdown": -0.08625649071687407,
      "sharpe": 0.5525340074306977
    },
    "excess_return_vs_bh": -0.14780681703965537,
    "invalid_actions": 0
  },
  "INFY": {
    "return": -0.10226780104257738,
    "max_drawdown": -0.13664911700728977,
    "sharpe": -1.981812995707382,
    "buy_hold": {
      "return": 0.11654608828095259,
      "max_drawdown": -0.10868350185458055,
      "sharpe": 1.031910981822248
    },
    "excess_return_vs_bh": -0.21881388932352996,
    "invalid_actions": 0
  },
  "ITC": {
    "return": -0.020867849681357686,
    "max_drawdown": -0.15804075084638647,
    "sharpe": -0.1864460909570126,
    "buy_hold": {
      "return": 0.029316367265469045,
      "max_drawdown": -0.12551144531681957,
      "sharpe": 0.2538486653051062
    },
    "excess_return_vs_bh": -0.05018421694682673,
    "invalid_actions": 0
  },
  "JSWSTEEL": {
    "return": -0.07392856680802773,
    "max_drawdown": -0.13872949924278768,
    "sharpe": -0.8017330048034138,
    "buy_hold": {
      "return": -0.03515079961360956,
      "max_drawdown": -0.1348763352901549,
      "sharpe": -0.28952041678134377
    },
    "excess_return_vs_bh": -0.03877776719441817,
    "invalid_actions": 0
  },
  "MARUTI": {
    "return": 0.0,
    "max_drawdown": 0.0,
    "sharpe": 0.0,
    "buy_hold": {
      "return": -0.1459195900015422,
      "max_drawdown": -0.20443700168943946,
      "sharpe": -1.4169504754754652
    },
    "excess_return_vs_bh": 0.1459195900015422,
    "invalid_actions": 0
  },
  "NTPC": {
    "return": -0.14307450541786282,
    "max_drawdown": -0.2494326648750964,
    "sharpe": -1.2687467819621916,
    "buy_hold": {
      "return": -0.14067159341371716,
      "max_drawdown": -0.2522563176895308,
      "sharpe": -1.2211789984020982
    },
    "excess_return_vs_bh": -0.002402912004145663,
    "invalid_actions": 0
  },
  "RELIANCE": {
    "return": -0.209297864857665,
    "max_drawdown": -0.2085063712288939,
    "sharpe": -3.2645963170307617,
    "buy_hold": {
      "return": -0.2419859754570498,
      "max_drawdown": -0.24536689206110696,
      "sharpe": -3.011143693673078
    },
    "excess_return_vs_bh": 0.03268811059938481,
    "invalid_actions": 0
  },
  "SBIN": {
    "return": -0.114129227983921,
    "max_drawdown": -0.13663754427390792,
    "sharpe": -0.999464497260136,
    "buy_hold": {
      "return": -0.10557667215067801,
      "max_drawdown": -0.13983548766157458,
      "sharpe": -0.9362767676403154
    },
    "excess_return_vs_bh": -0.008552555833242992,
    "invalid_actions": 0
  },
  "TATASTEEL": {
    "return": -0.17416569141483318,
    "max_drawdown": -0.18131209410611457,
    "sharpe": -1.37435902794377,
    "buy_hold": {
      "return": -0.17918507609229273,
      "max_drawdown": -0.18790601663529852,
      "sharpe": -1.433688647656228
    },
    "excess_return_vs_bh": 0.0050193846774595485,
    "invalid_actions": 0
  },
  "TCS": {
    "return": 0.0,
    "max_drawdown": 0.0,
    "sharpe": 0.0,
    "buy_hold": {
      "return": -0.0024944833541206135,
      "max_drawdown": -0.1294757068350261,
      "sharpe": -0.019791651245629243
    },
    "excess_return_vs_bh": 0.0024944833541206135,
    "invalid_actions": 0
  },
  "TMPV": {
    "return": -0.2810037742481707,
    "max_drawdown": -0.3224317303121591,
    "sharpe": -2.330357194748955,
    "buy_hold": {
      "return": -0.283901609130219,
      "max_drawdown": -0.3783986499156197,
      "sharpe": -2.045231768323485
    },
    "excess_return_vs_bh": 0.0028978348820483113,
    "invalid_actions": 0
  }
}