{
  "HCLTECH": {
    "return": 0.08818224277330611,
    "max_drawdown": -0.060552938883115213,
    "sharpe": 1.1026796643414205,
    "buy_hold": {
      "return": 0.22894367991845077,
      "max_drawdown": -0.0610925604380926,
      "sharpe": 2.0682029457179767
    },
    "excess_return_vs_bh": -0.14076143714514466,
    "invalid_actions": 0
  },
  "HDFCBANK": {
    "return": 0.10816960964942424,
    "max_drawdown": -0.07245465975103735,
    "sharpe": 1.1685443324916402,
    "buy_hold": {
      "return": 0.09617755856966714,
      "max_drawdown": -0.09285634181899745,
      "sharpe": 1.0276887181776813
    },
    "excess_return_vs_bh": 0.011992051079757093,
    "invalid_actions": 0
  },
  "HINDUNILVR": {
    "return": -0.0018290182772922048,
    "max_drawdown": -0.03487300428461898,
    "sharpe": -0.018303502988963865,
    "buy_hold": {
      "return": -0.10563675914971571,
      "max_drawdown": -0.22974690858661734,
      "sharpe": -1.133894334827567
    },
    "excess_return_vs_bh": 0.1038077408724235,
    "invalid_actions": 0
  },
  "ICICIBANK": {
    "return": 0.013077390580204407,
    "max_drawdown": -0.08717023422615724,
    "sharpe": 0.14903812830301338,
    "buy_hold": {
      "return": 0.05260376438066583,
      "max_drawdown": -0.08625649071687407,
      "sharpe": 0.5525340074306977
    },
    "excess_return_vs_bh": -0.03952637380046142,
    "invalid_actions": 0
  },
  "INFY": {
    "return": 0.042474426299165646,
    "max_drawdown": -0.09427836733672523,
    "sharpe": 0.49419471552711713,
    "buy_hold": {
      "return": 0.11654608828095259,
      "max_drawdown": -0.10868350185458055,
      "sharpe": 1.031910981822248
    },
    "excess_return_vs_bh": -0.07407166198178694,
    "invalid_actions": 0
  },
  "ITC": {
    "return": 0.024185955705308126,
    "max_drawdown": -0.12842241811090943,
    "sharpe": 0.21956314893544693,
    "buy_hold": {
      "return": 0.029316367265469045,
      "max_drawdown": -0.12551144531681957,
      "sharpe": 0.2538486653051062
    },
    "excess_return_vs_bh": -0.005130411560160919,
    "invalid_actions": 0
  },
  "JSWSTEEL": {
    "return": -0.030531096212764952,
    "max_drawdown": -0.10681368653775639,
    "sharpe": -0.25707948140583375,
    "buy_hold": {
      "return": -0.03515079961360956,
      "max_drawdown": -0.1348763352901549,
      "sharpe": -0.28952041678134377
    },
    "excess_return_vs_bh": 0.00461970340084461,
    "invalid_actions": 0
  },
  "MARUTI": {
    "return": 0.0,
    "max_drawdown": 0.0,
    "sharpe": 0.0,
    "buy_hold": {
      "return": -0.1459195900015422,
      "max_drawdown": -0.20443700168943946,
      "sharpe": -1.4169504754754652
    },
    "excess_return_vs_bh": 0.1459195900015422,
    "invalid_actions": 0
  },
  "NTPC": {
    "return": -0.1118144425543548,
    "max_drawdown": -0.23175657307453712,
    "sharpe": -1.0150376456881751,
    "buy_hold": {
      "return": -0.14067159341371716,
      "max_drawdown": -0.2522563176895308,
      "sharpe": -1.2211789984020982
    },
    "excess_return_vs_bh": 0.028857150859362357,
    "invalid_actions": 0
  },
  "RELIANCE": {
    "return": -0.25259252532192455,
    "max_drawdown": -0.2533536866551656,
    "sharpe": -3.5904421136331983,
    "buy_hold": {
      "return": -0.2419859754570498,
      "max_drawdown": -0.24536689206110696,
      "sharpe": -3.011143693673078
    },
    "excess_return_vs_bh": -0.010606549864874748,
    "invalid_actions": 0
  },
  "SBIN": {
    "return": -0.10647109547852729,
    "max_drawdown": -0.13983548766157458,
    "sharpe": -0.936276767640314,
    "buy_hold": {
      "return": -0.10557667215067801,
      "max_drawdown": -0.13983548766157458,
      "sharpe": -0.9362767676403154
    },
    "excess_return_vs_bh": -0.0008944233278492808,
    "invalid_actions": 0
  },
  "TATASTEEL": {
    "return": 0.0,
    "max_drawdown": 0.0,
    "sharpe": 0.0,
    "buy_hold": {
      "return": -0.17918507609229273,
      "max_drawdown": -0.18790601663529852,
      "sharpe": -1.433688647656228
    },
    "excess_return_vs_bh": 0.17918507609229273,
    "invalid_actions": 0
  },
  "TCS": {
    "return": -0.09433170539852831,
    "max_drawdown": -0.09452858422982618,
    "sharpe": -3.547565518779718,
    "buy_hold": {
      "return": -0.0024944833541206135,
      "max_drawdown": -0.1294757068350261,
      "sharpe": -0.019791651245629243
    },
    "excess_return_vs_bh": -0.0918372220444077,
    "invalid_actions": 0
  },
  "TMPV": {
    "return": -0.030104188536992038,
    "max_drawdown": -0.1690994537577698,
    "sharpe": -0.1830450562827616,
    "buy_hold": {
      "return": -0.283901609130219,
      "max_drawdown": -0.3783986499156197,
      "sharpe": -2.045231768323485
    },
    "excess_return_vs_bh": 0.25379742059322696,
    "invalid_actions": 0
  }
}