{
  "HCLTECH": {
    "return": -0.11988758401761013,
    "max_drawdown": -0.15032538659873534,
    "sharpe": -1.680260615526467,
    "buy_hold": {
      "return": 0.22894367991845077,
      "max_drawdown": -0.0610925604380926,
      "sharpe": 2.0682029457179767
    },
    "excess_return_vs_bh": -0.3488312639360609,
    "invalid_actions": 0
  },
  "HDFCBANK": {
    "return": 0.037456692716425044,
    "max_drawdown": -0.09285634181899728,
    "sharpe": 0.4663053950560764,
    "buy_hold": {
      "return": 0.09617755856966714,
      "max_drawdown": -0.09285634181899745,
      "sharpe": 1.0276887181776813
    },
    "excess_return_vs_bh": -0.0587208658532421,
    "invalid_actions": 0
  },
  "HINDUNILVR": {
    "return": 0.003562519463849556,
    "max_drawdown": -0.03745898546258781,
    "sharpe": 0.13370917573889396,
    "buy_hold": {
      "return": -0.10563675914971571,
      "max_drawdown": -0.22974690858661734,
      "sharpe": -1.133894334827567
    },
    "excess_return_vs_bh": 0.10919927861356526,
    "invalid_actions": 0
  },
  "ICICIBANK": {
    "return": -0.022373662108228998,
    "max_drawdown": -0.06389376014238601,
    "sharpe": -0.46839659819360246,
    "buy_hold": {
      "return": 0.05260376438066583,
      "max_drawdown": -0.08625649071687407,
      "sharpe": 0.5525340074306977
    },
    "excess_return_vs_bh": -0.07497742648889483,
    "invalid_actions": 0
  },
  "INFY": {
    "return": -0.06368513495009098,
    "max_drawdown": -0.11579986923823946,
    "sharpe": -1.0148099345986243,
    "buy_hold": {
      "return": 0.11654608828095259,
      "max_drawdown": -0.10868350185458055,
      "sharpe": 1.031910981822248
    },
    "excess_return_vs_bh": -0.18023122323104357,
    "invalid_actions": 0
  },
  "ITC": {
    "return": 0.029734902387568152,
    "max_drawdown": -0.12144001757400846,
    "sharpe": 0.26161077331688515,
    "buy_hold": {
      "return": 0.029316367265469045,
      "max_drawdown": -0.12551144531681957,
      "sharpe": 0.2538486653051062
    },
    "excess_return_vs_bh": 0.00041853512209910626,
    "invalid_actions": 0
  },
  "JSWSTEEL": {
    "return": -0.11163547607954027,
    "max_drawdown": -0.13570085704142673,
    "sharpe": -1.3755418978133895,
    "buy_hold": {
      "return": -0.03515079961360956,
      "max_drawdown": -0.1348763352901549,
      "sharpe": -0.28952041678134377
    },
    "excess_return_vs_bh": -0.07648467646593071,
    "invalid_actions": 0
  },
  "MARUTI": {
    "return": 0.0199290865496069,
    "max_drawdown": -0.006758970935993168,
    "sharpe": 1.1043072269210337,
    "buy_hold": {
      "return": -0.1459195900015422,
      "max_drawdown": -0.20443700168943946,
      "sharpe": -1.4169504754754652
    },
    "excess_return_vs_bh": 0.1658486765511491,
    "invalid_actions": 0
  },
  "NTPC": {
    "return": -0.08297351311134893,
    "max_drawdown": -0.12069404437295114,
    "sharpe": -0.9601848543278925,
    "buy_hold": {
      "return": -0.14067159341371716,
      "max_drawdown": -0.2522563176895308,
      "sharpe": -1.2211789984020982
    },
    "excess_return_vs_bh": 0.057698080302368226,
    "invalid_actions": 0
  },
  "RELIANCE": {
    "return": -0.03827859643631981,
    "max_drawdown": -0.08476017826550991,
    "sharpe": -0.8714753321375797,
    "buy_hold": {
      "return": -0.2419859754570498,
      "max_drawdown": -0.24536689206110696,
      "sharpe": -3.011143693673078
    },
    "excess_return_vs_bh": 0.20370737902073,
    "invalid_actions": 0
  },
  "SBIN": {
    "return": -0.2397772953041568,
    "max_drawdown": -0.23901631161577258,
    "sharpe": -3.3097322252413357,
    "buy_hold": {
      "return": -0.10557667215067801,
      "max_drawdown": -0.13983548766157458,
      "sharpe": -0.9362767676403154
    },
    "excess_return_vs_bh": -0.1342006231534788,
    "invalid_actions": 0
  },
  "TATASTEEL": {
    "return": 0.0,
    "max_drawdown": 0.0,
    "sharpe": 0.0,
    "buy_hold": {
      "return": -0.17918507609229273,
      "max_drawdown": -0.18790601663529852,
      "sharpe": -1.433688647656228
    },
    "excess_return_vs_bh": 0.17918507609229273,
    "invalid_actions": 0
  },
  "TCS": {
    "return": -0.01688775442242818,
    "max_drawdown": -0.02512342142418997,
    "sharpe": -1.127450917427151,
    "buy_hold": {
      "return": -0.0024944833541206135,
      "max_drawdown": -0.1294757068350261,
      "sharpe": -0.019791651245629243
    },
    "excess_return_vs_bh": -0.014393271068307567,
    "invalid_actions": 0
  },
  "TMPV": {
    "return": -0.2764262048308689,
    "max_drawdown": -0.30751526316516214,
    "sharpe": -3.0844296171471757,
    "buy_hold": {
      "return": -0.283901609130219,
      "max_drawdown": -0.3783986499156197,
      "sharpe": -2.045231768323485
    },
    "excess_return_vs_bh": 0.007475404299350119,
    "invalid_actions": 0
  }
}