{
  "HCLTECH": {
    "return": 0.0,
    "max_drawdown": 0.0,
    "sharpe": 0.0,
    "buy_hold": {
      "return": -0.06843152521844442,
      "max_drawdown": -0.20748623006603806,
      "sharpe": -0.3370285751323063
    },
    "excess_return_vs_bh": 0.06843152521844442,
    "invalid_actions": 0
  },
  "HDFCBANK": {
    "return": 0.1287339489320909,
    "max_drawdown": -0.07314416752811985,
    "sharpe": 0.8138978145161241,
    "buy_hold": {
      "return": 0.15502972374402613,
      "max_drawdown": -0.06752887748050138,
      "sharpe": 0.8970790373759403
    },
    "excess_return_vs_bh": -0.026295774811935235,
    "invalid_actions": 0
  },
  "HINDUNILVR": {
    "return": 0.0,
    "max_drawdown": 0.0,
    "sharpe": 0.0,
    "buy_hold": {
      "return": -0.030172139998729586,
      "max_drawdown": -0.1604397236871426,
      "sharpe": -0.1793430696107278
    },
    "excess_return_vs_bh": 0.030172139998729586,
    "invalid_actions": 0
  },
  "ICICIBANK": {
    "return": 0.0,
    "max_drawdown": 0.0,
    "sharpe": 0.0,
    "buy_hold": {
      "return": 0.06328211626801838,
      "max_drawdown": -0.11299207308880804,
      "sharpe": 0.3863406143377085
    },
    "excess_return_vs_bh": -0.06328211626801838,
    "invalid_actions": 0
  },
  "INFY": {
    "return": 0.0,
    "max_drawdown": 0.0,
    "sharpe": 0.0,
    "buy_hold": {
      "return": -0.13758442801680582,
      "max_drawdown": -0.25716640961548687,
      "sharpe": -0.5957437939577157
    },
    "excess_return_vs_bh": 0.13758442801680582,
    "invalid_actions": 0
  },
  "ITC": {
    "return": -0.0914371333344971,
    "max_drawdown": -0.12451864102443255,
    "sharpe": -0.735129435737184,
    "buy_hold": {
      "return": -0.06226591760299616,
      "max_drawdown": -0.1040867012869721,
      "sharpe": -0.5216782441483879
    },
    "excess_return_vs_bh": -0.029171215731500943,
    "invalid_actions": 0
  },
  "JSWSTEEL": {
    "return": 0.16471880707577413,
    "max_drawdown": -0.12635567114862542,
    "sharpe": 0.8131193979624081,
    "buy_hold": {
      "return": 0.15894281394985144,
      "max_drawdown": -0.12500000000000017,
      "sharpe": 0.6941873173403118
    },
    "excess_return_vs_bh": 0.005775993125922696,
    "invalid_actions": 0
  },
  "MARUTI": {
    "return": -0.03597060529913465,
    "max_drawdown": -0.0665038541303219,
    "sharpe": -0.6149620004801654,
    "buy_hold": {
      "return": 0.2903900935992094,
      "max_drawdown": -0.12177586574423971,
      "sharpe": 1.2275984772195774
    },
    "excess_return_vs_bh": -0.32636069889834407,
    "invalid_actions": 0
  },
  "NTPC": {
    "return": -0.02754764899214701,
    "max_drawdown": -0.15582974055207216,
    "sharpe": -0.1651991955460797,
    "buy_hold": {
      "return": 0.04637681159420293,
      "max_drawdown": -0.1320343371031477,
      "sharpe": 0.2819268783750397
    },
    "excess_return_vs_bh": -0.07392446058634994,
    "invalid_actions": 0
  },
  "RELIANCE": {
    "return": 0.0,
    "max_drawdown": 0.0,
    "sharpe": 0.0,
    "buy_hold": {
      "return": 0.22825349978064047,
      "max_drawdown": -0.1216996432046707,
      "sharpe": 1.0530193879595573
    },
    "excess_return_vs_bh": -0.22825349978064047,
    "invalid_actions": 0
  },
  "SBIN": {
    "return": 0.2533741382958472,
    "max_drawdown": -0.06514657980456023,
    "sharpe": 1.3617688785194206,
    "buy_hold": {
      "return": 0.32118621064060826,
      "max_drawdown": -0.06514657980456029,
      "sharpe": 1.7731559069766059
    },
    "excess_return_vs_bh": -0.06781207234476105,
    "invalid_actions": 0
  },
  "TATASTEEL": {
    "return": 0.2802960889851347,
    "max_drawdown": -0.2003603139879037,
    "sharpe": 0.8371910233569669,
    "buy_hold": {
      "return": 0.342087182227651,
      "max_drawdown": -0.2003603139879037,
      "sharpe": 0.9850719275437082
    },
    "excess_return_vs_bh": -0.061791093242516304,
    "invalid_actions": 0
  },
  "TCS": {
    "return": 0.0,
    "max_drawdown": 0.0,
    "sharpe": 0.0,
    "buy_hold": {
      "return": -0.1957294492128958,
      "max_drawdown": -0.2845093449262438,
      "sharpe": -1.2415209073772508
    },
    "excess_return_vs_bh": 0.1957294492128958,
    "invalid_actions": 0
  },
  "TMPV": {
    "return": -0.22116683638354662,
    "max_drawdown": -0.3126501066362502,
    "sharpe": -0.7353241918869049,
    "buy_hold": {
      "return": -0.24509599332220366,
      "max_drawdown": -0.3226824457593689,
      "sharpe": -0.8414785739183713
    },
    "excess_return_vs_bh": 0.023929156938657048,
    "invalid_actions": 0
  }
}