{
  "HCLTECH": {
    "return": 0.0,
    "max_drawdown": 0.0,
    "sharpe": 0.0,
    "buy_hold": {
      "return": 0.22894367991845077,
      "max_drawdown": -0.0610925604380926,
      "sharpe": 2.0682029457179767
    },
    "excess_return_vs_bh": -0.22894367991845077,
    "invalid_actions": 0
  },
  "HDFCBANK": {
    "return": 0.08966433149139252,
    "max_drawdown": -0.09285634181899734,
    "sharpe": 0.9585528926436497,
    "buy_hold": {
      "return": 0.09617755856966714,
      "max_drawdown": -0.09285634181899745,
      "sharpe": 1.0276887181776813
    },
    "excess_return_vs_bh": -0.006513227078274619,
    "invalid_actions": 0
  },
  "HINDUNILVR": {
    "return": -0.07462585911473896,
    "max_drawdown": -0.09086349761057011,
    "sharpe": -1.5749789309156386,
    "buy_hold": {
      "return": -0.10563675914971571,
      "max_drawdown": -0.22974690858661734,
      "sharpe": -1.133894334827567
    },
    "excess_return_vs_bh": 0.03101090003497675,
    "invalid_actions": 0
  },
  "ICICIBANK": {
    "return": 0.0,
    "max_drawdown": 0.0,
    "sharpe": 0.0,
    "buy_hold": {
      "return": 0.05260376438066583,
      "max_drawdown": -0.08625649071687407,
      "sharpe": 0.5525340074306977
    },
    "excess_return_vs_bh": -0.05260376438066583,
    "invalid_actions": 0
  },
  "INFY": {
    "return": -0.0073045908718337715,
    "max_drawdown": -0.007351847787259432,
    "sharpe": -1.4084920658792055,
    "buy_hold": {
      "return": 0.11654608828095259,
      "max_drawdown": -0.10868350185458055,
      "sharpe": 1.031910981822248
    },
    "excess_return_vs_bh": -0.12385067915278636,
    "invalid_actions": 0
  },
  "ITC": {
    "return": 0.031181900910222993,
    "max_drawdown": -0.12551144531681965,
    "sharpe": 0.27596552972668803,
    "buy_hold": {
      "return": 0.029316367265469045,
      "max_drawdown": -0.12551144531681957,
      "sharpe": 0.2538486653051062
    },
    "excess_return_vs_bh": 0.0018655336447539472,
    "invalid_actions": 0
  },
  "JSWSTEEL": {
    "return": -0.03350255854994488,
    "max_drawdown": -0.05960753559624332,
    "sharpe": -0.856233179582568,
    "buy_hold": {
      "return": -0.03515079961360956,
      "max_drawdown": -0.1348763352901549,
      "sharpe": -0.28952041678134377
    },
    "excess_return_vs_bh": 0.0016482410636646794,
    "invalid_actions": 0
  },
  "MARUTI": {
    "return": -0.23017058599882645,
    "max_drawdown": -0.23624320075954158,
    "sharpe": -3.1908929191827187,
    "buy_hold": {
      "return": -0.1459195900015422,
      "max_drawdown": -0.20443700168943946,
      "sharpe": -1.4169504754754652
    },
    "excess_return_vs_bh": -0.08425099599728425,
    "invalid_actions": 0
  },
  "NTPC": {
    "return": -0.16337918511498817,
    "max_drawdown": -0.2514310468382541,
    "sharpe": -1.3522112193813027,
    "buy_hold": {
      "return": -0.14067159341371716,
      "max_drawdown": -0.2522563176895308,
      "sharpe": -1.2211789984020982
    },
    "excess_return_vs_bh": -0.022707591701271013,
    "invalid_actions": 0
  },
  "RELIANCE": {
    "return": 0.007006161227777197,
    "max_drawdown": -0.025794224082884565,
    "sharpe": 0.2278799515487936,
    "buy_hold": {
      "return": -0.2419859754570498,
      "max_drawdown": -0.24536689206110696,
      "sharpe": -3.011143693673078
    },
    "excess_return_vs_bh": 0.248992136684827,
    "invalid_actions": 0
  },
  "SBIN": {
    "return": 0.0,
    "max_drawdown": 0.0,
    "sharpe": 0.0,
    "buy_hold": {
      "return": -0.10557667215067801,
      "max_drawdown": -0.13983548766157458,
      "sharpe": -0.9362767676403154
    },
    "excess_return_vs_bh": 0.10557667215067801,
    "invalid_actions": 0
  },
  "TATASTEEL": {
    "return": 0.0520052030698932,
    "max_drawdown": -0.04619511030221732,
    "sharpe": 1.120865367978775,
    "buy_hold": {
      "return": -0.17918507609229273,
      "max_drawdown": -0.18790601663529852,
      "sharpe": -1.433688647656228
    },
    "excess_return_vs_bh": 0.23119027916218593,
    "invalid_actions": 0
  },
  "TCS": {
    "return": -0.03415334442924223,
    "max_drawdown": -0.09682671202511028,
    "sharpe": -0.6948630066830344,
    "buy_hold": {
      "return": -0.0024944833541206135,
      "max_drawdown": -0.1294757068350261,
      "sharpe": -0.019791651245629243
    },
    "excess_return_vs_bh": -0.031658861075121614,
    "invalid_actions": 0
  },
  "TMPV": {
    "return": 0.02550620532676784,
    "max_drawdown": -0.022937785353229743,
    "sharpe": 1.04794108433152,
    "buy_hold": {
      "return": -0.283901609130219,
      "max_drawdown": -0.3783986499156197,
      "sharpe": -2.045231768323485
    },
    "excess_return_vs_bh": 0.30940781445698684,
    "invalid_actions": 0
  }
}