{
  "HCLTECH": {
    "return": 0.01247065804065084,
    "max_drawdown": -0.052039805626545727,
    "sharpe": 0.1878201967848587,
    "buy_hold": {
      "return": 0.22894367991845077,
      "max_drawdown": -0.0610925604380926,
      "sharpe": 2.0682029457179767
    },
    "excess_return_vs_bh": -0.21647302187779993,
    "invalid_actions": 0
  },
  "HDFCBANK": {
    "return": 0.07326996336902702,
    "max_drawdown": -0.0928563418189974,
    "sharpe": 0.784663444499949,
    "buy_hold": {
      "return": 0.09617755856966714,
      "max_drawdown": -0.09285634181899745,
      "sharpe": 1.0276887181776813
    },
    "excess_return_vs_bh": -0.02290759520064012,
    "invalid_actions": 0
  },
  "HINDUNILVR": {
    "return": -0.20435745458502774,
    "max_drawdown": -0.22668313795414813,
    "sharpe": -3.5148214532019475,
    "buy_hold": {
      "return": -0.10563675914971571,
      "max_drawdown": -0.22974690858661734,
      "sharpe": -1.133894334827567
    },
    "excess_return_vs_bh": -0.09872069543531203,
    "invalid_actions": 0
  },
  "ICICIBANK": {
    "return": -0.026675985421080073,
    "max_drawdown": -0.09683102178963685,
    "sharpe": -0.3029674005060022,
    "buy_hold": {
      "return": 0.05260376438066583,
      "max_drawdown": -0.08625649071687407,
      "sharpe": 0.5525340074306977
    },
    "excess_return_vs_bh": -0.0792797498017459,
    "invalid_actions": 0
  },
  "INFY": {
    "return": -0.09352923654845735,
    "max_drawdown": -0.1592072870622043,
    "sharpe": -1.089351521764769,
    "buy_hold": {
      "return": 0.11654608828095259,
      "max_drawdown": -0.10868350185458055,
      "sharpe": 1.031910981822248
    },
    "excess_return_vs_bh": -0.21007532482940994,
    "invalid_actions": 0
  },
  "ITC": {
    "return": 0.028287050898203603,
    "max_drawdown": -0.12551144531681963,
    "sharpe": 0.2538486653051068,
    "buy_hold": {
      "return": 0.029316367265469045,
      "max_drawdown": -0.12551144531681957,
      "sharpe": 0.2538486653051062
    },
    "excess_return_vs_bh": -0.0010293163672654426,
    "invalid_actions": 0
  },
  "JSWSTEEL": {
    "return": -0.016137911692518214,
    "max_drawdown": -0.11694553982711331,
    "sharpe": -0.11784517177899796,
    "buy_hold": {
      "return": -0.03515079961360956,
      "max_drawdown": -0.1348763352901549,
      "sharpe": -0.28952041678134377
    },
    "excess_return_vs_bh": 0.019012887921091348,
    "invalid_actions": 0
  },
  "MARUTI": {
    "return": 0.0,
    "max_drawdown": 0.0,
    "sharpe": 0.0,
    "buy_hold": {
      "return": -0.1459195900015422,
      "max_drawdown": -0.20443700168943946,
      "sharpe": -1.4169504754754652
    },
    "excess_return_vs_bh": 0.1459195900015422,
    "invalid_actions": 0
  },
  "NTPC": {
    "return": -0.14153092182030336,
    "max_drawdown": -0.2522563176895307,
    "sharpe": -1.221178998402097,
    "buy_hold": {
      "return": -0.14067159341371716,
      "max_drawdown": -0.2522563176895308,
      "sharpe": -1.2211789984020982
    },
    "excess_return_vs_bh": -0.0008593284065862017,
    "invalid_actions": 0
  },
  "RELIANCE": {
    "return": -0.22723646680937792,
    "max_drawdown": -0.22646292973911705,
    "sharpe": -2.7878108578671603,
    "buy_hold": {
      "return": -0.2419859754570498,
      "max_drawdown": -0.24536689206110696,
      "sharpe": -3.011143693673078
    },
    "excess_return_vs_bh": 0.014749508647671883,
    "invalid_actions": 0
  },
  "SBIN": {
    "return": -0.11826925554080936,
    "max_drawdown": -0.13983548766157458,
    "sharpe": -1.01858212123421,
    "buy_hold": {
      "return": -0.10557667215067801,
      "max_drawdown": -0.13983548766157458,
      "sharpe": -0.9362767676403154
    },
    "excess_return_vs_bh": -0.012692583390131351,
    "invalid_actions": 0
  },
  "TATASTEEL": {
    "return": -0.26682020833057996,
    "max_drawdown": -0.26670295532109867,
    "sharpe": -3.9305129101649365,
    "buy_hold": {
      "return": -0.17918507609229273,
      "max_drawdown": -0.18790601663529852,
      "sharpe": -1.433688647656228
    },
    "excess_return_vs_bh": -0.08763513223828723,
    "invalid_actions": 0
  },
  "TCS": {
    "return": -0.060591281521735874,
    "max_drawdown": -0.10255660067735181,
    "sharpe": -1.3553698074764566,
    "buy_hold": {
      "return": -0.0024944833541206135,
      "max_drawdown": -0.1294757068350261,
      "sharpe": -0.019791651245629243
    },
    "excess_return_vs_bh": -0.05809679816761526,
    "invalid_actions": 0
  },
  "TMPV": {
    "return": -0.2505312473747958,
    "max_drawdown": -0.3245110479099104,
    "sharpe": -2.234487394728296,
    "buy_hold": {
      "return": -0.283901609130219,
      "max_drawdown": -0.3783986499156197,
      "sharpe": -2.045231768323485
    },
    "excess_return_vs_bh": 0.033370361755423184,
    "invalid_actions": 0
  }
}