{
  "HCLTECH": {
    "return": 0.04779719073335742,
    "max_drawdown": -0.02207430113128104,
    "sharpe": 1.3954790555651055,
    "buy_hold": {
      "return": 0.22894367991845077,
      "max_drawdown": -0.0610925604380926,
      "sharpe": 2.0682029457179767
    },
    "excess_return_vs_bh": -0.18114648918509335,
    "invalid_actions": 0
  },
  "HDFCBANK": {
    "return": -0.14123113054365755,
    "max_drawdown": -0.14219784789881462,
    "sharpe": -2.6925145084577338,
    "buy_hold": {
      "return": 0.09617755856966714,
      "max_drawdown": -0.09285634181899745,
      "sharpe": 1.0276887181776813
    },
    "excess_return_vs_bh": -0.2374086891133247,
    "invalid_actions": 0
  },
  "HINDUNILVR": {
    "return": -0.08742140949277255,
    "max_drawdown": -0.09562997782682559,
    "sharpe": -1.648888529643276,
    "buy_hold": {
      "return": -0.10563675914971571,
      "max_drawdown": -0.22974690858661734,
      "sharpe": -1.133894334827567
    },
    "excess_return_vs_bh": 0.01821534965694316,
    "invalid_actions": 0
  },
  "ICICIBANK": {
    "return": -0.14091877215867343,
    "max_drawdown": -0.15108336410382936,
    "sharpe": -2.490203531629256,
    "buy_hold": {
      "return": 0.05260376438066583,
      "max_drawdown": -0.08625649071687407,
      "sharpe": 0.5525340074306977
    },
    "excess_return_vs_bh": -0.19352253653933926,
    "invalid_actions": 0
  },
  "INFY": {
    "return": 0.02302712271051588,
    "max_drawdown": -0.0526688556642744,
    "sharpe": 0.38660639629504595,
    "buy_hold": {
      "return": 0.11654608828095259,
      "max_drawdown": -0.10868350185458055,
      "sharpe": 1.031910981822248
    },
    "excess_return_vs_bh": -0.09351896557043671,
    "invalid_actions": 0
  },
  "ITC": {
    "return": 0.03136273156592395,
    "max_drawdown": -0.12551144531681968,
    "sharpe": 0.28334753194056517,
    "buy_hold": {
      "return": 0.029316367265469045,
      "max_drawdown": -0.12551144531681957,
      "sharpe": 0.2538486653051062
    },
    "excess_return_vs_bh": 0.002046364300454906,
    "invalid_actions": 0
  },
  "JSWSTEEL": {
    "return": -0.09854273746258035,
    "max_drawdown": -0.12334450030722387,
    "sharpe": -1.2235771711996888,
    "buy_hold": {
      "return": -0.03515079961360956,
      "max_drawdown": -0.1348763352901549,
      "sharpe": -0.28952041678134377
    },
    "excess_return_vs_bh": -0.06339193784897079,
    "invalid_actions": 0
  },
  "MARUTI": {
    "return": -0.06154915203336475,
    "max_drawdown": -0.06154915203336475,
    "sharpe": -1.9835944231273692,
    "buy_hold": {
      "return": -0.1459195900015422,
      "max_drawdown": -0.20443700168943946,
      "sharpe": -1.4169504754754652
    },
    "excess_return_vs_bh": 0.08437043796817745,
    "invalid_actions": 0
  },
  "NTPC": {
    "return": -0.17828892699472687,
    "max_drawdown": -0.25939663657693435,
    "sharpe": -1.485532765172223,
    "buy_hold": {
      "return": -0.14067159341371716,
      "max_drawdown": -0.2522563176895308,
      "sharpe": -1.2211789984020982
    },
    "excess_return_vs_bh": -0.037617333581009715,
    "invalid_actions": 0
  },
  "RELIANCE": {
    "return": -0.254849501534838,
    "max_drawdown": -0.2561113493264514,
    "sharpe": -4.218344719455038,
    "buy_hold": {
      "return": -0.2419859754570498,
      "max_drawdown": -0.24536689206110696,
      "sharpe": -3.011143693673078
    },
    "excess_return_vs_bh": -0.012863526077788179,
    "invalid_actions": 0
  },
  "SBIN": {
    "return": -0.2397772953041568,
    "max_drawdown": -0.23901631161577258,
    "sharpe": -3.3097322252413357,
    "buy_hold": {
      "return": -0.10557667215067801,
      "max_drawdown": -0.13983548766157458,
      "sharpe": -0.9362767676403154
    },
    "excess_return_vs_bh": -0.1342006231534788,
    "invalid_actions": 0
  },
  "TATASTEEL": {
    "return": 0.0,
    "max_drawdown": 0.0,
    "sharpe": 0.0,
    "buy_hold": {
      "return": -0.17918507609229273,
      "max_drawdown": -0.18790601663529852,
      "sharpe": -1.433688647656228
    },
    "excess_return_vs_bh": 0.17918507609229273,
    "invalid_actions": 0
  },
  "TCS": {
    "return": 0.0,
    "max_drawdown": 0.0,
    "sharpe": 0.0,
    "buy_hold": {
      "return": -0.0024944833541206135,
      "max_drawdown": -0.1294757068350261,
      "sharpe": -0.019791651245629243
    },
    "excess_return_vs_bh": 0.0024944833541206135,
    "invalid_actions": 0
  },
  "TMPV": {
    "return": -0.2764262048308689,
    "max_drawdown": -0.30751526316516214,
    "sharpe": -3.0844296171471757,
    "buy_hold": {
      "return": -0.283901609130219,
      "max_drawdown": -0.3783986499156197,
      "sharpe": -2.045231768323485
    },
    "excess_return_vs_bh": 0.007475404299350119,
    "invalid_actions": 0
  }
}