{
  "HCLTECH": {
    "return": 0.14282441783248845,
    "max_drawdown": -0.051359513577763666,
    "sharpe": 1.6463630641023956,
    "buy_hold": {
      "return": 0.22894367991845077,
      "max_drawdown": -0.0610925604380926,
      "sharpe": 2.0682029457179767
    },
    "excess_return_vs_bh": -0.08611926208596232,
    "invalid_actions": 0
  },
  "HDFCBANK": {
    "return": 0.052158990256211846,
    "max_drawdown": -0.07783738445737766,
    "sharpe": 0.5494597937924519,
    "buy_hold": {
      "return": 0.09617755856966714,
      "max_drawdown": -0.09285634181899745,
      "sharpe": 1.0276887181776813
    },
    "excess_return_vs_bh": -0.0440185683134553,
    "invalid_actions": 0
  },
  "HINDUNILVR": {
    "return": -0.19301999206268272,
    "max_drawdown": -0.2305171616780307,
    "sharpe": -2.2318615619193185,
    "buy_hold": {
      "return": -0.10563675914971571,
      "max_drawdown": -0.22974690858661734,
      "sharpe": -1.133894334827567
    },
    "excess_return_vs_bh": -0.08738323291296701,
    "invalid_actions": 0
  },
  "ICICIBANK": {
    "return": 0.07036829964339186,
    "max_drawdown": -0.07060557401994148,
    "sharpe": 0.7847585267817181,
    "buy_hold": {
      "return": 0.05260376438066583,
      "max_drawdown": -0.08625649071687407,
      "sharpe": 0.5525340074306977
    },
    "excess_return_vs_bh": 0.017764535262726033,
    "invalid_actions": 0
  },
  "INFY": {
    "return": 0.1193975717075626,
    "max_drawdown": -0.06764960629921239,
    "sharpe": 1.3214574149944476,
    "buy_hold": {
      "return": 0.11654608828095259,
      "max_drawdown": -0.10868350185458055,
      "sharpe": 1.031910981822248
    },
    "excess_return_vs_bh": 0.002851483426610013,
    "invalid_actions": 0
  },
  "ITC": {
    "return": 0.04505442941344895,
    "max_drawdown": -0.12551144531681963,
    "sharpe": 0.4383572247712411,
    "buy_hold": {
      "return": 0.029316367265469045,
      "max_drawdown": -0.12551144531681957,
      "sharpe": 0.2538486653051062
    },
    "excess_return_vs_bh": 0.015738062147979903,
    "invalid_actions": 0
  },
  "JSWSTEEL": {
    "return": -0.016975671413770543,
    "max_drawdown": -0.13126863361547755,
    "sharpe": -0.13978587683243582,
    "buy_hold": {
      "return": -0.03515079961360956,
      "max_drawdown": -0.1348763352901549,
      "sharpe": -0.28952041678134377
    },
    "excess_return_vs_bh": 0.01817512819983902,
    "invalid_actions": 0
  },
  "MARUTI": {
    "return": -0.19438161980016544,
    "max_drawdown": -0.2026174079378604,
    "sharpe": -2.0380432452699675,
    "buy_hold": {
      "return": -0.1459195900015422,
      "max_drawdown": -0.20443700168943946,
      "sharpe": -1.4169504754754652
    },
    "excess_return_vs_bh": -0.04846202979862324,
    "invalid_actions": 0
  },
  "NTPC": {
    "return": -0.17083067764855675,
    "max_drawdown": -0.2530040613718413,
    "sharpe": -1.408549124484958,
    "buy_hold": {
      "return": -0.14067159341371716,
      "max_drawdown": -0.2522563176895308,
      "sharpe": -1.2211789984020982
    },
    "excess_return_vs_bh": -0.030159084234839595,
    "invalid_actions": 0
  },
  "RELIANCE": {
    "return": -0.2427439894815927,
    "max_drawdown": -0.24536689206110696,
    "sharpe": -3.0111436936730853,
    "buy_hold": {
      "return": -0.2419859754570498,
      "max_drawdown": -0.24536689206110696,
      "sharpe": -3.011143693673078
    },
    "excess_return_vs_bh": -0.0007580140245428968,
    "invalid_actions": 0
  },
  "SBIN": {
    "return": -0.10647109547852729,
    "max_drawdown": -0.13983548766157458,
    "sharpe": -0.936276767640314,
    "buy_hold": {
      "return": -0.10557667215067801,
      "max_drawdown": -0.13983548766157458,
      "sharpe": -0.9362767676403154
    },
    "excess_return_vs_bh": -0.0008944233278492808,
    "invalid_actions": 0
  },
  "TATASTEEL": {
    "return": -0.18000589101620035,
    "max_drawdown": -0.18790601663529838,
    "sharpe": -1.4336886476562274,
    "buy_hold": {
      "return": -0.17918507609229273,
      "max_drawdown": -0.18790601663529852,
      "sharpe": -1.433688647656228
    },
    "excess_return_vs_bh": -0.0008208149239076201,
    "invalid_actions": 0
  },
  "TCS": {
    "return": -0.07988535680908637,
    "max_drawdown": -0.14346057925684033,
    "sharpe": -0.8184941011842856,
    "buy_hold": {
      "return": -0.0024944833541206135,
      "max_drawdown": -0.1294757068350261,
      "sharpe": -0.019791651245629243
    },
    "excess_return_vs_bh": -0.07739087345496576,
    "invalid_actions": 0
  },
  "TMPV": {
    "return": -0.2895862283479439,
    "max_drawdown": -0.3783986499156197,
    "sharpe": -2.1281335457408095,
    "buy_hold": {
      "return": -0.283901609130219,
      "max_drawdown": -0.3783986499156197,
      "sharpe": -2.045231768323485
    },
    "excess_return_vs_bh": -0.0056846192177248955,
    "invalid_actions": 0
  }
}