{
  "HCLTECH": {
    "return": 0.0,
    "max_drawdown": 0.0,
    "sharpe": 0.0,
    "buy_hold": {
      "return": 0.22894367991845077,
      "max_drawdown": -0.0610925604380926,
      "sharpe": 2.0682029457179767
    },
    "excess_return_vs_bh": -0.22894367991845077,
    "invalid_actions": 0
  },
  "HDFCBANK": {
    "return": 0.0649829499641934,
    "max_drawdown": -0.09285634181899749,
    "sharpe": 0.8803759255947168,
    "buy_hold": {
      "return": 0.09617755856966714,
      "max_drawdown": -0.09285634181899745,
      "sharpe": 1.0276887181776813
    },
    "excess_return_vs_bh": -0.03119460860547374,
    "invalid_actions": 0
  },
  "HINDUNILVR": {
    "return": -0.07347965945906809,
    "max_drawdown": -0.09626169304621524,
    "sharpe": -2.0579698459343927,
    "buy_hold": {
      "return": -0.10563675914971571,
      "max_drawdown": -0.22974690858661734,
      "sharpe": -1.133894334827567
    },
    "excess_return_vs_bh": 0.03215709969064762,
    "invalid_actions": 0
  },
  "ICICIBANK": {
    "return": 0.0,
    "max_drawdown": 0.0,
    "sharpe": 0.0,
    "buy_hold": {
      "return": 0.05260376438066583,
      "max_drawdown": -0.08625649071687407,
      "sharpe": 0.5525340074306977
    },
    "excess_return_vs_bh": -0.05260376438066583,
    "invalid_actions": 0
  },
  "INFY": {
    "return": 0.037154706507162016,
    "max_drawdown": -0.0014100385670838822,
    "sharpe": 1.3404784017227909,
    "buy_hold": {
      "return": 0.11654608828095259,
      "max_drawdown": -0.10868350185458055,
      "sharpe": 1.031910981822248
    },
    "excess_return_vs_bh": -0.07939138177379057,
    "invalid_actions": 0
  },
  "ITC": {
    "return": 0.018952650046219377,
    "max_drawdown": -0.12551144531681957,
    "sharpe": 0.17001463044521384,
    "buy_hold": {
      "return": 0.029316367265469045,
      "max_drawdown": -0.12551144531681957,
      "sharpe": 0.2538486653051062
    },
    "excess_return_vs_bh": -0.010363717219249668,
    "invalid_actions": 0
  },
  "JSWSTEEL": {
    "return": 0.0,
    "max_drawdown": 0.0,
    "sharpe": 0.0,
    "buy_hold": {
      "return": -0.03515079961360956,
      "max_drawdown": -0.1348763352901549,
      "sharpe": -0.28952041678134377
    },
    "excess_return_vs_bh": 0.03515079961360956,
    "invalid_actions": 0
  },
  "MARUTI": {
    "return": -0.07181699897360305,
    "max_drawdown": -0.07198862250384075,
    "sharpe": -2.26483802593354,
    "buy_hold": {
      "return": -0.1459195900015422,
      "max_drawdown": -0.20443700168943946,
      "sharpe": -1.4169504754754652
    },
    "excess_return_vs_bh": 0.07410259102793915,
    "invalid_actions": 0
  },
  "NTPC": {
    "return": -0.16300442452266106,
    "max_drawdown": -0.25225631768953055,
    "sharpe": -1.3298051939188136,
    "buy_hold": {
      "return": -0.14067159341371716,
      "max_drawdown": -0.2522563176895308,
      "sharpe": -1.2211789984020982
    },
    "excess_return_vs_bh": -0.022332831108943907,
    "invalid_actions": 0
  },
  "RELIANCE": {
    "return": -0.03502461618137542,
    "max_drawdown": -0.04320858360870425,
    "sharpe": -1.8108524153867493,
    "buy_hold": {
      "return": -0.2419859754570498,
      "max_drawdown": -0.24536689206110696,
      "sharpe": -3.011143693673078
    },
    "excess_return_vs_bh": 0.20696135927567438,
    "invalid_actions": 0
  },
  "SBIN": {
    "return": 0.0,
    "max_drawdown": 0.0,
    "sharpe": 0.0,
    "buy_hold": {
      "return": -0.10557667215067801,
      "max_drawdown": -0.13983548766157458,
      "sharpe": -0.9362767676403154
    },
    "excess_return_vs_bh": 0.10557667215067801,
    "invalid_actions": 0
  },
  "TATASTEEL": {
    "return": -0.1011556130553295,
    "max_drawdown": -0.10300116850875563,
    "sharpe": -1.4373938625577178,
    "buy_hold": {
      "return": -0.17918507609229273,
      "max_drawdown": -0.18790601663529852,
      "sharpe": -1.433688647656228
    },
    "excess_return_vs_bh": 0.07802946303696323,
    "invalid_actions": 0
  },
  "TCS": {
    "return": -0.027056601842686767,
    "max_drawdown": -0.03573564869685919,
    "sharpe": -1.6420979077881621,
    "buy_hold": {
      "return": -0.0024944833541206135,
      "max_drawdown": -0.1294757068350261,
      "sharpe": -0.019791651245629243
    },
    "excess_return_vs_bh": -0.024562118488566154,
    "invalid_actions": 0
  },
  "TMPV": {
    "return": 0.02550620532676784,
    "max_drawdown": -0.022937785353229743,
    "sharpe": 1.04794108433152,
    "buy_hold": {
      "return": -0.283901609130219,
      "max_drawdown": -0.3783986499156197,
      "sharpe": -2.045231768323485
    },
    "excess_return_vs_bh": 0.30940781445698684,
    "invalid_actions": 0
  }
}