{
  "HCLTECH": {
    "return": 0.19394470198609937,
    "max_drawdown": -0.06203146787765456,
    "sharpe": 1.7952853440931944,
    "buy_hold": {
      "return": 0.22894367991845077,
      "max_drawdown": -0.0610925604380926,
      "sharpe": 2.0682029457179767
    },
    "excess_return_vs_bh": -0.034998977932351405,
    "invalid_actions": 0
  },
  "HDFCBANK": {
    "return": 0.08140589175380852,
    "max_drawdown": -0.09285634181899757,
    "sharpe": 0.8978153225010503,
    "buy_hold": {
      "return": 0.09617755856966714,
      "max_drawdown": -0.09285634181899745,
      "sharpe": 1.0276887181776813
    },
    "excess_return_vs_bh": -0.01477166681585862,
    "invalid_actions": 0
  },
  "HINDUNILVR": {
    "return": -0.05371074847006119,
    "max_drawdown": -0.08353449097700542,
    "sharpe": -1.545162357362815,
    "buy_hold": {
      "return": -0.10563675914971571,
      "max_drawdown": -0.22974690858661734,
      "sharpe": -1.133894334827567
    },
    "excess_return_vs_bh": 0.05192601067965452,
    "invalid_actions": 0
  },
  "ICICIBANK": {
    "return": -0.16939960737564275,
    "max_drawdown": -0.17442132997337845,
    "sharpe": -2.967475228960893,
    "buy_hold": {
      "return": 0.05260376438066583,
      "max_drawdown": -0.08625649071687407,
      "sharpe": 0.5525340074306977
    },
    "excess_return_vs_bh": -0.22200337175630858,
    "invalid_actions": 0
  },
  "INFY": {
    "return": 0.04095852971470193,
    "max_drawdown": -0.11252668649743743,
    "sharpe": 0.37042254305218586,
    "buy_hold": {
      "return": 0.11654608828095259,
      "max_drawdown": -0.10868350185458055,
      "sharpe": 1.031910981822248
    },
    "excess_return_vs_bh": -0.07558755856625066,
    "invalid_actions": 0
  },
  "ITC": {
    "return": 0.0485357304681564,
    "max_drawdown": -0.1262893165228933,
    "sharpe": 0.515301603910309,
    "buy_hold": {
      "return": 0.029316367265469045,
      "max_drawdown": -0.12551144531681957,
      "sharpe": 0.2538486653051062
    },
    "excess_return_vs_bh": 0.019219363202687356,
    "invalid_actions": 0
  },
  "JSWSTEEL": {
    "return": -0.040369893383383926,
    "max_drawdown": -0.13126863361547753,
    "sharpe": -0.3508768826289677,
    "buy_hold": {
      "return": -0.03515079961360956,
      "max_drawdown": -0.1348763352901549,
      "sharpe": -0.28952041678134377
    },
    "excess_return_vs_bh": -0.005219093769774363,
    "invalid_actions": 0
  },
  "MARUTI": {
    "return": 0.0,
    "max_drawdown": 0.0,
    "sharpe": 0.0,
    "buy_hold": {
      "return": -0.1459195900015422,
      "max_drawdown": -0.20443700168943946,
      "sharpe": -1.4169504754754652
    },
    "excess_return_vs_bh": 0.1459195900015422,
    "invalid_actions": 0
  },
  "NTPC": {
    "return": -0.22499290528522142,
    "max_drawdown": -0.2514122290718064,
    "sharpe": -2.171816788051557,
    "buy_hold": {
      "return": -0.14067159341371716,
      "max_drawdown": -0.2522563176895308,
      "sharpe": -1.2211789984020982
    },
    "excess_return_vs_bh": -0.08432131187150427,
    "invalid_actions": 0
  },
  "RELIANCE": {
    "return": -0.18721704669823935,
    "max_drawdown": -0.19003227757813818,
    "sharpe": -2.5202120352103408,
    "buy_hold": {
      "return": -0.2419859754570498,
      "max_drawdown": -0.24536689206110696,
      "sharpe": -3.011143693673078
    },
    "excess_return_vs_bh": 0.05476892875881045,
    "invalid_actions": 0
  },
  "SBIN": {
    "return": -0.09521576148713884,
    "max_drawdown": -0.1034776931670734,
    "sharpe": -1.0736789188184968,
    "buy_hold": {
      "return": -0.10557667215067801,
      "max_drawdown": -0.13983548766157458,
      "sharpe": -0.9362767676403154
    },
    "excess_return_vs_bh": 0.010360910663539169,
    "invalid_actions": 0
  },
  "TATASTEEL": {
    "return": 0.10683187839406538,
    "max_drawdown": -0.049950116395078056,
    "sharpe": 1.3774135391059343,
    "buy_hold": {
      "return": -0.17918507609229273,
      "max_drawdown": -0.18790601663529852,
      "sharpe": -1.433688647656228
    },
    "excess_return_vs_bh": 0.2860169544863581,
    "invalid_actions": 0
  },
  "TCS": {
    "return": 0.010626887187149991,
    "max_drawdown": -0.0010000000000000009,
    "sharpe": 1.1435098563221942,
    "buy_hold": {
      "return": -0.0024944833541206135,
      "max_drawdown": -0.1294757068350261,
      "sharpe": -0.019791651245629243
    },
    "excess_return_vs_bh": 0.013121370541270605,
    "invalid_actions": 0
  },
  "TMPV": {
    "return": -0.21431141907130402,
    "max_drawdown": -0.2810140592475941,
    "sharpe": -2.513902202526221,
    "buy_hold": {
      "return": -0.283901609130219,
      "max_drawdown": -0.3783986499156197,
      "sharpe": -2.045231768323485
    },
    "excess_return_vs_bh": 0.06959019005891498,
    "invalid_actions": 0
  }
}