{
  "HCLTECH": {
    "return": -0.029664221081532216,
    "max_drawdown": -0.060454888462647606,
    "sharpe": -0.38797048424546404,
    "buy_hold": {
      "return": 0.22894367991845077,
      "max_drawdown": -0.0610925604380926,
      "sharpe": 2.0682029457179767
    },
    "excess_return_vs_bh": -0.258607900999983,
    "invalid_actions": 0
  },
  "HDFCBANK": {
    "return": 0.04565638516423731,
    "max_drawdown": -0.09285634181899742,
    "sharpe": 0.5288970245738002,
    "buy_hold": {
      "return": 0.09617755856966714,
      "max_drawdown": -0.09285634181899745,
      "sharpe": 1.0276887181776813
    },
    "excess_return_vs_bh": -0.05052117340542983,
    "invalid_actions": 0
  },
  "HINDUNILVR": {
    "return": -0.008425177769902148,
    "max_drawdown": -0.026898492616074465,
    "sharpe": -0.39704160130187194,
    "buy_hold": {
      "return": -0.10563675914971571,
      "max_drawdown": -0.22974690858661734,
      "sharpe": -1.133894334827567
    },
    "excess_return_vs_bh": 0.09721158137981356,
    "invalid_actions": 0
  },
  "ICICIBANK": {
    "return": -0.08374224585044932,
    "max_drawdown": -0.1175437883902047,
    "sharpe": -1.111897486728101,
    "buy_hold": {
      "return": 0.05260376438066583,
      "max_drawdown": -0.08625649071687407,
      "sharpe": 0.5525340074306977
    },
    "excess_return_vs_bh": -0.13634601023111514,
    "invalid_actions": 0
  },
  "INFY": {
    "return": -0.06736937927781439,
    "max_drawdown": -0.14906790054727947,
    "sharpe": -1.1094965005561086,
    "buy_hold": {
      "return": 0.11654608828095259,
      "max_drawdown": -0.10868350185458055,
      "sharpe": 1.031910981822248
    },
    "excess_return_vs_bh": -0.18391546755876698,
    "invalid_actions": 0
  },
  "ITC": {
    "return": -0.01153132786193789,
    "max_drawdown": -0.15310254234677653,
    "sharpe": -0.10208185048372323,
    "buy_hold": {
      "return": 0.029316367265469045,
      "max_drawdown": -0.12551144531681957,
      "sharpe": 0.2538486653051062
    },
    "excess_return_vs_bh": -0.040847695127406936,
    "invalid_actions": 0
  },
  "JSWSTEEL": {
    "return": -0.023800031128851762,
    "max_drawdown": -0.127918415026573,
    "sharpe": -0.19353179373607354,
    "buy_hold": {
      "return": -0.03515079961360956,
      "max_drawdown": -0.1348763352901549,
      "sharpe": -0.28952041678134377
    },
    "excess_return_vs_bh": 0.0113507684847578,
    "invalid_actions": 0
  },
  "MARUTI": {
    "return": 0.0,
    "max_drawdown": 0.0,
    "sharpe": 0.0,
    "buy_hold": {
      "return": -0.1459195900015422,
      "max_drawdown": -0.20443700168943946,
      "sharpe": -1.4169504754754652
    },
    "excess_return_vs_bh": 0.1459195900015422,
    "invalid_actions": 0
  },
  "NTPC": {
    "return": -0.14329132035416892,
    "max_drawdown": -0.25378965990942487,
    "sharpe": -1.2424832421908831,
    "buy_hold": {
      "return": -0.14067159341371716,
      "max_drawdown": -0.2522563176895308,
      "sharpe": -1.2211789984020982
    },
    "excess_return_vs_bh": -0.002619726940451761,
    "invalid_actions": 0
  },
  "RELIANCE": {
    "return": -0.28413221296548297,
    "max_drawdown": -0.28661175943209805,
    "sharpe": -4.316255536644978,
    "buy_hold": {
      "return": -0.2419859754570498,
      "max_drawdown": -0.24536689206110696,
      "sharpe": -3.011143693673078
    },
    "excess_return_vs_bh": -0.04214623750843316,
    "invalid_actions": 0
  },
  "SBIN": {
    "return": -0.09719648235402123,
    "max_drawdown": -0.13983548766157458,
    "sharpe": -0.8210525620916357,
    "buy_hold": {
      "return": -0.10557667215067801,
      "max_drawdown": -0.13983548766157458,
      "sharpe": -0.9362767676403154
    },
    "excess_return_vs_bh": 0.008380189796656778,
    "invalid_actions": 0
  },
  "TATASTEEL": {
    "return": -0.18000589101620035,
    "max_drawdown": -0.18790601663529838,
    "sharpe": -1.4336886476562274,
    "buy_hold": {
      "return": -0.17918507609229273,
      "max_drawdown": -0.18790601663529852,
      "sharpe": -1.433688647656228
    },
    "excess_return_vs_bh": -0.0008208149239076201,
    "invalid_actions": 0
  },
  "TCS": {
    "return": 0.0,
    "max_drawdown": 0.0,
    "sharpe": 0.0,
    "buy_hold": {
      "return": -0.0024944833541206135,
      "max_drawdown": -0.1294757068350261,
      "sharpe": -0.019791651245629243
    },
    "excess_return_vs_bh": 0.0024944833541206135,
    "invalid_actions": 0
  },
  "TMPV": {
    "return": -0.2895862283479439,
    "max_drawdown": -0.3783986499156197,
    "sharpe": -2.1281335457408095,
    "buy_hold": {
      "return": -0.283901609130219,
      "max_drawdown": -0.3783986499156197,
      "sharpe": -2.045231768323485
    },
    "excess_return_vs_bh": -0.0056846192177248955,
    "invalid_actions": 0
  }
}