{
  "HCLTECH": {
    "return": 0.01315565010557207,
    "max_drawdown": -0.02470630521453736,
    "sharpe": 0.27817749569354117,
    "buy_hold": {
      "return": -0.06843152521844442,
      "max_drawdown": -0.20748623006603806,
      "sharpe": -0.3370285751323063
    },
    "excess_return_vs_bh": 0.08158717532401649,
    "invalid_actions": 0
  },
  "HDFCBANK": {
    "return": 0.13945828646800806,
    "max_drawdown": -0.07029294033830759,
    "sharpe": 0.8160845683883632,
    "buy_hold": {
      "return": 0.15502972374402613,
      "max_drawdown": -0.06752887748050138,
      "sharpe": 0.8970790373759403
    },
    "excess_return_vs_bh": -0.015571437276018063,
    "invalid_actions": 0
  },
  "HINDUNILVR": {
    "return": 0.0,
    "max_drawdown": 0.0,
    "sharpe": 0.0,
    "buy_hold": {
      "return": -0.030172139998729586,
      "max_drawdown": -0.1604397236871426,
      "sharpe": -0.1793430696107278
    },
    "excess_return_vs_bh": 0.030172139998729586,
    "invalid_actions": 0
  },
  "ICICIBANK": {
    "return": 0.08522049065727799,
    "max_drawdown": -0.008790264228399127,
    "sharpe": 1.651807303097902,
    "buy_hold": {
      "return": 0.06328211626801838,
      "max_drawdown": -0.11299207308880804,
      "sharpe": 0.3863406143377085
    },
    "excess_return_vs_bh": 0.021938374389259607,
    "invalid_actions": 0
  },
  "INFY": {
    "return": -0.019851877067433743,
    "max_drawdown": -0.019851877067433743,
    "sharpe": -1.2960665299904925,
    "buy_hold": {
      "return": -0.13758442801680582,
      "max_drawdown": -0.25716640961548687,
      "sharpe": -0.5957437939577157
    },
    "excess_return_vs_bh": 0.11773255094937207,
    "invalid_actions": 0
  },
  "ITC": {
    "return": -0.13607127731346136,
    "max_drawdown": -0.16586184212731733,
    "sharpe": -1.2592273432977208,
    "buy_hold": {
      "return": -0.06226591760299616,
      "max_drawdown": -0.1040867012869721,
      "sharpe": -0.5216782441483879
    },
    "excess_return_vs_bh": -0.0738053597104652,
    "invalid_actions": 0
  },
  "JSWSTEEL": {
    "return": -0.03130075445679115,
    "max_drawdown": -0.13271614886564717,
    "sharpe": -0.1575650394598334,
    "buy_hold": {
      "return": 0.15894281394985144,
      "max_drawdown": -0.12500000000000017,
      "sharpe": 0.6941873173403118
    },
    "excess_return_vs_bh": -0.19024356840664258,
    "invalid_actions": 0
  },
  "MARUTI": {
    "return": 0.0,
    "max_drawdown": 0.0,
    "sharpe": 0.0,
    "buy_hold": {
      "return": 0.2903900935992094,
      "max_drawdown": -0.12177586574423971,
      "sharpe": 1.2275984772195774
    },
    "excess_return_vs_bh": -0.2903900935992094,
    "invalid_actions": 0
  },
  "NTPC": {
    "return": -0.11293623530017094,
    "max_drawdown": -0.1736014445808081,
    "sharpe": -1.0509522706339491,
    "buy_hold": {
      "return": 0.04637681159420293,
      "max_drawdown": -0.1320343371031477,
      "sharpe": 0.2819268783750397
    },
    "excess_return_vs_bh": -0.15931304689437387,
    "invalid_actions": 0
  },
  "RELIANCE": {
    "return": 0.006256588384409456,
    "max_drawdown": -0.08522563613441829,
    "sharpe": 0.06134154902079101,
    "buy_hold": {
      "return": 0.22825349978064047,
      "max_drawdown": -0.1216996432046707,
      "sharpe": 1.0530193879595573
    },
    "excess_return_vs_bh": -0.221996911396231,
    "invalid_actions": 0
  },
  "SBIN": {
    "return": 0.18182847224477272,
    "max_drawdown": -0.07376832748756387,
    "sharpe": 1.2600243639051327,
    "buy_hold": {
      "return": 0.32118621064060826,
      "max_drawdown": -0.06514657980456029,
      "sharpe": 1.7731559069766059
    },
    "excess_return_vs_bh": -0.13935773839583554,
    "invalid_actions": 0
  },
  "TATASTEEL": {
    "return": 0.17869011104603172,
    "max_drawdown": -0.1378955629581608,
    "sharpe": 0.8075489541036686,
    "buy_hold": {
      "return": 0.342087182227651,
      "max_drawdown": -0.2003603139879037,
      "sharpe": 0.9850719275437082
    },
    "excess_return_vs_bh": -0.16339707118161928,
    "invalid_actions": 0
  },
  "TCS": {
    "return": 0.0,
    "max_drawdown": 0.0,
    "sharpe": 0.0,
    "buy_hold": {
      "return": -0.1957294492128958,
      "max_drawdown": -0.2845093449262438,
      "sharpe": -1.2415209073772508
    },
    "excess_return_vs_bh": 0.1957294492128958,
    "invalid_actions": 0
  },
  "TMPV": {
    "return": -0.32020020687471673,
    "max_drawdown": -0.3540375234689499,
    "sharpe": -1.3238545908653794,
    "buy_hold": {
      "return": -0.24509599332220366,
      "max_drawdown": -0.3226824457593689,
      "sharpe": -0.8414785739183713
    },
    "excess_return_vs_bh": -0.07510421355251307,
    "invalid_actions": 0
  }
}