{
  "HCLTECH": {
    "return": 0.06171675582312153,
    "max_drawdown": -0.24369805618517754,
    "sharpe": 0.2396055620447891,
    "buy_hold": {
      "return": -0.1822844681961976,
      "max_drawdown": -0.3629244345742504,
      "sharpe": -0.6312571937310318
    },
    "excess_return_vs_bh": 0.24400122401931912,
    "trades": {
      "buys": 145,
      "sells": 21,
      "holds": 52
    }
  },
  "HDFCBANK": {
    "return": 0.1445880473568837,
    "max_drawdown": -0.1705595482546203,
    "sharpe": 0.49935690552822815,
    "buy_hold": {
      "return": 0.1638129733289433,
      "max_drawdown": -0.13379017784304137,
      "sharpe": 0.6006272905377081
    },
    "excess_return_vs_bh": -0.019224925972059603,
    "trades": {
      "buys": 37,
      "sells": 95,
      "holds": 86
    }
  },
  "HINDUNILVR": {
    "return": 0.10827328759095844,
    "max_drawdown": -0.09824544513706712,
    "sharpe": 0.6429315442868099,
    "buy_hold": {
      "return": -0.01565183258917613,
      "max_drawdown": -0.17935730299759195,
      "sharpe": -0.07294974744865722
    },
    "excess_return_vs_bh": 0.12392512018013457,
    "trades": {
      "buys": 74,
      "sells": 75,
      "holds": 69
    }
  },
  "ICICIBANK": {
    "return": 0.0,
    "max_drawdown": 0.0,
    "sharpe": 0.0,
    "buy_hold": {
      "return": 0.05887060471164918,
      "max_drawdown": -0.1396314129171508,
      "sharpe": 0.24389159200559704
    },
    "excess_return_vs_bh": -0.05887060471164918,
    "trades": {
      "buys": 0,
      "sells": 218,
      "holds": 0
    }
  },
  "INFY": {
    "return": 0.16461845410364306,
    "max_drawdown": -0.10600706713780905,
    "sharpe": 0.953834056102084,
    "buy_hold": {
      "return": -0.1632155145448858,
      "max_drawdown": -0.33880982798062936,
      "sharpe": -0.507074298479616
    },
    "excess_return_vs_bh": 0.3278339686485289,
    "trades": {
      "buys": 33,
      "sells": 178,
      "holds": 7
    }
  },
  "ITC": {
    "return": 0.0,
    "max_drawdown": 0.0,
    "sharpe": 0.0,
    "buy_hold": {
      "return": -0.13340765514678554,
      "max_drawdown": -0.37916549985998327,
      "sharpe": -0.28775956381653467
    },
    "excess_return_vs_bh": 0.13340765514678554,
    "trades": {
      "buys": 0,
      "sells": 218,
      "holds": 0
    }
  }
}