{
  "HCLTECH": {
    "return": -0.2028964804197131,
    "max_drawdown": -0.30040246032348705,
    "sharpe": -0.7691487121961263,
    "buy_hold": {
      "return": 0.3614503021462807,
      "max_drawdown": -0.27299629207073584,
      "sharpe": 1.1124357356144812
    },
    "excess_return_vs_bh": -0.5643467825659938,
    "trades": {
      "buys": 181,
      "sells": 1,
      "holds": 37
    }
  },
  "HDFCBANK": {
    "return": 0.1817437122403378,
    "max_drawdown": -0.21726096003950202,
    "sharpe": 0.6885395729496262,
    "buy_hold": {
      "return": 0.06619469026548663,
      "max_drawdown": -0.2786421499292786,
      "sharpe": 0.17708341891657062
    },
    "excess_return_vs_bh": 0.11554902197485117,
    "trades": {
      "buys": 156,
      "sells": 2,
      "holds": 61
    }
  },
  "HINDUNILVR": {
    "return": 0.192058077783257,
    "max_drawdown": -0.27299629207073584,
    "sharpe": 0.67210842539836,
    "buy_hold": {
      "return": -0.13831066118316981,
      "max_drawdown": -0.25567032846914794,
      "sharpe": -0.6305236844047957
    },
    "excess_return_vs_bh": 0.3303687389664268,
    "trades": {
      "buys": 129,
      "sells": 1,
      "holds": 89
    }
  },
  "ICICIBANK": {
    "return": 0.2266285319828396,
    "max_drawdown": -0.1856045556879883,
    "sharpe": 0.45466817145302274,
    "buy_hold": {
      "return": 0.394534526139223,
      "max_drawdown": -0.10948835886006895,
      "sharpe": 0.9685276679674588
    },
    "excess_return_vs_bh": -0.1679059941563834,
    "trades": {
      "buys": 111,
      "sells": 6,
      "holds": 102
    }
  }
}