{
  "HCLTECH": {
    "return": -0.20683014507638986,
    "max_drawdown": -0.30040246032348694,
    "sharpe": -0.783711308737989,
    "buy_hold": {
      "return": 0.3614503021462807,
      "max_drawdown": -0.27299629207073584,
      "sharpe": 1.1124357356144812
    },
    "excess_return_vs_bh": -0.5682804472226706,
    "trades": {
      "buys": 120,
      "sells": 0,
      "holds": 99
    }
  },
  "HDFCBANK": {
    "return": 0.1648747957650598,
    "max_drawdown": -0.21726096003950202,
    "sharpe": 0.6297937050335974,
    "buy_hold": {
      "return": 0.06619469026548663,
      "max_drawdown": -0.2786421499292786,
      "sharpe": 0.17708341891657062
    },
    "excess_return_vs_bh": 0.09868010549957318,
    "trades": {
      "buys": 131,
      "sells": 1,
      "holds": 87
    }
  },
  "HINDUNILVR": {
    "return": 0.19338388567615517,
    "max_drawdown": -0.27299629207073584,
    "sharpe": 0.6735976411695948,
    "buy_hold": {
      "return": -0.13831066118316981,
      "max_drawdown": -0.25567032846914794,
      "sharpe": -0.6305236844047957
    },
    "excess_return_vs_bh": 0.331694546859325,
    "trades": {
      "buys": 113,
      "sells": 1,
      "holds": 105
    }
  },
  "ICICIBANK": {
    "return": 0.1832300113093428,
    "max_drawdown": -0.18560455568798825,
    "sharpe": 0.36827044756226085,
    "buy_hold": {
      "return": 0.394534526139223,
      "max_drawdown": -0.10948835886006895,
      "sharpe": 0.9685276679674588
    },
    "excess_return_vs_bh": -0.21130451482988022,
    "trades": {
      "buys": 204,
      "sells": 2,
      "holds": 13
    }
  }
}