{
  "HCLTECH": {
    "return": 0.0,
    "max_drawdown": 0.0,
    "sharpe": 0.0,
    "buy_hold": {
      "return": -0.1822844681961976,
      "max_drawdown": -0.3629244345742504,
      "sharpe": -0.6312571937310318
    },
    "excess_return_vs_bh": 0.1822844681961976,
    "trades": {
      "buys": 0,
      "sells": 17,
      "holds": 201
    }
  },
  "HDFCBANK": {
    "return": 0.06458662139342497,
    "max_drawdown": -0.14114470842332605,
    "sharpe": 0.34335751095538725,
    "buy_hold": {
      "return": 0.1638129733289433,
      "max_drawdown": -0.13379017784304137,
      "sharpe": 0.6006272905377081
    },
    "excess_return_vs_bh": -0.09922635193551832,
    "trades": {
      "buys": 5,
      "sells": 78,
      "holds": 135
    }
  },
  "HINDUNILVR": {
    "return": 0.0,
    "max_drawdown": 0.0,
    "sharpe": 0.0,
    "buy_hold": {
      "return": -0.01565183258917613,
      "max_drawdown": -0.17935730299759195,
      "sharpe": -0.07294974744865722
    },
    "excess_return_vs_bh": 0.01565183258917613,
    "trades": {
      "buys": 0,
      "sells": 71,
      "holds": 147
    }
  },
  "ICICIBANK": {
    "return": 0.06146091424001576,
    "max_drawdown": -0.1396314129171508,
    "sharpe": 0.2938217927650996,
    "buy_hold": {
      "return": 0.05887060471164918,
      "max_drawdown": -0.1396314129171508,
      "sharpe": 0.24389159200559704
    },
    "excess_return_vs_bh": 0.0025903095283665856,
    "trades": {
      "buys": 5,
      "sells": 4,
      "holds": 209
    }
  },
  "INFY": {
    "return": -0.008083309059132238,
    "max_drawdown": -0.051150164309186875,
    "sharpe": -0.09262551994471223,
    "buy_hold": {
      "return": -0.1632155145448858,
      "max_drawdown": -0.33880982798062936,
      "sharpe": -0.507074298479616
    },
    "excess_return_vs_bh": 0.15513220548575357,
    "trades": {
      "buys": 1,
      "sells": 29,
      "holds": 188
    }
  },
  "ITC": {
    "return": 0.06146091424001576,
    "max_drawdown": -0.1396314129171508,
    "sharpe": 0.2938217927650996,
    "buy_hold": {
      "return": -0.13340765514678554,
      "max_drawdown": -0.37916549985998327,
      "sharpe": -0.28775956381653467
    },
    "excess_return_vs_bh": 0.1948685693868013,
    "trades": {
      "buys": 5,
      "sells": 4,
      "holds": 209
    }
  }
}