{
  "HCLTECH": {
    "return": 0.16736797976743323,
    "max_drawdown": -0.27299629207073584,
    "sharpe": 0.5879560254122325,
    "buy_hold": {
      "return": 0.37107730777245296,
      "max_drawdown": -0.27299629207073584,
      "sharpe": 1.1349960856546215
    },
    "excess_return_vs_bh": -0.20370932800501973,
    "trades": {
      "buys": 216,
      "sells": 2,
      "holds": 0
    }
  },
  "HDFCBANK": {
    "return": 0.2556285041774178,
    "max_drawdown": -0.16660045027148723,
    "sharpe": 0.504386303129774,
    "buy_hold": {
      "return": 0.07079646017699104,
      "max_drawdown": -0.2786421499292786,
      "sharpe": 0.18913920287010627
    },
    "excess_return_vs_bh": 0.18483204400042674,
    "trades": {
      "buys": 198,
      "sells": 6,
      "holds": 14
    }
  },
  "HINDUNILVR": {
    "return": 0.0,
    "max_drawdown": 0.0,
    "sharpe": 0.0,
    "buy_hold": {
      "return": -0.13128756722556145,
      "max_drawdown": -0.25352061357963973,
      "sharpe": -0.5973784976874397
    },
    "excess_return_vs_bh": 0.13128756722556145,
    "trades": {
      "buys": 0,
      "sells": 0,
      "holds": 218
    }
  },
  "ICICIBANK": {
    "return": 0.45837033914258796,
    "max_drawdown": -0.10147839816276702,
    "sharpe": 1.3760875662310819,
    "buy_hold": {
      "return": 0.41270617836175605,
      "max_drawdown": -0.10948835886006895,
      "sharpe": 1.004683287876157
    },
    "excess_return_vs_bh": 0.04566416078083191,
    "trades": {
      "buys": 208,
      "sells": 6,
      "holds": 4
    }
  },
  "INFY": {
    "return": 0.47130938513318754,
    "max_drawdown": -0.20498728570256744,
    "sharpe": 1.0756228068870388,
    "buy_hold": {
      "return": 0.2798358780131771,
      "max_drawdown": -0.2323151959597356,
      "sharpe": 0.8905027530531529
    },
    "excess_return_vs_bh": 0.19147350712001043,
    "trades": {
      "buys": 191,
      "sells": 6,
      "holds": 21
    }
  },
  "ITC": {
    "return": 0.45837033914258796,
    "max_drawdown": -0.10147839816276702,
    "sharpe": 1.3760875662310819,
    "buy_hold": {
      "return": 0.06415562913907302,
      "max_drawdown": -0.4963106796116504,
      "sharpe": 0.062158883274249774
    },
    "excess_return_vs_bh": 0.39421471000351493,
    "trades": {
      "buys": 208,
      "sells": 6,
      "holds": 4
    }
  }
}