{
  "HCLTECH": {
    "return": 0.16273184135362806,
    "max_drawdown": -0.27299629207073584,
    "sharpe": 0.5781127329387642,
    "buy_hold": {
      "return": 0.37107730777245296,
      "max_drawdown": -0.27299629207073584,
      "sharpe": 1.1349960856546215
    },
    "excess_return_vs_bh": -0.2083454664188249,
    "trades": {
      "buys": 35,
      "sells": 0,
      "holds": 183
    }
  },
  "HDFCBANK": {
    "return": 0.1929857819905212,
    "max_drawdown": -0.1666004502714873,
    "sharpe": 0.3875984840139308,
    "buy_hold": {
      "return": 0.07079646017699104,
      "max_drawdown": -0.2786421499292786,
      "sharpe": 0.18913920287010627
    },
    "excess_return_vs_bh": 0.12218932181353015,
    "trades": {
      "buys": 19,
      "sells": 0,
      "holds": 199
    }
  },
  "HINDUNILVR": {
    "return": 0.0,
    "max_drawdown": 0.0,
    "sharpe": 0.0,
    "buy_hold": {
      "return": -0.13128756722556145,
      "max_drawdown": -0.25352061357963973,
      "sharpe": -0.5973784976874397
    },
    "excess_return_vs_bh": 0.13128756722556145,
    "trades": {
      "buys": 0,
      "sells": 218,
      "holds": 0
    }
  },
  "ICICIBANK": {
    "return": 0.44386872261459476,
    "max_drawdown": -0.10948835886006907,
    "sharpe": 1.3067855766995906,
    "buy_hold": {
      "return": 0.41270617836175605,
      "max_drawdown": -0.10948835886006895,
      "sharpe": 1.004683287876157
    },
    "excess_return_vs_bh": 0.03116254425283871,
    "trades": {
      "buys": 110,
      "sells": 1,
      "holds": 107
    }
  },
  "INFY": {
    "return": 0.2160524431253794,
    "max_drawdown": -0.22046167457572594,
    "sharpe": 0.37466943096110744,
    "buy_hold": {
      "return": 0.2798358780131771,
      "max_drawdown": -0.2323151959597356,
      "sharpe": 0.8905027530531529
    },
    "excess_return_vs_bh": -0.0637834348877977,
    "trades": {
      "buys": 163,
      "sells": 1,
      "holds": 54
    }
  },
  "ITC": {
    "return": 0.44386872261459476,
    "max_drawdown": -0.10948835886006907,
    "sharpe": 1.3067855766995906,
    "buy_hold": {
      "return": 0.06415562913907302,
      "max_drawdown": -0.4963106796116504,
      "sharpe": 0.062158883274249774
    },
    "excess_return_vs_bh": 0.37971309347552173,
    "trades": {
      "buys": 110,
      "sells": 1,
      "holds": 107
    }
  }
}