{
  "HCLTECH": {
    "return": -0.07107631823981797,
    "max_drawdown": -0.24812911680518668,
    "sharpe": -0.28730815744557325,
    "buy_hold": {
      "return": -0.1822844681961976,
      "max_drawdown": -0.3629244345742504,
      "sharpe": -0.6312571937310318
    },
    "excess_return_vs_bh": 0.11120814995637962,
    "trades": {
      "buys": 217,
      "sells": 0,
      "holds": 1
    }
  },
  "HDFCBANK": {
    "return": 0.20001209269734344,
    "max_drawdown": -0.16309485270314017,
    "sharpe": 0.6301215420353492,
    "buy_hold": {
      "return": 0.1638129733289433,
      "max_drawdown": -0.13379017784304137,
      "sharpe": 0.6006272905377081
    },
    "excess_return_vs_bh": 0.036199119368400146,
    "trades": {
      "buys": 150,
      "sells": 3,
      "holds": 65
    }
  },
  "HINDUNILVR": {
    "return": -0.018065540261872015,
    "max_drawdown": -0.17400752193898852,
    "sharpe": -0.09694022088010472,
    "buy_hold": {
      "return": -0.01565183258917613,
      "max_drawdown": -0.17935730299759195,
      "sharpe": -0.07294974744865722
    },
    "excess_return_vs_bh": -0.002413707672695886,
    "trades": {
      "buys": 217,
      "sells": 1,
      "holds": 0
    }
  },
  "ICICIBANK": {
    "return": 0.0624167062952643,
    "max_drawdown": -0.1396314129171508,
    "sharpe": 0.30259782834160953,
    "buy_hold": {
      "return": 0.05887060471164918,
      "max_drawdown": -0.1396314129171508,
      "sharpe": 0.24389159200559704
    },
    "excess_return_vs_bh": 0.0035461015836151244,
    "trades": {
      "buys": 166,
      "sells": 2,
      "holds": 50
    }
  },
  "INFY": {
    "return": 0.4611791686401341,
    "max_drawdown": -0.10600706713780905,
    "sharpe": 1.558422227561562,
    "buy_hold": {
      "return": -0.1632155145448858,
      "max_drawdown": -0.33880982798062936,
      "sharpe": -0.507074298479616
    },
    "excess_return_vs_bh": 0.6243946831850199,
    "trades": {
      "buys": 196,
      "sells": 3,
      "holds": 19
    }
  },
  "ITC": {
    "return": 0.0624167062952643,
    "max_drawdown": -0.1396314129171508,
    "sharpe": 0.30259782834160953,
    "buy_hold": {
      "return": -0.13340765514678554,
      "max_drawdown": -0.37916549985998327,
      "sharpe": -0.28775956381653467
    },
    "excess_return_vs_bh": 0.19582436144204984,
    "trades": {
      "buys": 166,
      "sells": 2,
      "holds": 50
    }
  }
}