{
  "HCLTECH": {
    "return": 0.0,
    "max_drawdown": 0.0,
    "sharpe": 0.0,
    "buy_hold": {
      "return": 0.37107730777245296,
      "max_drawdown": -0.27299629207073584,
      "sharpe": 1.1349960856546215
    },
    "excess_return_vs_bh": -0.37107730777245296,
    "trades": {
      "buys": 0,
      "sells": 218,
      "holds": 0
    }
  },
  "HDFCBANK": {
    "return": 0.0,
    "max_drawdown": 0.0,
    "sharpe": 0.0,
    "buy_hold": {
      "return": 0.07079646017699104,
      "max_drawdown": -0.2786421499292786,
      "sharpe": 0.18913920287010627
    },
    "excess_return_vs_bh": -0.07079646017699104,
    "trades": {
      "buys": 0,
      "sells": 218,
      "holds": 0
    }
  },
  "HINDUNILVR": {
    "return": 0.19205992501336255,
    "max_drawdown": -0.10661833489242276,
    "sharpe": 1.2119673778198012,
    "buy_hold": {
      "return": -0.13128756722556145,
      "max_drawdown": -0.25352061357963973,
      "sharpe": -0.5973784976874397
    },
    "excess_return_vs_bh": 0.323347492238924,
    "trades": {
      "buys": 73,
      "sells": 84,
      "holds": 61
    }
  },
  "ICICIBANK": {
    "return": 0.0,
    "max_drawdown": 0.0,
    "sharpe": 0.0,
    "buy_hold": {
      "return": 0.41270617836175605,
      "max_drawdown": -0.10948835886006895,
      "sharpe": 1.004683287876157
    },
    "excess_return_vs_bh": -0.41270617836175605,
    "trades": {
      "buys": 0,
      "sells": 218,
      "holds": 0
    }
  },
  "INFY": {
    "return": 0.0,
    "max_drawdown": 0.0,
    "sharpe": 0.0,
    "buy_hold": {
      "return": 0.2798358780131771,
      "max_drawdown": -0.2323151959597356,
      "sharpe": 0.8905027530531529
    },
    "excess_return_vs_bh": -0.2798358780131771,
    "trades": {
      "buys": 0,
      "sells": 218,
      "holds": 0
    }
  },
  "ITC": {
    "return": 0.0,
    "max_drawdown": 0.0,
    "sharpe": 0.0,
    "buy_hold": {
      "return": 0.06415562913907302,
      "max_drawdown": -0.4963106796116504,
      "sharpe": 0.062158883274249774
    },
    "excess_return_vs_bh": -0.06415562913907302,
    "trades": {
      "buys": 0,
      "sells": 218,
      "holds": 0
    }
  }
}