{
  "HCLTECH": {
    "return": 0.20074726978085433,
    "max_drawdown": -0.27299629207073584,
    "sharpe": 0.718709607668853,
    "buy_hold": {
      "return": 0.37107730777245296,
      "max_drawdown": -0.27299629207073584,
      "sharpe": 1.1349960856546215
    },
    "excess_return_vs_bh": -0.17033003799159863,
    "trades": {
      "buys": 215,
      "sells": 3,
      "holds": 0
    }
  },
  "HDFCBANK": {
    "return": 0.2628463773182734,
    "max_drawdown": -0.16660045027148732,
    "sharpe": 0.5176149993288847,
    "buy_hold": {
      "return": 0.07079646017699104,
      "max_drawdown": -0.2786421499292786,
      "sharpe": 0.18913920287010627
    },
    "excess_return_vs_bh": 0.1920499171412824,
    "trades": {
      "buys": 200,
      "sells": 6,
      "holds": 12
    }
  },
  "HINDUNILVR": {
    "return": 0.0,
    "max_drawdown": 0.0,
    "sharpe": 0.0,
    "buy_hold": {
      "return": -0.13128756722556145,
      "max_drawdown": -0.25352061357963973,
      "sharpe": -0.5973784976874397
    },
    "excess_return_vs_bh": 0.13128756722556145,
    "trades": {
      "buys": 0,
      "sells": 218,
      "holds": 0
    }
  },
  "ICICIBANK": {
    "return": 0.42747862662456115,
    "max_drawdown": -0.10147839816276714,
    "sharpe": 1.280936880906605,
    "buy_hold": {
      "return": 0.41270617836175605,
      "max_drawdown": -0.10948835886006895,
      "sharpe": 1.004683287876157
    },
    "excess_return_vs_bh": 0.014772448262805105,
    "trades": {
      "buys": 212,
      "sells": 6,
      "holds": 0
    }
  },
  "INFY": {
    "return": 0.46686732161260514,
    "max_drawdown": -0.20498728570256736,
    "sharpe": 1.0656271763865426,
    "buy_hold": {
      "return": 0.2798358780131771,
      "max_drawdown": -0.2323151959597356,
      "sharpe": 0.8905027530531529
    },
    "excess_return_vs_bh": 0.18703144359942803,
    "trades": {
      "buys": 122,
      "sells": 6,
      "holds": 90
    }
  },
  "ITC": {
    "return": 0.42747862662456115,
    "max_drawdown": -0.10147839816276714,
    "sharpe": 1.280936880906605,
    "buy_hold": {
      "return": 0.06415562913907302,
      "max_drawdown": -0.4963106796116504,
      "sharpe": 0.062158883274249774
    },
    "excess_return_vs_bh": 0.36332299748548813,
    "trades": {
      "buys": 212,
      "sells": 6,
      "holds": 0
    }
  }
}