{
  "HCLTECH": {
    "return": 0.1740202426148687,
    "max_drawdown": -0.27299629207073584,
    "sharpe": 0.6098995991671287,
    "buy_hold": {
      "return": 0.37107730777245296,
      "max_drawdown": -0.27299629207073584,
      "sharpe": 1.1349960856546215
    },
    "excess_return_vs_bh": -0.19705706515758425,
    "trades": {
      "buys": 34,
      "sells": 2,
      "holds": 182
    }
  },
  "HDFCBANK": {
    "return": 0.18452602767434567,
    "max_drawdown": -0.16660045027148726,
    "sharpe": 0.3709681217161322,
    "buy_hold": {
      "return": 0.07079646017699104,
      "max_drawdown": -0.2786421499292786,
      "sharpe": 0.18913920287010627
    },
    "excess_return_vs_bh": 0.11372956749735463,
    "trades": {
      "buys": 4,
      "sells": 3,
      "holds": 211
    }
  },
  "HINDUNILVR": {
    "return": 0.10229978826160413,
    "max_drawdown": -0.10661833489242281,
    "sharpe": 0.546985035956986,
    "buy_hold": {
      "return": -0.13128756722556145,
      "max_drawdown": -0.25352061357963973,
      "sharpe": -0.5973784976874397
    },
    "excess_return_vs_bh": 0.23358735548716558,
    "trades": {
      "buys": 20,
      "sells": 141,
      "holds": 57
    }
  },
  "ICICIBANK": {
    "return": 0.44853760741904525,
    "max_drawdown": -0.10147839816276721,
    "sharpe": 1.361985643696813,
    "buy_hold": {
      "return": 0.41270617836175605,
      "max_drawdown": -0.10948835886006895,
      "sharpe": 1.004683287876157
    },
    "excess_return_vs_bh": 0.0358314290572892,
    "trades": {
      "buys": 8,
      "sells": 4,
      "holds": 206
    }
  },
  "INFY": {
    "return": 0.4720941508808738,
    "max_drawdown": -0.20498728570256738,
    "sharpe": 1.0771885274498976,
    "buy_hold": {
      "return": 0.2798358780131771,
      "max_drawdown": -0.2323151959597356,
      "sharpe": 0.8905027530531529
    },
    "excess_return_vs_bh": 0.1922582728676967,
    "trades": {
      "buys": 24,
      "sells": 5,
      "holds": 189
    }
  },
  "ITC": {
    "return": 0.44853760741904525,
    "max_drawdown": -0.10147839816276721,
    "sharpe": 1.361985643696813,
    "buy_hold": {
      "return": 0.06415562913907302,
      "max_drawdown": -0.4963106796116504,
      "sharpe": 0.062158883274249774
    },
    "excess_return_vs_bh": 0.3843819782799722,
    "trades": {
      "buys": 8,
      "sells": 4,
      "holds": 206
    }
  }
}