{
  "HCLTECH": {
    "return": 0.16273184135362806,
    "max_drawdown": -0.27299629207073584,
    "sharpe": 0.5781127329387642,
    "buy_hold": {
      "return": 0.37107730777245296,
      "max_drawdown": -0.27299629207073584,
      "sharpe": 1.1349960856546215
    },
    "excess_return_vs_bh": -0.2083454664188249,
    "trades": {
      "buys": 162,
      "sells": 0,
      "holds": 56
    }
  },
  "HDFCBANK": {
    "return": 0.24290932922506014,
    "max_drawdown": -0.16660045027148723,
    "sharpe": 0.4919551965300343,
    "buy_hold": {
      "return": 0.07079646017699104,
      "max_drawdown": -0.2786421499292786,
      "sharpe": 0.18913920287010627
    },
    "excess_return_vs_bh": 0.1721128690480691,
    "trades": {
      "buys": 204,
      "sells": 7,
      "holds": 7
    }
  },
  "HINDUNILVR": {
    "return": 0.0,
    "max_drawdown": 0.0,
    "sharpe": 0.0,
    "buy_hold": {
      "return": -0.13128756722556145,
      "max_drawdown": -0.25352061357963973,
      "sharpe": -0.5973784976874397
    },
    "excess_return_vs_bh": 0.13128756722556145,
    "trades": {
      "buys": 0,
      "sells": 0,
      "holds": 218
    }
  },
  "ICICIBANK": {
    "return": 0.454236673605122,
    "max_drawdown": -0.10147839816276714,
    "sharpe": 1.3730372581123333,
    "buy_hold": {
      "return": 0.41270617836175605,
      "max_drawdown": -0.10948835886006895,
      "sharpe": 1.004683287876157
    },
    "excess_return_vs_bh": 0.04153049524336594,
    "trades": {
      "buys": 212,
      "sells": 6,
      "holds": 0
    }
  },
  "INFY": {
    "return": 0.3891636091560866,
    "max_drawdown": -0.2049872857025675,
    "sharpe": 0.9795612335121792,
    "buy_hold": {
      "return": 0.2798358780131771,
      "max_drawdown": -0.2323151959597356,
      "sharpe": 0.8905027530531529
    },
    "excess_return_vs_bh": 0.1093277311429095,
    "trades": {
      "buys": 161,
      "sells": 7,
      "holds": 50
    }
  },
  "ITC": {
    "return": 0.454236673605122,
    "max_drawdown": -0.10147839816276714,
    "sharpe": 1.3730372581123333,
    "buy_hold": {
      "return": 0.06415562913907302,
      "max_drawdown": -0.4963106796116504,
      "sharpe": 0.062158883274249774
    },
    "excess_return_vs_bh": 0.39008104446604897,
    "trades": {
      "buys": 212,
      "sells": 6,
      "holds": 0
    }
  }
}