{
  "HCLTECH": {
    "return": 0.14843056420133172,
    "max_drawdown": -0.27299629207073584,
    "sharpe": 0.5334644425464268,
    "buy_hold": {
      "return": 0.37107730777245296,
      "max_drawdown": -0.27299629207073584,
      "sharpe": 1.1349960856546215
    },
    "excess_return_vs_bh": -0.22264674357112124,
    "trades": {
      "buys": 30,
      "sells": 4,
      "holds": 184
    }
  },
  "HDFCBANK": {
    "return": 0.33709473749279706,
    "max_drawdown": -0.1666004502714873,
    "sharpe": 0.6686423504023746,
    "buy_hold": {
      "return": 0.07079646017699104,
      "max_drawdown": -0.2786421499292786,
      "sharpe": 0.18913920287010627
    },
    "excess_return_vs_bh": 0.266298277315806,
    "trades": {
      "buys": 11,
      "sells": 9,
      "holds": 198
    }
  },
  "HINDUNILVR": {
    "return": 0.0,
    "max_drawdown": 0.0,
    "sharpe": 0.0,
    "buy_hold": {
      "return": -0.13128756722556145,
      "max_drawdown": -0.25352061357963973,
      "sharpe": -0.5973784976874397
    },
    "excess_return_vs_bh": 0.13128756722556145,
    "trades": {
      "buys": 0,
      "sells": 0,
      "holds": 218
    }
  },
  "ICICIBANK": {
    "return": 0.42930575361602386,
    "max_drawdown": -0.10147839816276719,
    "sharpe": 1.262555650328835,
    "buy_hold": {
      "return": 0.41270617836175605,
      "max_drawdown": -0.10948835886006895,
      "sharpe": 1.004683287876157
    },
    "excess_return_vs_bh": 0.016599575254267807,
    "trades": {
      "buys": 10,
      "sells": 9,
      "holds": 199
    }
  },
  "INFY": {
    "return": 0.522746228347237,
    "max_drawdown": -0.2049872857025674,
    "sharpe": 1.1687026214558667,
    "buy_hold": {
      "return": 0.2798358780131771,
      "max_drawdown": -0.2323151959597356,
      "sharpe": 0.8905027530531529
    },
    "excess_return_vs_bh": 0.24291035033405994,
    "trades": {
      "buys": 12,
      "sells": 9,
      "holds": 197
    }
  },
  "ITC": {
    "return": 0.42930575361602386,
    "max_drawdown": -0.10147839816276719,
    "sharpe": 1.262555650328835,
    "buy_hold": {
      "return": 0.06415562913907302,
      "max_drawdown": -0.4963106796116504,
      "sharpe": 0.062158883274249774
    },
    "excess_return_vs_bh": 0.36515012447695083,
    "trades": {
      "buys": 10,
      "sells": 9,
      "holds": 199
    }
  }
}