{
  "HCLTECH": {
    "return": 0.16273184135362806,
    "max_drawdown": -0.27299629207073584,
    "sharpe": 0.5781127329387642,
    "buy_hold": {
      "return": 0.37107730777245296,
      "max_drawdown": -0.27299629207073584,
      "sharpe": 1.1349960856546215
    },
    "excess_return_vs_bh": -0.2083454664188249,
    "trades": {
      "buys": 7,
      "sells": 0,
      "holds": 211
    }
  },
  "HDFCBANK": {
    "return": 0.1929857819905212,
    "max_drawdown": -0.1666004502714873,
    "sharpe": 0.3875984840139308,
    "buy_hold": {
      "return": 0.07079646017699104,
      "max_drawdown": -0.2786421499292786,
      "sharpe": 0.18913920287010627
    },
    "excess_return_vs_bh": 0.12218932181353015,
    "trades": {
      "buys": 1,
      "sells": 0,
      "holds": 217
    }
  },
  "HINDUNILVR": {
    "return": 0.0,
    "max_drawdown": 0.0,
    "sharpe": 0.0,
    "buy_hold": {
      "return": -0.13128756722556145,
      "max_drawdown": -0.25352061357963973,
      "sharpe": -0.5973784976874397
    },
    "excess_return_vs_bh": 0.13128756722556145,
    "trades": {
      "buys": 0,
      "sells": 0,
      "holds": 218
    }
  },
  "ICICIBANK": {
    "return": 0.45930195938351503,
    "max_drawdown": -0.10147839816276716,
    "sharpe": 1.3678344591489044,
    "buy_hold": {
      "return": 0.41270617836175605,
      "max_drawdown": -0.10948835886006895,
      "sharpe": 1.004683287876157
    },
    "excess_return_vs_bh": 0.046595781021758986,
    "trades": {
      "buys": 2,
      "sells": 1,
      "holds": 215
    }
  },
  "INFY": {
    "return": 0.20703292124427297,
    "max_drawdown": -0.22046167457572582,
    "sharpe": 0.3601468534173127,
    "buy_hold": {
      "return": 0.2798358780131771,
      "max_drawdown": -0.2323151959597356,
      "sharpe": 0.8905027530531529
    },
    "excess_return_vs_bh": -0.07280295676890414,
    "trades": {
      "buys": 29,
      "sells": 1,
      "holds": 188
    }
  },
  "ITC": {
    "return": 0.45930195938351503,
    "max_drawdown": -0.10147839816276716,
    "sharpe": 1.3678344591489044,
    "buy_hold": {
      "return": 0.06415562913907302,
      "max_drawdown": -0.4963106796116504,
      "sharpe": 0.062158883274249774
    },
    "excess_return_vs_bh": 0.395146330244442,
    "trades": {
      "buys": 2,
      "sells": 1,
      "holds": 215
    }
  }
}