{
  "HCLTECH": {
    "return": 0.16273184135362806,
    "max_drawdown": -0.27299629207073584,
    "sharpe": 0.5781127329387642,
    "buy_hold": {
      "return": 0.37107730777245296,
      "max_drawdown": -0.27299629207073584,
      "sharpe": 1.1349960856546215
    },
    "excess_return_vs_bh": -0.2083454664188249,
    "trades": {
      "buys": 174,
      "sells": 0,
      "holds": 44
    }
  },
  "HDFCBANK": {
    "return": 0.19036013309733701,
    "max_drawdown": -0.16660045027148737,
    "sharpe": 0.3822837552638755,
    "buy_hold": {
      "return": 0.07079646017699104,
      "max_drawdown": -0.2786421499292786,
      "sharpe": 0.18913920287010627
    },
    "excess_return_vs_bh": 0.11956367292034598,
    "trades": {
      "buys": 215,
      "sells": 3,
      "holds": 0
    }
  },
  "HINDUNILVR": {
    "return": 0.015323331399867524,
    "max_drawdown": -0.24179341993264528,
    "sharpe": 0.06920228821940179,
    "buy_hold": {
      "return": -0.13128756722556145,
      "max_drawdown": -0.25352061357963973,
      "sharpe": -0.5973784976874397
    },
    "excess_return_vs_bh": 0.14661089862542898,
    "trades": {
      "buys": 189,
      "sells": 4,
      "holds": 25
    }
  },
  "ICICIBANK": {
    "return": 0.44771446077810806,
    "max_drawdown": -0.1094883588600691,
    "sharpe": 1.3301814249188646,
    "buy_hold": {
      "return": 0.41270617836175605,
      "max_drawdown": -0.10948835886006895,
      "sharpe": 1.004683287876157
    },
    "excess_return_vs_bh": 0.03500828241635201,
    "trades": {
      "buys": 215,
      "sells": 3,
      "holds": 0
    }
  },
  "INFY": {
    "return": 0.4409917100402625,
    "max_drawdown": -0.20498728570256736,
    "sharpe": 1.0567469796792819,
    "buy_hold": {
      "return": 0.2798358780131771,
      "max_drawdown": -0.2323151959597356,
      "sharpe": 0.8905027530531529
    },
    "excess_return_vs_bh": 0.1611558320270854,
    "trades": {
      "buys": 213,
      "sells": 5,
      "holds": 0
    }
  },
  "ITC": {
    "return": 0.44771446077810806,
    "max_drawdown": -0.1094883588600691,
    "sharpe": 1.3301814249188646,
    "buy_hold": {
      "return": 0.06415562913907302,
      "max_drawdown": -0.4963106796116504,
      "sharpe": 0.062158883274249774
    },
    "excess_return_vs_bh": 0.38355883163903504,
    "trades": {
      "buys": 215,
      "sells": 3,
      "holds": 0
    }
  }
}