{
  "HCLTECH": {
    "return": 0.22059338997678513,
    "max_drawdown": -0.061092560438092636,
    "sharpe": 2.0263993079845926,
    "buy_hold": {
      "return": 0.22894367991845077,
      "max_drawdown": -0.0610925604380926,
      "sharpe": 2.0682029457179767
    },
    "excess_return_vs_bh": -0.008350289941665645,
    "trades": {
      "chosen_buys": 86,
      "chosen_sells": 2,
      "chosen_holds": 27,
      "executed_buys": 3,
      "executed_sells": 3,
      "invalid_actions": 83
    }
  },
  "HDFCBANK": {
    "return": 0.0904149257170852,
    "max_drawdown": -0.09376348547717851,
    "sharpe": 0.9850591616900186,
    "buy_hold": {
      "return": 0.09617755856966714,
      "max_drawdown": -0.09285634181899745,
      "sharpe": 1.0276887181776813
    },
    "excess_return_vs_bh": -0.005762632852581939,
    "trades": {
      "chosen_buys": 89,
      "chosen_sells": 1,
      "chosen_holds": 25,
      "executed_buys": 2,
      "executed_sells": 2,
      "invalid_actions": 87
    }
  },
  "HINDUNILVR": {
    "return": -0.11000956862207756,
    "max_drawdown": -0.2297469085866173,
    "sharpe": -1.177267197110939,
    "buy_hold": {
      "return": -0.10563675914971571,
      "max_drawdown": -0.22974690858661734,
      "sharpe": -1.133894334827567
    },
    "excess_return_vs_bh": -0.004372809472361849,
    "trades": {
      "chosen_buys": 86,
      "chosen_sells": 1,
      "chosen_holds": 28,
      "executed_buys": 2,
      "executed_sells": 2,
      "invalid_actions": 84
    }
  },
  "ICICIBANK": {
    "return": 0.06267428722391277,
    "max_drawdown": -0.07979383770362287,
    "sharpe": 0.6419028772169953,
    "buy_hold": {
      "return": 0.05260376438066583,
      "max_drawdown": -0.08625649071687407,
      "sharpe": 0.5525340074306977
    },
    "excess_return_vs_bh": 0.010070522843246943,
    "trades": {
      "chosen_buys": 111,
      "chosen_sells": 1,
      "chosen_holds": 3,
      "executed_buys": 2,
      "executed_sells": 2,
      "invalid_actions": 109
    }
  },
  "INFY": {
    "return": 0.10868685950714951,
    "max_drawdown": -0.1086835018545806,
    "sharpe": 0.9881365556057661,
    "buy_hold": {
      "return": 0.11654608828095259,
      "max_drawdown": -0.10868350185458055,
      "sharpe": 1.031910981822248
    },
    "excess_return_vs_bh": -0.007859228773803073,
    "trades": {
      "chosen_buys": 93,
      "chosen_sells": 2,
      "chosen_holds": 20,
      "executed_buys": 3,
      "executed_sells": 3,
      "invalid_actions": 90
    }
  },
  "ITC": {
    "return": 0.024832230163927216,
    "max_drawdown": -0.1255114453168196,
    "sharpe": 0.22325453038722468,
    "buy_hold": {
      "return": 0.029316367265469045,
      "max_drawdown": -0.12551144531681957,
      "sharpe": 0.2538486653051062
    },
    "excess_return_vs_bh": -0.00448413710154183,
    "trades": {
      "chosen_buys": 76,
      "chosen_sells": 1,
      "chosen_holds": 38,
      "executed_buys": 2,
      "executed_sells": 2,
      "invalid_actions": 74
    }
  },
  "JSWSTEEL": {
    "return": -0.03537518362284198,
    "max_drawdown": -0.13487633529015486,
    "sharpe": -0.2848272517305398,
    "buy_hold": {
      "return": -0.03515079961360956,
      "max_drawdown": -0.1348763352901549,
      "sharpe": -0.28952041678134377
    },
    "excess_return_vs_bh": -0.00022438400923241453,
    "trades": {
      "chosen_buys": 102,
      "chosen_sells": 1,
      "chosen_holds": 12,
      "executed_buys": 2,
      "executed_sells": 2,
      "invalid_actions": 100
    }
  },
  "MARUTI": {
    "return": 0.0,
    "max_drawdown": 0.0,
    "sharpe": 0.0,
    "buy_hold": {
      "return": -0.1459195900015422,
      "max_drawdown": -0.20443700168943946,
      "sharpe": -1.4169504754754652
    },
    "excess_return_vs_bh": 0.1459195900015422,
    "trades": {
      "chosen_buys": 0,
      "chosen_sells": 115,
      "chosen_holds": 0,
      "executed_buys": 0,
      "executed_sells": 0,
      "invalid_actions": 115
    }
  },
  "NTPC": {
    "return": -0.14266113787144397,
    "max_drawdown": -0.2522563176895306,
    "sharpe": -1.231007277063386,
    "buy_hold": {
      "return": -0.14067159341371716,
      "max_drawdown": -0.2522563176895308,
      "sharpe": -1.2211789984020982
    },
    "excess_return_vs_bh": -0.0019895444577268107,
    "trades": {
      "chosen_buys": 87,
      "chosen_sells": 1,
      "chosen_holds": 27,
      "executed_buys": 2,
      "executed_sells": 2,
      "invalid_actions": 85
    }
  },
  "RELIANCE": {
    "return": -0.2427439894815927,
    "max_drawdown": -0.24536689206110696,
    "sharpe": -3.0111436936730853,
    "buy_hold": {
      "return": -0.2419859754570498,
      "max_drawdown": -0.24536689206110696,
      "sharpe": -3.011143693673078
    },
    "excess_return_vs_bh": -0.0007580140245428968,
    "trades": {
      "chosen_buys": 115,
      "chosen_sells": 0,
      "chosen_holds": 0,
      "executed_buys": 1,
      "executed_sells": 1,
      "invalid_actions": 114
    }
  },
  "SBIN": {
    "return": -0.10647109547852729,
    "max_drawdown": -0.13983548766157458,
    "sharpe": -0.936276767640314,
    "buy_hold": {
      "return": -0.10557667215067801,
      "max_drawdown": -0.13983548766157458,
      "sharpe": -0.9362767676403154
    },
    "excess_return_vs_bh": -0.0008944233278492808,
    "trades": {
      "chosen_buys": 115,
      "chosen_sells": 0,
      "chosen_holds": 0,
      "executed_buys": 1,
      "executed_sells": 1,
      "invalid_actions": 114
    }
  },
  "TATASTEEL": {
    "return": 0.0,
    "max_drawdown": 0.0,
    "sharpe": 0.0,
    "buy_hold": {
      "return": -0.17918507609229273,
      "max_drawdown": -0.18790601663529852,
      "sharpe": -1.433688647656228
    },
    "excess_return_vs_bh": 0.17918507609229273,
    "trades": {
      "chosen_buys": 0,
      "chosen_sells": 115,
      "chosen_holds": 0,
      "executed_buys": 0,
      "executed_sells": 0,
      "invalid_actions": 115
    }
  },
  "TCS": {
    "return": -0.0779125376353379,
    "max_drawdown": -0.14346057925684014,
    "sharpe": -0.8156636303369358,
    "buy_hold": {
      "return": -0.0024944833541206135,
      "max_drawdown": -0.1294757068350261,
      "sharpe": -0.019791651245629243
    },
    "excess_return_vs_bh": -0.07541805428121728,
    "trades": {
      "chosen_buys": 94,
      "chosen_sells": 21,
      "chosen_holds": 0,
      "executed_buys": 22,
      "executed_sells": 22,
      "invalid_actions": 72
    }
  },
  "TMPV": {
    "return": -0.32755310657364345,
    "max_drawdown": -0.37902025126570416,
    "sharpe": -2.709983289533224,
    "buy_hold": {
      "return": -0.283901609130219,
      "max_drawdown": -0.3783986499156197,
      "sharpe": -2.045231768323485
    },
    "excess_return_vs_bh": -0.04365149744342445,
    "trades": {
      "chosen_buys": 113,
      "chosen_sells": 2,
      "chosen_holds": 0,
      "executed_buys": 3,
      "executed_sells": 3,
      "invalid_actions": 110
    }
  }
}