{
  "HCLTECH": {
    "return": 0.031132211785958264,
    "max_drawdown": -0.08795338503613159,
    "sharpe": 0.3613695866834107,
    "buy_hold": {
      "return": 0.22894367991845077,
      "max_drawdown": -0.0610925604380926,
      "sharpe": 2.0682029457179767
    },
    "excess_return_vs_bh": -0.1978114681324925,
    "trades": {
      "chosen_buys": 37,
      "chosen_sells": 37,
      "chosen_holds": 41,
      "executed_buys": 37,
      "executed_sells": 37,
      "invalid_actions": 1
    }
  },
  "HDFCBANK": {
    "return": 0.09182707094330933,
    "max_drawdown": -0.09285634181899739,
    "sharpe": 0.9992252317100262,
    "buy_hold": {
      "return": 0.09617755856966714,
      "max_drawdown": -0.09285634181899745,
      "sharpe": 1.0276887181776813
    },
    "excess_return_vs_bh": -0.004350487626357813,
    "trades": {
      "chosen_buys": 16,
      "chosen_sells": 3,
      "chosen_holds": 96,
      "executed_buys": 4,
      "executed_sells": 4,
      "invalid_actions": 12
    }
  },
  "HINDUNILVR": {
    "return": 0.0,
    "max_drawdown": 0.0,
    "sharpe": 0.0,
    "buy_hold": {
      "return": -0.10563675914971571,
      "max_drawdown": -0.22974690858661734,
      "sharpe": -1.133894334827567
    },
    "excess_return_vs_bh": 0.10563675914971571,
    "trades": {
      "chosen_buys": 0,
      "chosen_sells": 90,
      "chosen_holds": 25,
      "executed_buys": 0,
      "executed_sells": 0,
      "invalid_actions": 90
    }
  },
  "ICICIBANK": {
    "return": 0.045597767847390225,
    "max_drawdown": -0.06809121524560792,
    "sharpe": 0.5252213756520293,
    "buy_hold": {
      "return": 0.05260376438066583,
      "max_drawdown": -0.08625649071687407,
      "sharpe": 0.5525340074306977
    },
    "excess_return_vs_bh": -0.007005996533275605,
    "trades": {
      "chosen_buys": 25,
      "chosen_sells": 11,
      "chosen_holds": 79,
      "executed_buys": 12,
      "executed_sells": 12,
      "invalid_actions": 13
    }
  },
  "INFY": {
    "return": 0.05104179480993776,
    "max_drawdown": -0.06764960629921256,
    "sharpe": 0.6546065975734766,
    "buy_hold": {
      "return": 0.11654608828095259,
      "max_drawdown": -0.10868350185458055,
      "sharpe": 1.031910981822248
    },
    "excess_return_vs_bh": -0.06550429347101483,
    "trades": {
      "chosen_buys": 32,
      "chosen_sells": 45,
      "chosen_holds": 38,
      "executed_buys": 28,
      "executed_sells": 28,
      "invalid_actions": 22
    }
  },
  "ITC": {
    "return": 0.025887259479042024,
    "max_drawdown": -0.12551144531681963,
    "sharpe": 0.23244063307435206,
    "buy_hold": {
      "return": 0.029316367265469045,
      "max_drawdown": -0.12551144531681957,
      "sharpe": 0.2538486653051062
    },
    "excess_return_vs_bh": -0.0034291077864270214,
    "trades": {
      "chosen_buys": 77,
      "chosen_sells": 1,
      "chosen_holds": 37,
      "executed_buys": 2,
      "executed_sells": 2,
      "invalid_actions": 75
    }
  },
  "JSWSTEEL": {
    "return": -0.016975671413770543,
    "max_drawdown": -0.13126863361547755,
    "sharpe": -0.13978587683243582,
    "buy_hold": {
      "return": -0.03515079961360956,
      "max_drawdown": -0.1348763352901549,
      "sharpe": -0.28952041678134377
    },
    "excess_return_vs_bh": 0.01817512819983902,
    "trades": {
      "chosen_buys": 44,
      "chosen_sells": 6,
      "chosen_holds": 65,
      "executed_buys": 7,
      "executed_sells": 7,
      "invalid_actions": 37
    }
  },
  "MARUTI": {
    "return": 0.0,
    "max_drawdown": 0.0,
    "sharpe": 0.0,
    "buy_hold": {
      "return": -0.1459195900015422,
      "max_drawdown": -0.20443700168943946,
      "sharpe": -1.4169504754754652
    },
    "excess_return_vs_bh": 0.1459195900015422,
    "trades": {
      "chosen_buys": 0,
      "chosen_sells": 115,
      "chosen_holds": 0,
      "executed_buys": 0,
      "executed_sells": 0,
      "invalid_actions": 115
    }
  },
  "NTPC": {
    "return": -0.13710001267350092,
    "max_drawdown": -0.24774233128834372,
    "sharpe": -1.1830013259194334,
    "buy_hold": {
      "return": -0.14067159341371716,
      "max_drawdown": -0.2522563176895308,
      "sharpe": -1.2211789984020982
    },
    "excess_return_vs_bh": 0.0035715807402162403,
    "trades": {
      "chosen_buys": 92,
      "chosen_sells": 1,
      "chosen_holds": 22,
      "executed_buys": 2,
      "executed_sells": 2,
      "invalid_actions": 90
    }
  },
  "RELIANCE": {
    "return": -0.24924504822439042,
    "max_drawdown": -0.25184543313021274,
    "sharpe": -3.1853328193301187,
    "buy_hold": {
      "return": -0.2419859754570498,
      "max_drawdown": -0.24536689206110696,
      "sharpe": -3.011143693673078
    },
    "excess_return_vs_bh": -0.007259072767340613,
    "trades": {
      "chosen_buys": 93,
      "chosen_sells": 1,
      "chosen_holds": 21,
      "executed_buys": 2,
      "executed_sells": 2,
      "invalid_actions": 91
    }
  },
  "SBIN": {
    "return": -0.11198088455011912,
    "max_drawdown": -0.13299636056378522,
    "sharpe": -1.0186286433141665,
    "buy_hold": {
      "return": -0.10557667215067801,
      "max_drawdown": -0.13983548766157458,
      "sharpe": -0.9362767676403154
    },
    "excess_return_vs_bh": -0.0064042123994411115,
    "trades": {
      "chosen_buys": 72,
      "chosen_sells": 8,
      "chosen_holds": 35,
      "executed_buys": 9,
      "executed_sells": 9,
      "invalid_actions": 63
    }
  },
  "TATASTEEL": {
    "return": -0.17700074543924804,
    "max_drawdown": -0.176869128146335,
    "sharpe": -1.7091109511262732,
    "buy_hold": {
      "return": -0.17918507609229273,
      "max_drawdown": -0.18790601663529852,
      "sharpe": -1.433688647656228
    },
    "excess_return_vs_bh": 0.002184330653044686,
    "trades": {
      "chosen_buys": 53,
      "chosen_sells": 47,
      "chosen_holds": 15,
      "executed_buys": 47,
      "executed_sells": 47,
      "invalid_actions": 6
    }
  },
  "TCS": {
    "return": 0.0,
    "max_drawdown": 0.0,
    "sharpe": 0.0,
    "buy_hold": {
      "return": -0.0024944833541206135,
      "max_drawdown": -0.1294757068350261,
      "sharpe": -0.019791651245629243
    },
    "excess_return_vs_bh": 0.0024944833541206135,
    "trades": {
      "chosen_buys": 0,
      "chosen_sells": 115,
      "chosen_holds": 0,
      "executed_buys": 0,
      "executed_sells": 0,
      "invalid_actions": 115
    }
  },
  "TMPV": {
    "return": -0.24167700084394295,
    "max_drawdown": -0.29492356083416654,
    "sharpe": -2.1316748824432454,
    "buy_hold": {
      "return": -0.283901609130219,
      "max_drawdown": -0.3783986499156197,
      "sharpe": -2.045231768323485
    },
    "excess_return_vs_bh": 0.042224608286276055,
    "trades": {
      "chosen_buys": 80,
      "chosen_sells": 27,
      "chosen_holds": 8,
      "executed_buys": 18,
      "executed_sells": 18,
      "invalid_actions": 72
    }
  }
}