{
  "HCLTECH": {
    "return": 0.17538082252144438,
    "max_drawdown": -0.06120389283995509,
    "sharpe": 1.822349557619833,
    "buy_hold": {
      "return": 0.22894367991845077,
      "max_drawdown": -0.0610925604380926,
      "sharpe": 2.0682029457179767
    },
    "excess_return_vs_bh": -0.05356285739700639,
    "trades": {
      "chosen_buys": 46,
      "chosen_sells": 31,
      "chosen_holds": 38,
      "executed_buys": 7,
      "executed_sells": 7,
      "invalid_actions": 63
    }
  },
  "HDFCBANK": {
    "return": 0.06541248389095022,
    "max_drawdown": -0.09285634181899756,
    "sharpe": 0.7958200800594404,
    "buy_hold": {
      "return": 0.09617755856966714,
      "max_drawdown": -0.09285634181899745,
      "sharpe": 1.0276887181776813
    },
    "excess_return_vs_bh": -0.03076507467871692,
    "trades": {
      "chosen_buys": 62,
      "chosen_sells": 3,
      "chosen_holds": 50,
      "executed_buys": 4,
      "executed_sells": 4,
      "invalid_actions": 58
    }
  },
  "HINDUNILVR": {
    "return": 0.0,
    "max_drawdown": 0.0,
    "sharpe": 0.0,
    "buy_hold": {
      "return": -0.10563675914971571,
      "max_drawdown": -0.22974690858661734,
      "sharpe": -1.133894334827567
    },
    "excess_return_vs_bh": 0.10563675914971571,
    "trades": {
      "chosen_buys": 0,
      "chosen_sells": 67,
      "chosen_holds": 48,
      "executed_buys": 0,
      "executed_sells": 0,
      "invalid_actions": 67
    }
  },
  "ICICIBANK": {
    "return": 0.053123806483869496,
    "max_drawdown": -0.0797938377036228,
    "sharpe": 0.5568691173211789,
    "buy_hold": {
      "return": 0.05260376438066583,
      "max_drawdown": -0.08625649071687407,
      "sharpe": 0.5525340074306977
    },
    "excess_return_vs_bh": 0.0005200421032036662,
    "trades": {
      "chosen_buys": 71,
      "chosen_sells": 3,
      "chosen_holds": 41,
      "executed_buys": 4,
      "executed_sells": 4,
      "invalid_actions": 67
    }
  },
  "INFY": {
    "return": 0.0636180550344203,
    "max_drawdown": -0.06789409875551983,
    "sharpe": 1.123384488214668,
    "buy_hold": {
      "return": 0.11654608828095259,
      "max_drawdown": -0.10868350185458055,
      "sharpe": 1.031910981822248
    },
    "excess_return_vs_bh": -0.05292803324653228,
    "trades": {
      "chosen_buys": 16,
      "chosen_sells": 66,
      "chosen_holds": 33,
      "executed_buys": 5,
      "executed_sells": 5,
      "invalid_actions": 72
    }
  },
  "ITC": {
    "return": 0.02057382235899552,
    "max_drawdown": -0.1262893165228933,
    "sharpe": 0.18451892905939504,
    "buy_hold": {
      "return": 0.029316367265469045,
      "max_drawdown": -0.12551144531681957,
      "sharpe": 0.2538486653051062
    },
    "excess_return_vs_bh": -0.008742544906473526,
    "trades": {
      "chosen_buys": 6,
      "chosen_sells": 2,
      "chosen_holds": 107,
      "executed_buys": 3,
      "executed_sells": 3,
      "invalid_actions": 3
    }
  },
  "JSWSTEEL": {
    "return": -0.03055573089175434,
    "max_drawdown": -0.1348763352901548,
    "sharpe": -0.2454996088542618,
    "buy_hold": {
      "return": -0.03515079961360956,
      "max_drawdown": -0.1348763352901549,
      "sharpe": -0.28952041678134377
    },
    "excess_return_vs_bh": 0.004595068721855222,
    "trades": {
      "chosen_buys": 104,
      "chosen_sells": 2,
      "chosen_holds": 9,
      "executed_buys": 3,
      "executed_sells": 3,
      "invalid_actions": 101
    }
  },
  "MARUTI": {
    "return": 0.0,
    "max_drawdown": 0.0,
    "sharpe": 0.0,
    "buy_hold": {
      "return": -0.1459195900015422,
      "max_drawdown": -0.20443700168943946,
      "sharpe": -1.4169504754754652
    },
    "excess_return_vs_bh": 0.1459195900015422,
    "trades": {
      "chosen_buys": 0,
      "chosen_sells": 115,
      "chosen_holds": 0,
      "executed_buys": 0,
      "executed_sells": 0,
      "invalid_actions": 115
    }
  },
  "NTPC": {
    "return": -0.1753680188644513,
    "max_drawdown": -0.25300406137184117,
    "sharpe": -1.4456778177116276,
    "buy_hold": {
      "return": -0.14067159341371716,
      "max_drawdown": -0.2522563176895308,
      "sharpe": -1.2211789984020982
    },
    "excess_return_vs_bh": -0.03469642545073415,
    "trades": {
      "chosen_buys": 7,
      "chosen_sells": 2,
      "chosen_holds": 106,
      "executed_buys": 3,
      "executed_sells": 3,
      "invalid_actions": 4
    }
  },
  "RELIANCE": {
    "return": -0.20475422447235192,
    "max_drawdown": -0.21026077840387894,
    "sharpe": -2.7832700943702533,
    "buy_hold": {
      "return": -0.2419859754570498,
      "max_drawdown": -0.24536689206110696,
      "sharpe": -3.011143693673078
    },
    "excess_return_vs_bh": 0.03723175098469789,
    "trades": {
      "chosen_buys": 81,
      "chosen_sells": 7,
      "chosen_holds": 27,
      "executed_buys": 1,
      "executed_sells": 1,
      "invalid_actions": 87
    }
  },
  "SBIN": {
    "return": -0.10581162711479519,
    "max_drawdown": -0.13983548766157447,
    "sharpe": -0.9387520454916335,
    "buy_hold": {
      "return": -0.10557667215067801,
      "max_drawdown": -0.13983548766157458,
      "sharpe": -0.9362767676403154
    },
    "excess_return_vs_bh": -0.00023495496411718442,
    "trades": {
      "chosen_buys": 97,
      "chosen_sells": 1,
      "chosen_holds": 17,
      "executed_buys": 1,
      "executed_sells": 1,
      "invalid_actions": 97
    }
  },
  "TATASTEEL": {
    "return": 0.0,
    "max_drawdown": 0.0,
    "sharpe": 0.0,
    "buy_hold": {
      "return": -0.17918507609229273,
      "max_drawdown": -0.18790601663529852,
      "sharpe": -1.433688647656228
    },
    "excess_return_vs_bh": 0.17918507609229273,
    "trades": {
      "chosen_buys": 0,
      "chosen_sells": 0,
      "chosen_holds": 115,
      "executed_buys": 0,
      "executed_sells": 0,
      "invalid_actions": 0
    }
  },
  "TCS": {
    "return": 0.0,
    "max_drawdown": 0.0,
    "sharpe": 0.0,
    "buy_hold": {
      "return": -0.0024944833541206135,
      "max_drawdown": -0.1294757068350261,
      "sharpe": -0.019791651245629243
    },
    "excess_return_vs_bh": 0.0024944833541206135,
    "trades": {
      "chosen_buys": 0,
      "chosen_sells": 58,
      "chosen_holds": 57,
      "executed_buys": 0,
      "executed_sells": 0,
      "invalid_actions": 58
    }
  },
  "TMPV": {
    "return": 0.0,
    "max_drawdown": 0.0,
    "sharpe": 0.0,
    "buy_hold": {
      "return": -0.283901609130219,
      "max_drawdown": -0.3783986499156197,
      "sharpe": -2.045231768323485
    },
    "excess_return_vs_bh": 0.283901609130219,
    "trades": {
      "chosen_buys": 0,
      "chosen_sells": 6,
      "chosen_holds": 109,
      "executed_buys": 0,
      "executed_sells": 0,
      "invalid_actions": 6
    }
  }
}