{
  "HCLTECH": {
    "return": 0.20817416074304185,
    "max_drawdown": -0.051595032265919785,
    "sharpe": 1.9661928964350115,
    "buy_hold": {
      "return": 0.22894367991845077,
      "max_drawdown": -0.0610925604380926,
      "sharpe": 2.0682029457179767
    },
    "excess_return_vs_bh": -0.020769519175408924,
    "trades": {
      "chosen_buys": 96,
      "chosen_sells": 13,
      "chosen_holds": 6,
      "executed_buys": 14,
      "executed_sells": 14,
      "invalid_actions": 82
    }
  },
  "HDFCBANK": {
    "return": 0.05800935460125878,
    "max_drawdown": -0.09285634181899742,
    "sharpe": 0.640334397725438,
    "buy_hold": {
      "return": 0.09617755856966714,
      "max_drawdown": -0.09285634181899745,
      "sharpe": 1.0276887181776813
    },
    "excess_return_vs_bh": -0.038168203968408365,
    "trades": {
      "chosen_buys": 58,
      "chosen_sells": 3,
      "chosen_holds": 54,
      "executed_buys": 4,
      "executed_sells": 4,
      "invalid_actions": 54
    }
  },
  "HINDUNILVR": {
    "return": -0.10635307816669526,
    "max_drawdown": -0.19819864518167918,
    "sharpe": -1.0747356126227738,
    "buy_hold": {
      "return": -0.10563675914971571,
      "max_drawdown": -0.22974690858661734,
      "sharpe": -1.133894334827567
    },
    "excess_return_vs_bh": -0.0007163190169795497,
    "trades": {
      "chosen_buys": 92,
      "chosen_sells": 19,
      "chosen_holds": 4,
      "executed_buys": 20,
      "executed_sells": 20,
      "invalid_actions": 72
    }
  },
  "ICICIBANK": {
    "return": 0.029996964474479082,
    "max_drawdown": -0.07386218658117609,
    "sharpe": 0.38259830514001664,
    "buy_hold": {
      "return": 0.05260376438066583,
      "max_drawdown": -0.08625649071687407,
      "sharpe": 0.5525340074306977
    },
    "excess_return_vs_bh": -0.022606799906186748,
    "trades": {
      "chosen_buys": 83,
      "chosen_sells": 11,
      "chosen_holds": 21,
      "executed_buys": 12,
      "executed_sells": 12,
      "invalid_actions": 71
    }
  },
  "INFY": {
    "return": 0.07452526117525893,
    "max_drawdown": -0.10868350185458055,
    "sharpe": 0.6881697031790391,
    "buy_hold": {
      "return": 0.11654608828095259,
      "max_drawdown": -0.10868350185458055,
      "sharpe": 1.031910981822248
    },
    "excess_return_vs_bh": -0.04202082710569366,
    "trades": {
      "chosen_buys": 95,
      "chosen_sells": 14,
      "chosen_holds": 6,
      "executed_buys": 15,
      "executed_sells": 15,
      "invalid_actions": 80
    }
  },
  "ITC": {
    "return": 0.02171070426654831,
    "max_drawdown": -0.1255114453168197,
    "sharpe": 0.1944224618482029,
    "buy_hold": {
      "return": 0.029316367265469045,
      "max_drawdown": -0.12551144531681957,
      "sharpe": 0.2538486653051062
    },
    "excess_return_vs_bh": -0.007605662998920737,
    "trades": {
      "chosen_buys": 42,
      "chosen_sells": 2,
      "chosen_holds": 71,
      "executed_buys": 3,
      "executed_sells": 3,
      "invalid_actions": 39
    }
  },
  "JSWSTEEL": {
    "return": -0.026896612264756925,
    "max_drawdown": -0.13487633529015486,
    "sharpe": -0.22388931964511952,
    "buy_hold": {
      "return": -0.03515079961360956,
      "max_drawdown": -0.1348763352901549,
      "sharpe": -0.28952041678134377
    },
    "excess_return_vs_bh": 0.008254187348852637,
    "trades": {
      "chosen_buys": 93,
      "chosen_sells": 3,
      "chosen_holds": 19,
      "executed_buys": 4,
      "executed_sells": 4,
      "invalid_actions": 89
    }
  },
  "MARUTI": {
    "return": 0.0,
    "max_drawdown": 0.0,
    "sharpe": 0.0,
    "buy_hold": {
      "return": -0.1459195900015422,
      "max_drawdown": -0.20443700168943946,
      "sharpe": -1.4169504754754652
    },
    "excess_return_vs_bh": 0.1459195900015422,
    "trades": {
      "chosen_buys": 0,
      "chosen_sells": 115,
      "chosen_holds": 0,
      "executed_buys": 0,
      "executed_sells": 0,
      "invalid_actions": 115
    }
  },
  "NTPC": {
    "return": -0.15876500085333112,
    "max_drawdown": -0.24774233128834378,
    "sharpe": -1.2952599654754906,
    "buy_hold": {
      "return": -0.14067159341371716,
      "max_drawdown": -0.2522563176895308,
      "sharpe": -1.2211789984020982
    },
    "excess_return_vs_bh": -0.018093407439613962,
    "trades": {
      "chosen_buys": 56,
      "chosen_sells": 3,
      "chosen_holds": 56,
      "executed_buys": 4,
      "executed_sells": 4,
      "invalid_actions": 52
    }
  },
  "RELIANCE": {
    "return": -0.2427439894815927,
    "max_drawdown": -0.24536689206110696,
    "sharpe": -3.0111436936730853,
    "buy_hold": {
      "return": -0.2419859754570498,
      "max_drawdown": -0.24536689206110696,
      "sharpe": -3.011143693673078
    },
    "excess_return_vs_bh": -0.0007580140245428968,
    "trades": {
      "chosen_buys": 82,
      "chosen_sells": 0,
      "chosen_holds": 33,
      "executed_buys": 1,
      "executed_sells": 1,
      "invalid_actions": 81
    }
  },
  "SBIN": {
    "return": -0.13617141081360662,
    "max_drawdown": -0.13530671753113777,
    "sharpe": -1.4176149491376826,
    "buy_hold": {
      "return": -0.10557667215067801,
      "max_drawdown": -0.13983548766157458,
      "sharpe": -0.9362767676403154
    },
    "excess_return_vs_bh": -0.03059473866292861,
    "trades": {
      "chosen_buys": 90,
      "chosen_sells": 24,
      "chosen_holds": 1,
      "executed_buys": 25,
      "executed_sells": 25,
      "invalid_actions": 65
    }
  },
  "TATASTEEL": {
    "return": -0.18000589101620035,
    "max_drawdown": -0.18790601663529838,
    "sharpe": -1.4336886476562274,
    "buy_hold": {
      "return": -0.17918507609229273,
      "max_drawdown": -0.18790601663529852,
      "sharpe": -1.433688647656228
    },
    "excess_return_vs_bh": -0.0008208149239076201,
    "trades": {
      "chosen_buys": 115,
      "chosen_sells": 0,
      "chosen_holds": 0,
      "executed_buys": 1,
      "executed_sells": 1,
      "invalid_actions": 114
    }
  },
  "TCS": {
    "return": -0.020813452639990015,
    "max_drawdown": -0.07385993338316732,
    "sharpe": -0.3918582985827568,
    "buy_hold": {
      "return": -0.0024944833541206135,
      "max_drawdown": -0.1294757068350261,
      "sharpe": -0.019791651245629243
    },
    "excess_return_vs_bh": -0.018318969285869402,
    "trades": {
      "chosen_buys": 25,
      "chosen_sells": 90,
      "chosen_holds": 0,
      "executed_buys": 25,
      "executed_sells": 25,
      "invalid_actions": 65
    }
  },
  "TMPV": {
    "return": -0.19287252588300474,
    "max_drawdown": -0.21343876177658141,
    "sharpe": -2.103186193763389,
    "buy_hold": {
      "return": -0.283901609130219,
      "max_drawdown": -0.3783986499156197,
      "sharpe": -2.045231768323485
    },
    "excess_return_vs_bh": 0.09102908324721426,
    "trades": {
      "chosen_buys": 54,
      "chosen_sells": 61,
      "chosen_holds": 0,
      "executed_buys": 2,
      "executed_sells": 2,
      "invalid_actions": 112
    }
  }
}