{
  "HCLTECH": {
    "return": 0.20191097379604628,
    "max_drawdown": -0.0610925604380926,
    "sharpe": 1.8945686120962741,
    "buy_hold": {
      "return": 0.22894367991845077,
      "max_drawdown": -0.0610925604380926,
      "sharpe": 2.0682029457179767
    },
    "excess_return_vs_bh": -0.027032706122404493,
    "trades": {
      "chosen_buys": 29,
      "chosen_sells": 13,
      "chosen_holds": 73,
      "executed_buys": 14,
      "executed_sells": 14,
      "invalid_actions": 15
    }
  },
  "HDFCBANK": {
    "return": 0.07164267054160556,
    "max_drawdown": -0.09285634181899752,
    "sharpe": 0.747566609808581,
    "buy_hold": {
      "return": 0.09617755856966714,
      "max_drawdown": -0.09285634181899745,
      "sharpe": 1.0276887181776813
    },
    "excess_return_vs_bh": -0.024534888028061586,
    "trades": {
      "chosen_buys": 9,
      "chosen_sells": 3,
      "chosen_holds": 103,
      "executed_buys": 4,
      "executed_sells": 4,
      "invalid_actions": 5
    }
  },
  "HINDUNILVR": {
    "return": -0.14571612818663615,
    "max_drawdown": -0.17493252262092424,
    "sharpe": -1.581518564007072,
    "buy_hold": {
      "return": -0.10563675914971571,
      "max_drawdown": -0.22974690858661734,
      "sharpe": -1.133894334827567
    },
    "excess_return_vs_bh": -0.04007936903692044,
    "trades": {
      "chosen_buys": 70,
      "chosen_sells": 40,
      "chosen_holds": 5,
      "executed_buys": 29,
      "executed_sells": 29,
      "invalid_actions": 53
    }
  },
  "ICICIBANK": {
    "return": -0.025708593998023166,
    "max_drawdown": -0.08717023422615719,
    "sharpe": -0.27973049349383117,
    "buy_hold": {
      "return": 0.05260376438066583,
      "max_drawdown": -0.08625649071687407,
      "sharpe": 0.5525340074306977
    },
    "excess_return_vs_bh": -0.078312358378689,
    "trades": {
      "chosen_buys": 7,
      "chosen_sells": 6,
      "chosen_holds": 102,
      "executed_buys": 7,
      "executed_sells": 7,
      "invalid_actions": 0
    }
  },
  "INFY": {
    "return": 0.021608379979536574,
    "max_drawdown": -0.10868350185458048,
    "sharpe": 0.2001586256505342,
    "buy_hold": {
      "return": 0.11654608828095259,
      "max_drawdown": -0.10868350185458055,
      "sharpe": 1.031910981822248
    },
    "excess_return_vs_bh": -0.09493770830141601,
    "trades": {
      "chosen_buys": 58,
      "chosen_sells": 13,
      "chosen_holds": 44,
      "executed_buys": 14,
      "executed_sells": 14,
      "invalid_actions": 44
    }
  },
  "ITC": {
    "return": -0.01766606209335997,
    "max_drawdown": -0.15316064606218252,
    "sharpe": -0.16072778302843288,
    "buy_hold": {
      "return": 0.029316367265469045,
      "max_drawdown": -0.12551144531681957,
      "sharpe": 0.2538486653051062
    },
    "excess_return_vs_bh": -0.046982429358829014,
    "trades": {
      "chosen_buys": 83,
      "chosen_sells": 2,
      "chosen_holds": 30,
      "executed_buys": 3,
      "executed_sells": 3,
      "invalid_actions": 80
    }
  },
  "JSWSTEEL": {
    "return": -0.026896612264756925,
    "max_drawdown": -0.13487633529015486,
    "sharpe": -0.22388931964511952,
    "buy_hold": {
      "return": -0.03515079961360956,
      "max_drawdown": -0.1348763352901549,
      "sharpe": -0.28952041678134377
    },
    "excess_return_vs_bh": 0.008254187348852637,
    "trades": {
      "chosen_buys": 4,
      "chosen_sells": 3,
      "chosen_holds": 108,
      "executed_buys": 4,
      "executed_sells": 4,
      "invalid_actions": 0
    }
  },
  "MARUTI": {
    "return": 0.0,
    "max_drawdown": 0.0,
    "sharpe": 0.0,
    "buy_hold": {
      "return": -0.1459195900015422,
      "max_drawdown": -0.20443700168943946,
      "sharpe": -1.4169504754754652
    },
    "excess_return_vs_bh": 0.1459195900015422,
    "trades": {
      "chosen_buys": 0,
      "chosen_sells": 115,
      "chosen_holds": 0,
      "executed_buys": 0,
      "executed_sells": 0,
      "invalid_actions": 115
    }
  },
  "NTPC": {
    "return": -0.14712223527193535,
    "max_drawdown": -0.2593367200904172,
    "sharpe": -1.3292147532803782,
    "buy_hold": {
      "return": -0.14067159341371716,
      "max_drawdown": -0.2522563176895308,
      "sharpe": -1.2211789984020982
    },
    "excess_return_vs_bh": -0.006450641858218198,
    "trades": {
      "chosen_buys": 54,
      "chosen_sells": 2,
      "chosen_holds": 59,
      "executed_buys": 3,
      "executed_sells": 3,
      "invalid_actions": 51
    }
  },
  "RELIANCE": {
    "return": -0.23046545225217474,
    "max_drawdown": -0.23428499874780875,
    "sharpe": -2.8103151517471647,
    "buy_hold": {
      "return": -0.2419859754570498,
      "max_drawdown": -0.24536689206110696,
      "sharpe": -3.011143693673078
    },
    "excess_return_vs_bh": 0.011520523204875066,
    "trades": {
      "chosen_buys": 64,
      "chosen_sells": 1,
      "chosen_holds": 50,
      "executed_buys": 2,
      "executed_sells": 2,
      "invalid_actions": 62
    }
  },
  "SBIN": {
    "return": -0.10403371485441415,
    "max_drawdown": -0.13663754427390792,
    "sharpe": -0.9135465710526282,
    "buy_hold": {
      "return": -0.10557667215067801,
      "max_drawdown": -0.13983548766157458,
      "sharpe": -0.9362767676403154
    },
    "excess_return_vs_bh": 0.0015429572962638582,
    "trades": {
      "chosen_buys": 7,
      "chosen_sells": 1,
      "chosen_holds": 107,
      "executed_buys": 2,
      "executed_sells": 2,
      "invalid_actions": 5
    }
  },
  "TATASTEEL": {
    "return": -0.14967340384399253,
    "max_drawdown": -0.15248847562183432,
    "sharpe": -1.2550414701649752,
    "buy_hold": {
      "return": -0.17918507609229273,
      "max_drawdown": -0.18790601663529852,
      "sharpe": -1.433688647656228
    },
    "excess_return_vs_bh": 0.029511672248300203,
    "trades": {
      "chosen_buys": 85,
      "chosen_sells": 9,
      "chosen_holds": 21,
      "executed_buys": 10,
      "executed_sells": 10,
      "invalid_actions": 75
    }
  },
  "TCS": {
    "return": 0.0,
    "max_drawdown": 0.0,
    "sharpe": 0.0,
    "buy_hold": {
      "return": -0.0024944833541206135,
      "max_drawdown": -0.1294757068350261,
      "sharpe": -0.019791651245629243
    },
    "excess_return_vs_bh": 0.0024944833541206135,
    "trades": {
      "chosen_buys": 0,
      "chosen_sells": 115,
      "chosen_holds": 0,
      "executed_buys": 0,
      "executed_sells": 0,
      "invalid_actions": 115
    }
  },
  "TMPV": {
    "return": -0.3123262384279708,
    "max_drawdown": -0.3558942042311916,
    "sharpe": -2.5874902732687106,
    "buy_hold": {
      "return": -0.283901609130219,
      "max_drawdown": -0.3783986499156197,
      "sharpe": -2.045231768323485
    },
    "excess_return_vs_bh": -0.028424629297751802,
    "trades": {
      "chosen_buys": 86,
      "chosen_sells": 14,
      "chosen_holds": 15,
      "executed_buys": 15,
      "executed_sells": 15,
      "invalid_actions": 71
    }
  }
}