{
  "HCLTECH": {
    "return": 0.18838935038185434,
    "max_drawdown": -0.06109256043809283,
    "sharpe": 1.6146014542820482,
    "buy_hold": {
      "return": 0.22894367991845077,
      "max_drawdown": -0.0610925604380926,
      "sharpe": 2.0682029457179767
    },
    "excess_return_vs_bh": -0.040554329536596434,
    "trades": {
      "chosen_buys": 77,
      "chosen_sells": 8,
      "chosen_holds": 30,
      "executed_buys": 9,
      "executed_sells": 9,
      "invalid_actions": 68
    }
  },
  "HDFCBANK": {
    "return": 0.0812723706129399,
    "max_drawdown": -0.09285634181899756,
    "sharpe": 0.8649240434113667,
    "buy_hold": {
      "return": 0.09617755856966714,
      "max_drawdown": -0.09285634181899745,
      "sharpe": 1.0276887181776813
    },
    "excess_return_vs_bh": -0.01490518795672724,
    "trades": {
      "chosen_buys": 26,
      "chosen_sells": 3,
      "chosen_holds": 86,
      "executed_buys": 4,
      "executed_sells": 4,
      "invalid_actions": 22
    }
  },
  "HINDUNILVR": {
    "return": 0.0,
    "max_drawdown": 0.0,
    "sharpe": 0.0,
    "buy_hold": {
      "return": -0.10563675914971571,
      "max_drawdown": -0.22974690858661734,
      "sharpe": -1.133894334827567
    },
    "excess_return_vs_bh": 0.10563675914971571,
    "trades": {
      "chosen_buys": 0,
      "chosen_sells": 71,
      "chosen_holds": 44,
      "executed_buys": 0,
      "executed_sells": 0,
      "invalid_actions": 71
    }
  },
  "ICICIBANK": {
    "return": 0.010155781389746155,
    "max_drawdown": -0.08717023422615724,
    "sharpe": 0.11840364780078365,
    "buy_hold": {
      "return": 0.05260376438066583,
      "max_drawdown": -0.08625649071687407,
      "sharpe": 0.5525340074306977
    },
    "excess_return_vs_bh": -0.042447982990919675,
    "trades": {
      "chosen_buys": 84,
      "chosen_sells": 2,
      "chosen_holds": 29,
      "executed_buys": 3,
      "executed_sells": 3,
      "invalid_actions": 81
    }
  },
  "INFY": {
    "return": 0.07024257644736731,
    "max_drawdown": -0.10868350185458055,
    "sharpe": 0.6256325744430161,
    "buy_hold": {
      "return": 0.11654608828095259,
      "max_drawdown": -0.10868350185458055,
      "sharpe": 1.031910981822248
    },
    "excess_return_vs_bh": -0.046303511833585276,
    "trades": {
      "chosen_buys": 70,
      "chosen_sells": 12,
      "chosen_holds": 33,
      "executed_buys": 7,
      "executed_sells": 7,
      "invalid_actions": 69
    }
  },
  "ITC": {
    "return": 0.04415432087386417,
    "max_drawdown": -0.12551144531681974,
    "sharpe": 0.3971315771705677,
    "buy_hold": {
      "return": 0.029316367265469045,
      "max_drawdown": -0.12551144531681957,
      "sharpe": 0.2538486653051062
    },
    "excess_return_vs_bh": 0.014837953608395127,
    "trades": {
      "chosen_buys": 32,
      "chosen_sells": 2,
      "chosen_holds": 81,
      "executed_buys": 3,
      "executed_sells": 3,
      "invalid_actions": 29
    }
  },
  "JSWSTEEL": {
    "return": -0.0536262613493651,
    "max_drawdown": -0.13487633529015478,
    "sharpe": -0.4448521196364469,
    "buy_hold": {
      "return": -0.03515079961360956,
      "max_drawdown": -0.1348763352901549,
      "sharpe": -0.28952041678134377
    },
    "excess_return_vs_bh": -0.01847546173575554,
    "trades": {
      "chosen_buys": 93,
      "chosen_sells": 2,
      "chosen_holds": 20,
      "executed_buys": 3,
      "executed_sells": 3,
      "invalid_actions": 90
    }
  },
  "MARUTI": {
    "return": 0.0,
    "max_drawdown": 0.0,
    "sharpe": 0.0,
    "buy_hold": {
      "return": -0.1459195900015422,
      "max_drawdown": -0.20443700168943946,
      "sharpe": -1.4169504754754652
    },
    "excess_return_vs_bh": 0.1459195900015422,
    "trades": {
      "chosen_buys": 0,
      "chosen_sells": 115,
      "chosen_holds": 0,
      "executed_buys": 0,
      "executed_sells": 0,
      "invalid_actions": 115
    }
  },
  "NTPC": {
    "return": -0.1575732523433433,
    "max_drawdown": -0.24774233128834375,
    "sharpe": -1.2854189385049262,
    "buy_hold": {
      "return": -0.14067159341371716,
      "max_drawdown": -0.2522563176895308,
      "sharpe": -1.2211789984020982
    },
    "excess_return_vs_bh": -0.01690165892962614,
    "trades": {
      "chosen_buys": 15,
      "chosen_sells": 2,
      "chosen_holds": 98,
      "executed_buys": 3,
      "executed_sells": 3,
      "invalid_actions": 12
    }
  },
  "RELIANCE": {
    "return": -0.2427439894815927,
    "max_drawdown": -0.24536689206110696,
    "sharpe": -3.0111436936730853,
    "buy_hold": {
      "return": -0.2419859754570498,
      "max_drawdown": -0.24536689206110696,
      "sharpe": -3.011143693673078
    },
    "excess_return_vs_bh": -0.0007580140245428968,
    "trades": {
      "chosen_buys": 114,
      "chosen_sells": 0,
      "chosen_holds": 1,
      "executed_buys": 1,
      "executed_sells": 1,
      "invalid_actions": 113
    }
  },
  "SBIN": {
    "return": -0.10647109547852729,
    "max_drawdown": -0.13983548766157458,
    "sharpe": -0.936276767640314,
    "buy_hold": {
      "return": -0.10557667215067801,
      "max_drawdown": -0.13983548766157458,
      "sharpe": -0.9362767676403154
    },
    "excess_return_vs_bh": -0.0008944233278492808,
    "trades": {
      "chosen_buys": 96,
      "chosen_sells": 0,
      "chosen_holds": 19,
      "executed_buys": 1,
      "executed_sells": 1,
      "invalid_actions": 95
    }
  },
  "TATASTEEL": {
    "return": 0.0,
    "max_drawdown": 0.0,
    "sharpe": 0.0,
    "buy_hold": {
      "return": -0.17918507609229273,
      "max_drawdown": -0.18790601663529852,
      "sharpe": -1.433688647656228
    },
    "excess_return_vs_bh": 0.17918507609229273,
    "trades": {
      "chosen_buys": 0,
      "chosen_sells": 0,
      "chosen_holds": 115,
      "executed_buys": 0,
      "executed_sells": 0,
      "invalid_actions": 0
    }
  },
  "TCS": {
    "return": 0.0,
    "max_drawdown": 0.0,
    "sharpe": 0.0,
    "buy_hold": {
      "return": -0.0024944833541206135,
      "max_drawdown": -0.1294757068350261,
      "sharpe": -0.019791651245629243
    },
    "excess_return_vs_bh": 0.0024944833541206135,
    "trades": {
      "chosen_buys": 0,
      "chosen_sells": 25,
      "chosen_holds": 90,
      "executed_buys": 0,
      "executed_sells": 0,
      "invalid_actions": 25
    }
  },
  "TMPV": {
    "return": 0.0249318909772136,
    "max_drawdown": -0.03470598242132117,
    "sharpe": 0.5377361913542068,
    "buy_hold": {
      "return": -0.283901609130219,
      "max_drawdown": -0.3783986499156197,
      "sharpe": -2.045231768323485
    },
    "excess_return_vs_bh": 0.3088335001074326,
    "trades": {
      "chosen_buys": 4,
      "chosen_sells": 3,
      "chosen_holds": 108,
      "executed_buys": 3,
      "executed_sells": 3,
      "invalid_actions": 1
    }
  }
}