{
  "HCLTECH": {
    "return": 0.0,
    "max_drawdown": 0.0,
    "sharpe": 0.0,
    "buy_hold": {
      "return": 0.22894367991845077,
      "max_drawdown": -0.0610925604380926,
      "sharpe": 2.0682029457179767
    },
    "excess_return_vs_bh": -0.22894367991845077,
    "trades": {
      "chosen_buys": 0,
      "chosen_sells": 115,
      "chosen_holds": 0,
      "executed_buys": 0,
      "executed_sells": 0,
      "invalid_actions": 115
    }
  },
  "HDFCBANK": {
    "return": 0.060072264328935976,
    "max_drawdown": -0.09285634181899742,
    "sharpe": 0.6414773501071075,
    "buy_hold": {
      "return": 0.09617755856966714,
      "max_drawdown": -0.09285634181899745,
      "sharpe": 1.0276887181776813
    },
    "excess_return_vs_bh": -0.03610529424073117,
    "trades": {
      "chosen_buys": 77,
      "chosen_sells": 3,
      "chosen_holds": 35,
      "executed_buys": 4,
      "executed_sells": 4,
      "invalid_actions": 73
    }
  },
  "HINDUNILVR": {
    "return": 0.0,
    "max_drawdown": 0.0,
    "sharpe": 0.0,
    "buy_hold": {
      "return": -0.10563675914971571,
      "max_drawdown": -0.22974690858661734,
      "sharpe": -1.133894334827567
    },
    "excess_return_vs_bh": 0.10563675914971571,
    "trades": {
      "chosen_buys": 0,
      "chosen_sells": 115,
      "chosen_holds": 0,
      "executed_buys": 0,
      "executed_sells": 0,
      "invalid_actions": 115
    }
  },
  "ICICIBANK": {
    "return": 0.0,
    "max_drawdown": 0.0,
    "sharpe": 0.0,
    "buy_hold": {
      "return": 0.05260376438066583,
      "max_drawdown": -0.08625649071687407,
      "sharpe": 0.5525340074306977
    },
    "excess_return_vs_bh": -0.05260376438066583,
    "trades": {
      "chosen_buys": 0,
      "chosen_sells": 115,
      "chosen_holds": 0,
      "executed_buys": 0,
      "executed_sells": 0,
      "invalid_actions": 115
    }
  },
  "INFY": {
    "return": 0.0,
    "max_drawdown": 0.0,
    "sharpe": 0.0,
    "buy_hold": {
      "return": 0.11654608828095259,
      "max_drawdown": -0.10868350185458055,
      "sharpe": 1.031910981822248
    },
    "excess_return_vs_bh": -0.11654608828095259,
    "trades": {
      "chosen_buys": 0,
      "chosen_sells": 115,
      "chosen_holds": 0,
      "executed_buys": 0,
      "executed_sells": 0,
      "invalid_actions": 115
    }
  },
  "ITC": {
    "return": 0.04415432087386417,
    "max_drawdown": -0.12551144531681974,
    "sharpe": 0.3971315771705677,
    "buy_hold": {
      "return": 0.029316367265469045,
      "max_drawdown": -0.12551144531681957,
      "sharpe": 0.2538486653051062
    },
    "excess_return_vs_bh": 0.014837953608395127,
    "trades": {
      "chosen_buys": 105,
      "chosen_sells": 2,
      "chosen_holds": 8,
      "executed_buys": 3,
      "executed_sells": 3,
      "invalid_actions": 102
    }
  },
  "JSWSTEEL": {
    "return": 0.006525291089754415,
    "max_drawdown": -0.11254257367096102,
    "sharpe": 0.06840091900978915,
    "buy_hold": {
      "return": -0.03515079961360956,
      "max_drawdown": -0.1348763352901549,
      "sharpe": -0.28952041678134377
    },
    "excess_return_vs_bh": 0.04167609070336398,
    "trades": {
      "chosen_buys": 57,
      "chosen_sells": 28,
      "chosen_holds": 30,
      "executed_buys": 6,
      "executed_sells": 6,
      "invalid_actions": 74
    }
  },
  "MARUTI": {
    "return": 0.0,
    "max_drawdown": 0.0,
    "sharpe": 0.0,
    "buy_hold": {
      "return": -0.1459195900015422,
      "max_drawdown": -0.20443700168943946,
      "sharpe": -1.4169504754754652
    },
    "excess_return_vs_bh": 0.1459195900015422,
    "trades": {
      "chosen_buys": 0,
      "chosen_sells": 115,
      "chosen_holds": 0,
      "executed_buys": 0,
      "executed_sells": 0,
      "invalid_actions": 115
    }
  },
  "NTPC": {
    "return": -0.1575732523433433,
    "max_drawdown": -0.24774233128834375,
    "sharpe": -1.2854189385049262,
    "buy_hold": {
      "return": -0.14067159341371716,
      "max_drawdown": -0.2522563176895308,
      "sharpe": -1.2211789984020982
    },
    "excess_return_vs_bh": -0.01690165892962614,
    "trades": {
      "chosen_buys": 69,
      "chosen_sells": 2,
      "chosen_holds": 44,
      "executed_buys": 3,
      "executed_sells": 3,
      "invalid_actions": 66
    }
  },
  "RELIANCE": {
    "return": 0.0,
    "max_drawdown": 0.0,
    "sharpe": 0.0,
    "buy_hold": {
      "return": -0.2419859754570498,
      "max_drawdown": -0.24536689206110696,
      "sharpe": -3.011143693673078
    },
    "excess_return_vs_bh": 0.2419859754570498,
    "trades": {
      "chosen_buys": 0,
      "chosen_sells": 115,
      "chosen_holds": 0,
      "executed_buys": 0,
      "executed_sells": 0,
      "invalid_actions": 115
    }
  },
  "SBIN": {
    "return": 0.0,
    "max_drawdown": 0.0,
    "sharpe": 0.0,
    "buy_hold": {
      "return": -0.10557667215067801,
      "max_drawdown": -0.13983548766157458,
      "sharpe": -0.9362767676403154
    },
    "excess_return_vs_bh": 0.10557667215067801,
    "trades": {
      "chosen_buys": 0,
      "chosen_sells": 115,
      "chosen_holds": 0,
      "executed_buys": 0,
      "executed_sells": 0,
      "invalid_actions": 115
    }
  },
  "TATASTEEL": {
    "return": 0.0,
    "max_drawdown": 0.0,
    "sharpe": 0.0,
    "buy_hold": {
      "return": -0.17918507609229273,
      "max_drawdown": -0.18790601663529852,
      "sharpe": -1.433688647656228
    },
    "excess_return_vs_bh": 0.17918507609229273,
    "trades": {
      "chosen_buys": 0,
      "chosen_sells": 115,
      "chosen_holds": 0,
      "executed_buys": 0,
      "executed_sells": 0,
      "invalid_actions": 115
    }
  },
  "TCS": {
    "return": 0.0,
    "max_drawdown": 0.0,
    "sharpe": 0.0,
    "buy_hold": {
      "return": -0.0024944833541206135,
      "max_drawdown": -0.1294757068350261,
      "sharpe": -0.019791651245629243
    },
    "excess_return_vs_bh": 0.0024944833541206135,
    "trades": {
      "chosen_buys": 0,
      "chosen_sells": 115,
      "chosen_holds": 0,
      "executed_buys": 0,
      "executed_sells": 0,
      "invalid_actions": 115
    }
  },
  "TMPV": {
    "return": 0.0,
    "max_drawdown": 0.0,
    "sharpe": 0.0,
    "buy_hold": {
      "return": -0.283901609130219,
      "max_drawdown": -0.3783986499156197,
      "sharpe": -2.045231768323485
    },
    "excess_return_vs_bh": 0.283901609130219,
    "trades": {
      "chosen_buys": 0,
      "chosen_sells": 115,
      "chosen_holds": 0,
      "executed_buys": 0,
      "executed_sells": 0,
      "invalid_actions": 115
    }
  }
}