{
  "HCLTECH": {
    "return": 0.0002177795029092433,
    "max_drawdown": -0.07020102503141616,
    "sharpe": 0.015154641782950036,
    "buy_hold": {
      "return": 0.22894367991845077,
      "max_drawdown": -0.0610925604380926,
      "sharpe": 2.0682029457179767
    },
    "excess_return_vs_bh": -0.22872590041554153,
    "trades": {
      "chosen_buys": 60,
      "chosen_sells": 55,
      "chosen_holds": 0,
      "executed_buys": 45,
      "executed_sells": 45,
      "invalid_actions": 26
    }
  },
  "HDFCBANK": {
    "return": 0.09164177136528151,
    "max_drawdown": -0.09285634181899739,
    "sharpe": 0.9852219618373398,
    "buy_hold": {
      "return": 0.09617755856966714,
      "max_drawdown": -0.09285634181899745,
      "sharpe": 1.0276887181776813
    },
    "excess_return_vs_bh": -0.004535787204385633,
    "trades": {
      "chosen_buys": 113,
      "chosen_sells": 2,
      "chosen_holds": 0,
      "executed_buys": 3,
      "executed_sells": 3,
      "invalid_actions": 110
    }
  },
  "HINDUNILVR": {
    "return": 0.0,
    "max_drawdown": 0.0,
    "sharpe": 0.0,
    "buy_hold": {
      "return": -0.10563675914971571,
      "max_drawdown": -0.22974690858661734,
      "sharpe": -1.133894334827567
    },
    "excess_return_vs_bh": 0.10563675914971571,
    "trades": {
      "chosen_buys": 0,
      "chosen_sells": 115,
      "chosen_holds": 0,
      "executed_buys": 0,
      "executed_sells": 0,
      "invalid_actions": 115
    }
  },
  "ICICIBANK": {
    "return": -0.015488637079625223,
    "max_drawdown": -0.06711332735393037,
    "sharpe": -0.21461937886226842,
    "buy_hold": {
      "return": 0.05260376438066583,
      "max_drawdown": -0.08625649071687407,
      "sharpe": 0.5525340074306977
    },
    "excess_return_vs_bh": -0.06809240146029105,
    "trades": {
      "chosen_buys": 86,
      "chosen_sells": 29,
      "chosen_holds": 0,
      "executed_buys": 30,
      "executed_sells": 30,
      "invalid_actions": 56
    }
  },
  "INFY": {
    "return": 0.14865241357586356,
    "max_drawdown": -0.04564414843614798,
    "sharpe": 1.9459056566061583,
    "buy_hold": {
      "return": 0.11654608828095259,
      "max_drawdown": -0.10868350185458055,
      "sharpe": 1.031910981822248
    },
    "excess_return_vs_bh": 0.032106325294910976,
    "trades": {
      "chosen_buys": 35,
      "chosen_sells": 80,
      "chosen_holds": 0,
      "executed_buys": 29,
      "executed_sells": 29,
      "invalid_actions": 57
    }
  },
  "ITC": {
    "return": 0.023851867025749485,
    "max_drawdown": -0.12551144531681954,
    "sharpe": 0.21580262360766106,
    "buy_hold": {
      "return": 0.029316367265469045,
      "max_drawdown": -0.12551144531681957,
      "sharpe": 0.2538486653051062
    },
    "excess_return_vs_bh": -0.005464500239719561,
    "trades": {
      "chosen_buys": 114,
      "chosen_sells": 1,
      "chosen_holds": 0,
      "executed_buys": 2,
      "executed_sells": 2,
      "invalid_actions": 112
    }
  },
  "JSWSTEEL": {
    "return": -0.027963643733723287,
    "max_drawdown": -0.13126863361547755,
    "sharpe": -0.22434931368806496,
    "buy_hold": {
      "return": -0.03515079961360956,
      "max_drawdown": -0.1348763352901549,
      "sharpe": -0.28952041678134377
    },
    "excess_return_vs_bh": 0.007187155879886276,
    "trades": {
      "chosen_buys": 113,
      "chosen_sells": 2,
      "chosen_holds": 0,
      "executed_buys": 3,
      "executed_sells": 3,
      "invalid_actions": 110
    }
  },
  "MARUTI": {
    "return": 0.0,
    "max_drawdown": 0.0,
    "sharpe": 0.0,
    "buy_hold": {
      "return": -0.1459195900015422,
      "max_drawdown": -0.20443700168943946,
      "sharpe": -1.4169504754754652
    },
    "excess_return_vs_bh": 0.1459195900015422,
    "trades": {
      "chosen_buys": 0,
      "chosen_sells": 115,
      "chosen_holds": 0,
      "executed_buys": 0,
      "executed_sells": 0,
      "invalid_actions": 115
    }
  },
  "NTPC": {
    "return": -0.15825888332782845,
    "max_drawdown": -0.25225631768953066,
    "sharpe": -1.3586665359961576,
    "buy_hold": {
      "return": -0.14067159341371716,
      "max_drawdown": -0.2522563176895308,
      "sharpe": -1.2211789984020982
    },
    "excess_return_vs_bh": -0.017587289914111293,
    "trades": {
      "chosen_buys": 114,
      "chosen_sells": 1,
      "chosen_holds": 0,
      "executed_buys": 2,
      "executed_sells": 2,
      "invalid_actions": 112
    }
  },
  "RELIANCE": {
    "return": -0.21867214480160513,
    "max_drawdown": -0.22573726007137573,
    "sharpe": -2.6085509203954733,
    "buy_hold": {
      "return": -0.2419859754570498,
      "max_drawdown": -0.24536689206110696,
      "sharpe": -3.011143693673078
    },
    "excess_return_vs_bh": 0.02331383065544468,
    "trades": {
      "chosen_buys": 98,
      "chosen_sells": 2,
      "chosen_holds": 15,
      "executed_buys": 2,
      "executed_sells": 2,
      "invalid_actions": 97
    }
  },
  "SBIN": {
    "return": -0.04068595941635644,
    "max_drawdown": -0.09263698231735679,
    "sharpe": -0.45917530127551237,
    "buy_hold": {
      "return": -0.10557667215067801,
      "max_drawdown": -0.13983548766157458,
      "sharpe": -0.9362767676403154
    },
    "excess_return_vs_bh": 0.06489071273432157,
    "trades": {
      "chosen_buys": 84,
      "chosen_sells": 31,
      "chosen_holds": 0,
      "executed_buys": 32,
      "executed_sells": 32,
      "invalid_actions": 52
    }
  },
  "TATASTEEL": {
    "return": 0.0,
    "max_drawdown": 0.0,
    "sharpe": 0.0,
    "buy_hold": {
      "return": -0.17918507609229273,
      "max_drawdown": -0.18790601663529852,
      "sharpe": -1.433688647656228
    },
    "excess_return_vs_bh": 0.17918507609229273,
    "trades": {
      "chosen_buys": 0,
      "chosen_sells": 115,
      "chosen_holds": 0,
      "executed_buys": 0,
      "executed_sells": 0,
      "invalid_actions": 115
    }
  },
  "TCS": {
    "return": 0.0,
    "max_drawdown": 0.0,
    "sharpe": 0.0,
    "buy_hold": {
      "return": -0.0024944833541206135,
      "max_drawdown": -0.1294757068350261,
      "sharpe": -0.019791651245629243
    },
    "excess_return_vs_bh": 0.0024944833541206135,
    "trades": {
      "chosen_buys": 0,
      "chosen_sells": 115,
      "chosen_holds": 0,
      "executed_buys": 0,
      "executed_sells": 0,
      "invalid_actions": 115
    }
  },
  "TMPV": {
    "return": -0.04171501073439454,
    "max_drawdown": -0.04911373774148851,
    "sharpe": -1.698482663436905,
    "buy_hold": {
      "return": -0.283901609130219,
      "max_drawdown": -0.3783986499156197,
      "sharpe": -2.045231768323485
    },
    "excess_return_vs_bh": 0.24218659839582446,
    "trades": {
      "chosen_buys": 10,
      "chosen_sells": 105,
      "chosen_holds": 0,
      "executed_buys": 10,
      "executed_sells": 10,
      "invalid_actions": 95
    }
  }
}