{
  "HCLTECH": {
    "return": 0.21685367564706182,
    "max_drawdown": -0.06120389283995506,
    "sharpe": 1.9734298438416957,
    "buy_hold": {
      "return": 0.22894367991845077,
      "max_drawdown": -0.0610925604380926,
      "sharpe": 2.0682029457179767
    },
    "excess_return_vs_bh": -0.012090004271388954,
    "trades": {
      "chosen_buys": 69,
      "chosen_sells": 5,
      "chosen_holds": 41,
      "executed_buys": 6,
      "executed_sells": 6,
      "invalid_actions": 63
    }
  },
  "HDFCBANK": {
    "return": 0.08141521714848632,
    "max_drawdown": -0.09285634181899756,
    "sharpe": 0.8628360757506759,
    "buy_hold": {
      "return": 0.09617755856966714,
      "max_drawdown": -0.09285634181899745,
      "sharpe": 1.0276887181776813
    },
    "excess_return_vs_bh": -0.014762341421180825,
    "trades": {
      "chosen_buys": 17,
      "chosen_sells": 1,
      "chosen_holds": 97,
      "executed_buys": 2,
      "executed_sells": 2,
      "invalid_actions": 15
    }
  },
  "HINDUNILVR": {
    "return": -0.12061377763824965,
    "max_drawdown": -0.23051716167803082,
    "sharpe": -1.3127717197741187,
    "buy_hold": {
      "return": -0.10563675914971571,
      "max_drawdown": -0.22974690858661734,
      "sharpe": -1.133894334827567
    },
    "excess_return_vs_bh": -0.014977018488533944,
    "trades": {
      "chosen_buys": 72,
      "chosen_sells": 8,
      "chosen_holds": 35,
      "executed_buys": 9,
      "executed_sells": 9,
      "invalid_actions": 63
    }
  },
  "ICICIBANK": {
    "return": 0.06267428722391277,
    "max_drawdown": -0.07979383770362287,
    "sharpe": 0.6419028772169953,
    "buy_hold": {
      "return": 0.05260376438066583,
      "max_drawdown": -0.08625649071687407,
      "sharpe": 0.5525340074306977
    },
    "excess_return_vs_bh": 0.010070522843246943,
    "trades": {
      "chosen_buys": 93,
      "chosen_sells": 1,
      "chosen_holds": 21,
      "executed_buys": 2,
      "executed_sells": 2,
      "invalid_actions": 91
    }
  },
  "INFY": {
    "return": 0.09445069126177419,
    "max_drawdown": -0.10868350185458035,
    "sharpe": 0.842079655024843,
    "buy_hold": {
      "return": 0.11654608828095259,
      "max_drawdown": -0.10868350185458055,
      "sharpe": 1.031910981822248
    },
    "excess_return_vs_bh": -0.022095397019178398,
    "trades": {
      "chosen_buys": 96,
      "chosen_sells": 5,
      "chosen_holds": 14,
      "executed_buys": 6,
      "executed_sells": 6,
      "invalid_actions": 90
    }
  },
  "ITC": {
    "return": 0.03898873969124139,
    "max_drawdown": -0.12551144531681954,
    "sharpe": 0.3505876613642195,
    "buy_hold": {
      "return": 0.029316367265469045,
      "max_drawdown": -0.12551144531681957,
      "sharpe": 0.2538486653051062
    },
    "excess_return_vs_bh": 0.009672372425772346,
    "trades": {
      "chosen_buys": 8,
      "chosen_sells": 1,
      "chosen_holds": 106,
      "executed_buys": 2,
      "executed_sells": 2,
      "invalid_actions": 6
    }
  },
  "JSWSTEEL": {
    "return": -0.03412957672926842,
    "max_drawdown": -0.13487633529015486,
    "sharpe": -0.2759221899770215,
    "buy_hold": {
      "return": -0.03515079961360956,
      "max_drawdown": -0.1348763352901549,
      "sharpe": -0.28952041678134377
    },
    "excess_return_vs_bh": 0.0010212228843411442,
    "trades": {
      "chosen_buys": 85,
      "chosen_sells": 1,
      "chosen_holds": 29,
      "executed_buys": 2,
      "executed_sells": 2,
      "invalid_actions": 83
    }
  },
  "MARUTI": {
    "return": 0.0,
    "max_drawdown": 0.0,
    "sharpe": 0.0,
    "buy_hold": {
      "return": -0.1459195900015422,
      "max_drawdown": -0.20443700168943946,
      "sharpe": -1.4169504754754652
    },
    "excess_return_vs_bh": 0.1459195900015422,
    "trades": {
      "chosen_buys": 0,
      "chosen_sells": 115,
      "chosen_holds": 0,
      "executed_buys": 0,
      "executed_sells": 0,
      "invalid_actions": 115
    }
  },
  "NTPC": {
    "return": -0.15825888332782845,
    "max_drawdown": -0.25225631768953066,
    "sharpe": -1.3586665359961576,
    "buy_hold": {
      "return": -0.14067159341371716,
      "max_drawdown": -0.2522563176895308,
      "sharpe": -1.2211789984020982
    },
    "excess_return_vs_bh": -0.017587289914111293,
    "trades": {
      "chosen_buys": 4,
      "chosen_sells": 1,
      "chosen_holds": 110,
      "executed_buys": 2,
      "executed_sells": 2,
      "invalid_actions": 2
    }
  },
  "RELIANCE": {
    "return": -0.2427439894815927,
    "max_drawdown": -0.24536689206110696,
    "sharpe": -3.0111436936730853,
    "buy_hold": {
      "return": -0.2419859754570498,
      "max_drawdown": -0.24536689206110696,
      "sharpe": -3.011143693673078
    },
    "excess_return_vs_bh": -0.0007580140245428968,
    "trades": {
      "chosen_buys": 76,
      "chosen_sells": 0,
      "chosen_holds": 39,
      "executed_buys": 1,
      "executed_sells": 1,
      "invalid_actions": 75
    }
  },
  "SBIN": {
    "return": -0.10647109547852729,
    "max_drawdown": -0.13983548766157458,
    "sharpe": -0.936276767640314,
    "buy_hold": {
      "return": -0.10557667215067801,
      "max_drawdown": -0.13983548766157458,
      "sharpe": -0.9362767676403154
    },
    "excess_return_vs_bh": -0.0008944233278492808,
    "trades": {
      "chosen_buys": 107,
      "chosen_sells": 0,
      "chosen_holds": 8,
      "executed_buys": 1,
      "executed_sells": 1,
      "invalid_actions": 106
    }
  },
  "TATASTEEL": {
    "return": 0.0,
    "max_drawdown": 0.0,
    "sharpe": 0.0,
    "buy_hold": {
      "return": -0.17918507609229273,
      "max_drawdown": -0.18790601663529852,
      "sharpe": -1.433688647656228
    },
    "excess_return_vs_bh": 0.17918507609229273,
    "trades": {
      "chosen_buys": 0,
      "chosen_sells": 115,
      "chosen_holds": 0,
      "executed_buys": 0,
      "executed_sells": 0,
      "invalid_actions": 115
    }
  },
  "TCS": {
    "return": 0.0,
    "max_drawdown": 0.0,
    "sharpe": 0.0,
    "buy_hold": {
      "return": -0.0024944833541206135,
      "max_drawdown": -0.1294757068350261,
      "sharpe": -0.019791651245629243
    },
    "excess_return_vs_bh": 0.0024944833541206135,
    "trades": {
      "chosen_buys": 0,
      "chosen_sells": 115,
      "chosen_holds": 0,
      "executed_buys": 0,
      "executed_sells": 0,
      "invalid_actions": 115
    }
  },
  "TMPV": {
    "return": -0.30170807830198976,
    "max_drawdown": -0.3762130344697683,
    "sharpe": -2.383570663779033,
    "buy_hold": {
      "return": -0.283901609130219,
      "max_drawdown": -0.3783986499156197,
      "sharpe": -2.045231768323485
    },
    "excess_return_vs_bh": -0.017806469171770756,
    "trades": {
      "chosen_buys": 93,
      "chosen_sells": 2,
      "chosen_holds": 20,
      "executed_buys": 3,
      "executed_sells": 3,
      "invalid_actions": 90
    }
  }
}