{
  "HCLTECH": {
    "return": 0.193253960494854,
    "max_drawdown": -0.06109256043809238,
    "sharpe": 1.8337465338105132,
    "buy_hold": {
      "return": 0.22894367991845077,
      "max_drawdown": -0.0610925604380926,
      "sharpe": 2.0682029457179767
    },
    "excess_return_vs_bh": -0.03568971942359678,
    "trades": {
      "chosen_buys": 10,
      "chosen_sells": 9,
      "chosen_holds": 96,
      "executed_buys": 10,
      "executed_sells": 10,
      "invalid_actions": 0
    }
  },
  "HDFCBANK": {
    "return": 0.0904149257170852,
    "max_drawdown": -0.09376348547717851,
    "sharpe": 0.9850591616900186,
    "buy_hold": {
      "return": 0.09617755856966714,
      "max_drawdown": -0.09285634181899745,
      "sharpe": 1.0276887181776813
    },
    "excess_return_vs_bh": -0.005762632852581939,
    "trades": {
      "chosen_buys": 16,
      "chosen_sells": 1,
      "chosen_holds": 98,
      "executed_buys": 2,
      "executed_sells": 2,
      "invalid_actions": 14
    }
  },
  "HINDUNILVR": {
    "return": 0.000639483192476975,
    "max_drawdown": -0.0010000000000000009,
    "sharpe": 0.14082237607646583,
    "buy_hold": {
      "return": -0.10563675914971571,
      "max_drawdown": -0.22974690858661734,
      "sharpe": -1.133894334827567
    },
    "excess_return_vs_bh": 0.10627624234219268,
    "trades": {
      "chosen_buys": 2,
      "chosen_sells": 113,
      "chosen_holds": 0,
      "executed_buys": 2,
      "executed_sells": 2,
      "invalid_actions": 112
    }
  },
  "ICICIBANK": {
    "return": 0.04354980716630408,
    "max_drawdown": -0.08625649071687395,
    "sharpe": 0.48215102985183345,
    "buy_hold": {
      "return": 0.05260376438066583,
      "max_drawdown": -0.08625649071687407,
      "sharpe": 0.5525340074306977
    },
    "excess_return_vs_bh": -0.009053957214361752,
    "trades": {
      "chosen_buys": 3,
      "chosen_sells": 2,
      "chosen_holds": 110,
      "executed_buys": 3,
      "executed_sells": 3,
      "invalid_actions": 0
    }
  },
  "INFY": {
    "return": 0.08186871785660088,
    "max_drawdown": -0.10868350185458064,
    "sharpe": 0.721586860890702,
    "buy_hold": {
      "return": 0.11654608828095259,
      "max_drawdown": -0.10868350185458055,
      "sharpe": 1.031910981822248
    },
    "excess_return_vs_bh": -0.034677370424351706,
    "trades": {
      "chosen_buys": 6,
      "chosen_sells": 5,
      "chosen_holds": 104,
      "executed_buys": 6,
      "executed_sells": 6,
      "invalid_actions": 0
    }
  },
  "ITC": {
    "return": 0.03253450402688185,
    "max_drawdown": -0.12551144531681954,
    "sharpe": 0.29093354103111774,
    "buy_hold": {
      "return": 0.029316367265469045,
      "max_drawdown": -0.12551144531681957,
      "sharpe": 0.2538486653051062
    },
    "excess_return_vs_bh": 0.0032181367614128042,
    "trades": {
      "chosen_buys": 31,
      "chosen_sells": 1,
      "chosen_holds": 83,
      "executed_buys": 2,
      "executed_sells": 2,
      "invalid_actions": 29
    }
  },
  "JSWSTEEL": {
    "return": -0.03412957672926842,
    "max_drawdown": -0.13487633529015486,
    "sharpe": -0.2759221899770215,
    "buy_hold": {
      "return": -0.03515079961360956,
      "max_drawdown": -0.1348763352901549,
      "sharpe": -0.28952041678134377
    },
    "excess_return_vs_bh": 0.0010212228843411442,
    "trades": {
      "chosen_buys": 5,
      "chosen_sells": 1,
      "chosen_holds": 109,
      "executed_buys": 2,
      "executed_sells": 2,
      "invalid_actions": 3
    }
  },
  "MARUTI": {
    "return": 0.0,
    "max_drawdown": 0.0,
    "sharpe": 0.0,
    "buy_hold": {
      "return": -0.1459195900015422,
      "max_drawdown": -0.20443700168943946,
      "sharpe": -1.4169504754754652
    },
    "excess_return_vs_bh": 0.1459195900015422,
    "trades": {
      "chosen_buys": 0,
      "chosen_sells": 115,
      "chosen_holds": 0,
      "executed_buys": 0,
      "executed_sells": 0,
      "invalid_actions": 115
    }
  },
  "NTPC": {
    "return": -0.13551471314596764,
    "max_drawdown": -0.25225631768953066,
    "sharpe": -1.1676535816534344,
    "buy_hold": {
      "return": -0.14067159341371716,
      "max_drawdown": -0.2522563176895308,
      "sharpe": -1.2211789984020982
    },
    "excess_return_vs_bh": 0.00515688026774952,
    "trades": {
      "chosen_buys": 8,
      "chosen_sells": 1,
      "chosen_holds": 106,
      "executed_buys": 2,
      "executed_sells": 2,
      "invalid_actions": 6
    }
  },
  "RELIANCE": {
    "return": -0.2427439894815927,
    "max_drawdown": -0.24536689206110696,
    "sharpe": -3.0111436936730853,
    "buy_hold": {
      "return": -0.2419859754570498,
      "max_drawdown": -0.24536689206110696,
      "sharpe": -3.011143693673078
    },
    "excess_return_vs_bh": -0.0007580140245428968,
    "trades": {
      "chosen_buys": 1,
      "chosen_sells": 0,
      "chosen_holds": 114,
      "executed_buys": 1,
      "executed_sells": 1,
      "invalid_actions": 0
    }
  },
  "SBIN": {
    "return": -0.10647109547852729,
    "max_drawdown": -0.13983548766157458,
    "sharpe": -0.936276767640314,
    "buy_hold": {
      "return": -0.10557667215067801,
      "max_drawdown": -0.13983548766157458,
      "sharpe": -0.9362767676403154
    },
    "excess_return_vs_bh": -0.0008944233278492808,
    "trades": {
      "chosen_buys": 1,
      "chosen_sells": 0,
      "chosen_holds": 114,
      "executed_buys": 1,
      "executed_sells": 1,
      "invalid_actions": 0
    }
  },
  "TATASTEEL": {
    "return": 0.0,
    "max_drawdown": 0.0,
    "sharpe": 0.0,
    "buy_hold": {
      "return": -0.17918507609229273,
      "max_drawdown": -0.18790601663529852,
      "sharpe": -1.433688647656228
    },
    "excess_return_vs_bh": 0.17918507609229273,
    "trades": {
      "chosen_buys": 0,
      "chosen_sells": 115,
      "chosen_holds": 0,
      "executed_buys": 0,
      "executed_sells": 0,
      "invalid_actions": 115
    }
  },
  "TCS": {
    "return": 0.0,
    "max_drawdown": 0.0,
    "sharpe": 0.0,
    "buy_hold": {
      "return": -0.0024944833541206135,
      "max_drawdown": -0.1294757068350261,
      "sharpe": -0.019791651245629243
    },
    "excess_return_vs_bh": 0.0024944833541206135,
    "trades": {
      "chosen_buys": 0,
      "chosen_sells": 115,
      "chosen_holds": 0,
      "executed_buys": 0,
      "executed_sells": 0,
      "invalid_actions": 115
    }
  },
  "TMPV": {
    "return": -0.10260519286529624,
    "max_drawdown": -0.11655203356220267,
    "sharpe": -1.5895101725932874,
    "buy_hold": {
      "return": -0.283901609130219,
      "max_drawdown": -0.3783986499156197,
      "sharpe": -2.045231768323485
    },
    "excess_return_vs_bh": 0.18129641626492277,
    "trades": {
      "chosen_buys": 7,
      "chosen_sells": 94,
      "chosen_holds": 14,
      "executed_buys": 7,
      "executed_sells": 7,
      "invalid_actions": 88
    }
  }
}