{
  "HCLTECH": {
    "return": 0.0,
    "max_drawdown": 0.0,
    "sharpe": 0.0,
    "buy_hold": {
      "return": 0.22894367991845077,
      "max_drawdown": -0.0610925604380926,
      "sharpe": 2.0682029457179767
    },
    "excess_return_vs_bh": -0.22894367991845077,
    "trades": {
      "chosen_buys": 0,
      "chosen_sells": 67,
      "chosen_holds": 48,
      "executed_buys": 0,
      "executed_sells": 0,
      "invalid_actions": 67
    }
  },
  "HDFCBANK": {
    "return": -0.020950738216767406,
    "max_drawdown": -0.09285634181899756,
    "sharpe": -0.2618995846970349,
    "buy_hold": {
      "return": 0.09617755856966714,
      "max_drawdown": -0.09285634181899745,
      "sharpe": 1.0276887181776813
    },
    "excess_return_vs_bh": -0.11712829678643455,
    "trades": {
      "chosen_buys": 34,
      "chosen_sells": 8,
      "chosen_holds": 73,
      "executed_buys": 9,
      "executed_sells": 9,
      "invalid_actions": 25
    }
  },
  "HINDUNILVR": {
    "return": 0.0,
    "max_drawdown": 0.0,
    "sharpe": 0.0,
    "buy_hold": {
      "return": -0.10563675914971571,
      "max_drawdown": -0.22974690858661734,
      "sharpe": -1.133894334827567
    },
    "excess_return_vs_bh": 0.10563675914971571,
    "trades": {
      "chosen_buys": 0,
      "chosen_sells": 68,
      "chosen_holds": 47,
      "executed_buys": 0,
      "executed_sells": 0,
      "invalid_actions": 68
    }
  },
  "ICICIBANK": {
    "return": 0.0,
    "max_drawdown": 0.0,
    "sharpe": 0.0,
    "buy_hold": {
      "return": 0.05260376438066583,
      "max_drawdown": -0.08625649071687407,
      "sharpe": 0.5525340074306977
    },
    "excess_return_vs_bh": -0.05260376438066583,
    "trades": {
      "chosen_buys": 0,
      "chosen_sells": 101,
      "chosen_holds": 14,
      "executed_buys": 0,
      "executed_sells": 0,
      "invalid_actions": 101
    }
  },
  "INFY": {
    "return": 0.0,
    "max_drawdown": 0.0,
    "sharpe": 0.0,
    "buy_hold": {
      "return": 0.11654608828095259,
      "max_drawdown": -0.10868350185458055,
      "sharpe": 1.031910981822248
    },
    "excess_return_vs_bh": -0.11654608828095259,
    "trades": {
      "chosen_buys": 0,
      "chosen_sells": 68,
      "chosen_holds": 47,
      "executed_buys": 0,
      "executed_sells": 0,
      "invalid_actions": 68
    }
  },
  "ITC": {
    "return": 0.020099940493629287,
    "max_drawdown": -0.12628931652289327,
    "sharpe": 0.18235905468072067,
    "buy_hold": {
      "return": 0.029316367265469045,
      "max_drawdown": -0.12551144531681957,
      "sharpe": 0.2538486653051062
    },
    "excess_return_vs_bh": -0.009216426771839759,
    "trades": {
      "chosen_buys": 34,
      "chosen_sells": 2,
      "chosen_holds": 79,
      "executed_buys": 3,
      "executed_sells": 3,
      "invalid_actions": 31
    }
  },
  "JSWSTEEL": {
    "return": -0.026632033399328625,
    "max_drawdown": -0.026632033399328625,
    "sharpe": -2.2944771857966755,
    "buy_hold": {
      "return": -0.03515079961360956,
      "max_drawdown": -0.1348763352901549,
      "sharpe": -0.28952041678134377
    },
    "excess_return_vs_bh": 0.008518766214280937,
    "trades": {
      "chosen_buys": 4,
      "chosen_sells": 11,
      "chosen_holds": 100,
      "executed_buys": 4,
      "executed_sells": 4,
      "invalid_actions": 7
    }
  },
  "MARUTI": {
    "return": 0.013266539115809994,
    "max_drawdown": -0.05816819740870389,
    "sharpe": 0.26622016402231014,
    "buy_hold": {
      "return": -0.1459195900015422,
      "max_drawdown": -0.20443700168943946,
      "sharpe": -1.4169504754754652
    },
    "excess_return_vs_bh": 0.1591861291173522,
    "trades": {
      "chosen_buys": 45,
      "chosen_sells": 70,
      "chosen_holds": 0,
      "executed_buys": 6,
      "executed_sells": 6,
      "invalid_actions": 104
    }
  },
  "NTPC": {
    "return": -0.14947322528365858,
    "max_drawdown": -0.2530040613718412,
    "sharpe": -1.3031650105359676,
    "buy_hold": {
      "return": -0.14067159341371716,
      "max_drawdown": -0.2522563176895308,
      "sharpe": -1.2211789984020982
    },
    "excess_return_vs_bh": -0.008801631869941429,
    "trades": {
      "chosen_buys": 9,
      "chosen_sells": 2,
      "chosen_holds": 104,
      "executed_buys": 3,
      "executed_sells": 3,
      "invalid_actions": 6
    }
  },
  "RELIANCE": {
    "return": 0.0,
    "max_drawdown": 0.0,
    "sharpe": 0.0,
    "buy_hold": {
      "return": -0.2419859754570498,
      "max_drawdown": -0.24536689206110696,
      "sharpe": -3.011143693673078
    },
    "excess_return_vs_bh": 0.2419859754570498,
    "trades": {
      "chosen_buys": 0,
      "chosen_sells": 53,
      "chosen_holds": 62,
      "executed_buys": 0,
      "executed_sells": 0,
      "invalid_actions": 53
    }
  },
  "SBIN": {
    "return": 0.0,
    "max_drawdown": 0.0,
    "sharpe": 0.0,
    "buy_hold": {
      "return": -0.10557667215067801,
      "max_drawdown": -0.13983548766157458,
      "sharpe": -0.9362767676403154
    },
    "excess_return_vs_bh": 0.10557667215067801,
    "trades": {
      "chosen_buys": 0,
      "chosen_sells": 76,
      "chosen_holds": 39,
      "executed_buys": 0,
      "executed_sells": 0,
      "invalid_actions": 76
    }
  },
  "TATASTEEL": {
    "return": 0.0,
    "max_drawdown": 0.0,
    "sharpe": 0.0,
    "buy_hold": {
      "return": -0.17918507609229273,
      "max_drawdown": -0.18790601663529852,
      "sharpe": -1.433688647656228
    },
    "excess_return_vs_bh": 0.17918507609229273,
    "trades": {
      "chosen_buys": 0,
      "chosen_sells": 115,
      "chosen_holds": 0,
      "executed_buys": 0,
      "executed_sells": 0,
      "invalid_actions": 115
    }
  },
  "TCS": {
    "return": 0.02433835042839516,
    "max_drawdown": -0.03194058691958879,
    "sharpe": 0.6595017578378798,
    "buy_hold": {
      "return": -0.0024944833541206135,
      "max_drawdown": -0.1294757068350261,
      "sharpe": -0.019791651245629243
    },
    "excess_return_vs_bh": 0.026832833782515775,
    "trades": {
      "chosen_buys": 10,
      "chosen_sells": 105,
      "chosen_holds": 0,
      "executed_buys": 1,
      "executed_sells": 1,
      "invalid_actions": 113
    }
  },
  "TMPV": {
    "return": 0.0,
    "max_drawdown": 0.0,
    "sharpe": 0.0,
    "buy_hold": {
      "return": -0.283901609130219,
      "max_drawdown": -0.3783986499156197,
      "sharpe": -2.045231768323485
    },
    "excess_return_vs_bh": 0.283901609130219,
    "trades": {
      "chosen_buys": 0,
      "chosen_sells": 88,
      "chosen_holds": 27,
      "executed_buys": 0,
      "executed_sells": 0,
      "invalid_actions": 88
    }
  }
}