{
  "HCLTECH": {
    "return": 0.22849710653773014,
    "max_drawdown": -0.06109256043809249,
    "sharpe": 2.047152687124625,
    "buy_hold": {
      "return": 0.22894367991845077,
      "max_drawdown": -0.0610925604380926,
      "sharpe": 2.0682029457179767
    },
    "excess_return_vs_bh": -0.00044657338072062736,
    "trades": {
      "chosen_buys": 111,
      "chosen_sells": 4,
      "chosen_holds": 0,
      "executed_buys": 5,
      "executed_sells": 5,
      "invalid_actions": 106
    }
  },
  "HDFCBANK": {
    "return": 0.07879568485432475,
    "max_drawdown": -0.09285634181899757,
    "sharpe": 0.8277038060649176,
    "buy_hold": {
      "return": 0.09617755856966714,
      "max_drawdown": -0.09285634181899745,
      "sharpe": 1.0276887181776813
    },
    "excess_return_vs_bh": -0.01738187371534239,
    "trades": {
      "chosen_buys": 98,
      "chosen_sells": 2,
      "chosen_holds": 15,
      "executed_buys": 3,
      "executed_sells": 3,
      "invalid_actions": 95
    }
  },
  "HINDUNILVR": {
    "return": -0.02202409965744312,
    "max_drawdown": -0.19536969844300878,
    "sharpe": -0.23560685678781043,
    "buy_hold": {
      "return": -0.10563675914971571,
      "max_drawdown": -0.22974690858661734,
      "sharpe": -1.133894334827567
    },
    "excess_return_vs_bh": 0.08361265949227259,
    "trades": {
      "chosen_buys": 104,
      "chosen_sells": 11,
      "chosen_holds": 0,
      "executed_buys": 12,
      "executed_sells": 12,
      "invalid_actions": 92
    }
  },
  "ICICIBANK": {
    "return": 0.04980258598509235,
    "max_drawdown": -0.0811969684440834,
    "sharpe": 0.5405055027063193,
    "buy_hold": {
      "return": 0.05260376438066583,
      "max_drawdown": -0.08625649071687407,
      "sharpe": 0.5525340074306977
    },
    "excess_return_vs_bh": -0.002801178395573478,
    "trades": {
      "chosen_buys": 93,
      "chosen_sells": 6,
      "chosen_holds": 16,
      "executed_buys": 7,
      "executed_sells": 7,
      "invalid_actions": 86
    }
  },
  "INFY": {
    "return": 0.09914697056201716,
    "max_drawdown": -0.1086835018545804,
    "sharpe": 0.8834402026981222,
    "buy_hold": {
      "return": 0.11654608828095259,
      "max_drawdown": -0.10868350185458055,
      "sharpe": 1.031910981822248
    },
    "excess_return_vs_bh": -0.01739911771893543,
    "trades": {
      "chosen_buys": 112,
      "chosen_sells": 3,
      "chosen_holds": 0,
      "executed_buys": 4,
      "executed_sells": 4,
      "invalid_actions": 108
    }
  },
  "ITC": {
    "return": 0.027963062248183457,
    "max_drawdown": -0.1255114453168197,
    "sharpe": 0.2515427757901049,
    "buy_hold": {
      "return": 0.029316367265469045,
      "max_drawdown": -0.12551144531681957,
      "sharpe": 0.2538486653051062
    },
    "excess_return_vs_bh": -0.0013533050172855887,
    "trades": {
      "chosen_buys": 114,
      "chosen_sells": 1,
      "chosen_holds": 0,
      "executed_buys": 2,
      "executed_sells": 2,
      "invalid_actions": 112
    }
  },
  "JSWSTEEL": {
    "return": -0.03412957672926842,
    "max_drawdown": -0.13487633529015486,
    "sharpe": -0.2759221899770215,
    "buy_hold": {
      "return": -0.03515079961360956,
      "max_drawdown": -0.1348763352901549,
      "sharpe": -0.28952041678134377
    },
    "excess_return_vs_bh": 0.0010212228843411442,
    "trades": {
      "chosen_buys": 114,
      "chosen_sells": 1,
      "chosen_holds": 0,
      "executed_buys": 2,
      "executed_sells": 2,
      "invalid_actions": 112
    }
  },
  "MARUTI": {
    "return": 0.0,
    "max_drawdown": 0.0,
    "sharpe": 0.0,
    "buy_hold": {
      "return": -0.1459195900015422,
      "max_drawdown": -0.20443700168943946,
      "sharpe": -1.4169504754754652
    },
    "excess_return_vs_bh": 0.1459195900015422,
    "trades": {
      "chosen_buys": 0,
      "chosen_sells": 115,
      "chosen_holds": 0,
      "executed_buys": 0,
      "executed_sells": 0,
      "invalid_actions": 115
    }
  },
  "NTPC": {
    "return": -0.13551471314596764,
    "max_drawdown": -0.25225631768953066,
    "sharpe": -1.1676535816534344,
    "buy_hold": {
      "return": -0.14067159341371716,
      "max_drawdown": -0.2522563176895308,
      "sharpe": -1.2211789984020982
    },
    "excess_return_vs_bh": 0.00515688026774952,
    "trades": {
      "chosen_buys": 114,
      "chosen_sells": 1,
      "chosen_holds": 0,
      "executed_buys": 2,
      "executed_sells": 2,
      "invalid_actions": 112
    }
  },
  "RELIANCE": {
    "return": -0.2427439894815927,
    "max_drawdown": -0.24536689206110696,
    "sharpe": -3.0111436936730853,
    "buy_hold": {
      "return": -0.2419859754570498,
      "max_drawdown": -0.24536689206110696,
      "sharpe": -3.011143693673078
    },
    "excess_return_vs_bh": -0.0007580140245428968,
    "trades": {
      "chosen_buys": 114,
      "chosen_sells": 0,
      "chosen_holds": 1,
      "executed_buys": 1,
      "executed_sells": 1,
      "invalid_actions": 113
    }
  },
  "SBIN": {
    "return": -0.03642884696781701,
    "max_drawdown": -0.09263698231735702,
    "sharpe": -0.34956864348689304,
    "buy_hold": {
      "return": -0.10557667215067801,
      "max_drawdown": -0.13983548766157458,
      "sharpe": -0.9362767676403154
    },
    "excess_return_vs_bh": 0.069147825182861,
    "trades": {
      "chosen_buys": 90,
      "chosen_sells": 25,
      "chosen_holds": 0,
      "executed_buys": 26,
      "executed_sells": 26,
      "invalid_actions": 64
    }
  },
  "TATASTEEL": {
    "return": 0.0,
    "max_drawdown": 0.0,
    "sharpe": 0.0,
    "buy_hold": {
      "return": -0.17918507609229273,
      "max_drawdown": -0.18790601663529852,
      "sharpe": -1.433688647656228
    },
    "excess_return_vs_bh": 0.17918507609229273,
    "trades": {
      "chosen_buys": 0,
      "chosen_sells": 115,
      "chosen_holds": 0,
      "executed_buys": 0,
      "executed_sells": 0,
      "invalid_actions": 115
    }
  },
  "TCS": {
    "return": -0.015895014010182895,
    "max_drawdown": -0.07089257205972131,
    "sharpe": -0.292921181667294,
    "buy_hold": {
      "return": -0.0024944833541206135,
      "max_drawdown": -0.1294757068350261,
      "sharpe": -0.019791651245629243
    },
    "excess_return_vs_bh": -0.013400530656062282,
    "trades": {
      "chosen_buys": 29,
      "chosen_sells": 86,
      "chosen_holds": 0,
      "executed_buys": 25,
      "executed_sells": 25,
      "invalid_actions": 65
    }
  },
  "TMPV": {
    "return": -0.19238972471190774,
    "max_drawdown": -0.20649485358653147,
    "sharpe": -2.116538415253219,
    "buy_hold": {
      "return": -0.283901609130219,
      "max_drawdown": -0.3783986499156197,
      "sharpe": -2.045231768323485
    },
    "excess_return_vs_bh": 0.09151188441831126,
    "trades": {
      "chosen_buys": 51,
      "chosen_sells": 64,
      "chosen_holds": 0,
      "executed_buys": 1,
      "executed_sells": 1,
      "invalid_actions": 114
    }
  }
}