{
  "HCLTECH": {
    "return": 0.11817204813929671,
    "max_drawdown": -0.030875733726408863,
    "sharpe": 2.0146519466336357,
    "buy_hold": {
      "return": 0.22894367991845077,
      "max_drawdown": -0.0610925604380926,
      "sharpe": 2.0682029457179767
    },
    "excess_return_vs_bh": -0.11077163177915406,
    "trades": {
      "chosen_buys": 19,
      "chosen_sells": 87,
      "chosen_holds": 9,
      "executed_buys": 1,
      "executed_sells": 1,
      "invalid_actions": 104
    }
  },
  "HDFCBANK": {
    "return": 0.08318387109144121,
    "max_drawdown": -0.09376348547717847,
    "sharpe": 0.9004091835275101,
    "buy_hold": {
      "return": 0.09617755856966714,
      "max_drawdown": -0.09285634181899745,
      "sharpe": 1.0276887181776813
    },
    "excess_return_vs_bh": -0.012993687478225935,
    "trades": {
      "chosen_buys": 113,
      "chosen_sells": 2,
      "chosen_holds": 0,
      "executed_buys": 3,
      "executed_sells": 3,
      "invalid_actions": 110
    }
  },
  "HINDUNILVR": {
    "return": -0.19338216008830944,
    "max_drawdown": -0.2020850486469565,
    "sharpe": -2.759550965749899,
    "buy_hold": {
      "return": -0.10563675914971571,
      "max_drawdown": -0.22974690858661734,
      "sharpe": -1.133894334827567
    },
    "excess_return_vs_bh": -0.08774540093859373,
    "trades": {
      "chosen_buys": 49,
      "chosen_sells": 66,
      "chosen_holds": 0,
      "executed_buys": 8,
      "executed_sells": 8,
      "invalid_actions": 100
    }
  },
  "ICICIBANK": {
    "return": 0.0,
    "max_drawdown": 0.0,
    "sharpe": 0.0,
    "buy_hold": {
      "return": 0.05260376438066583,
      "max_drawdown": -0.08625649071687407,
      "sharpe": 0.5525340074306977
    },
    "excess_return_vs_bh": -0.05260376438066583,
    "trades": {
      "chosen_buys": 0,
      "chosen_sells": 115,
      "chosen_holds": 0,
      "executed_buys": 0,
      "executed_sells": 0,
      "invalid_actions": 115
    }
  },
  "INFY": {
    "return": 0.0735428848414259,
    "max_drawdown": -0.06746011559555261,
    "sharpe": 1.1152710938460935,
    "buy_hold": {
      "return": 0.11654608828095259,
      "max_drawdown": -0.10868350185458055,
      "sharpe": 1.031910981822248
    },
    "excess_return_vs_bh": -0.04300320343952668,
    "trades": {
      "chosen_buys": 29,
      "chosen_sells": 80,
      "chosen_holds": 6,
      "executed_buys": 2,
      "executed_sells": 2,
      "invalid_actions": 105
    }
  },
  "ITC": {
    "return": 0.022448702216821825,
    "max_drawdown": -0.12551144531681976,
    "sharpe": 0.20039345171560263,
    "buy_hold": {
      "return": 0.029316367265469045,
      "max_drawdown": -0.12551144531681957,
      "sharpe": 0.2538486653051062
    },
    "excess_return_vs_bh": -0.00686766504864722,
    "trades": {
      "chosen_buys": 114,
      "chosen_sells": 1,
      "chosen_holds": 0,
      "executed_buys": 2,
      "executed_sells": 2,
      "invalid_actions": 112
    }
  },
  "JSWSTEEL": {
    "return": -0.03611564881399598,
    "max_drawdown": -0.13487633529015486,
    "sharpe": -0.2895204167813443,
    "buy_hold": {
      "return": -0.03515079961360956,
      "max_drawdown": -0.1348763352901549,
      "sharpe": -0.28952041678134377
    },
    "excess_return_vs_bh": -0.0009648492003864195,
    "trades": {
      "chosen_buys": 110,
      "chosen_sells": 0,
      "chosen_holds": 5,
      "executed_buys": 1,
      "executed_sells": 1,
      "invalid_actions": 109
    }
  },
  "MARUTI": {
    "return": 0.0,
    "max_drawdown": 0.0,
    "sharpe": 0.0,
    "buy_hold": {
      "return": -0.1459195900015422,
      "max_drawdown": -0.20443700168943946,
      "sharpe": -1.4169504754754652
    },
    "excess_return_vs_bh": 0.1459195900015422,
    "trades": {
      "chosen_buys": 0,
      "chosen_sells": 115,
      "chosen_holds": 0,
      "executed_buys": 0,
      "executed_sells": 0,
      "invalid_actions": 115
    }
  },
  "NTPC": {
    "return": -0.15825888332782845,
    "max_drawdown": -0.25225631768953066,
    "sharpe": -1.3586665359961576,
    "buy_hold": {
      "return": -0.14067159341371716,
      "max_drawdown": -0.2522563176895308,
      "sharpe": -1.2211789984020982
    },
    "excess_return_vs_bh": -0.017587289914111293,
    "trades": {
      "chosen_buys": 82,
      "chosen_sells": 1,
      "chosen_holds": 32,
      "executed_buys": 2,
      "executed_sells": 2,
      "invalid_actions": 80
    }
  },
  "RELIANCE": {
    "return": -0.21237644089442287,
    "max_drawdown": -0.247826464102895,
    "sharpe": -2.645856677189921,
    "buy_hold": {
      "return": -0.2419859754570498,
      "max_drawdown": -0.24536689206110696,
      "sharpe": -3.011143693673078
    },
    "excess_return_vs_bh": 0.029609534562626938,
    "trades": {
      "chosen_buys": 94,
      "chosen_sells": 21,
      "chosen_holds": 0,
      "executed_buys": 7,
      "executed_sells": 7,
      "invalid_actions": 102
    }
  },
  "SBIN": {
    "return": 0.0,
    "max_drawdown": 0.0,
    "sharpe": 0.0,
    "buy_hold": {
      "return": -0.10557667215067801,
      "max_drawdown": -0.13983548766157458,
      "sharpe": -0.9362767676403154
    },
    "excess_return_vs_bh": 0.10557667215067801,
    "trades": {
      "chosen_buys": 0,
      "chosen_sells": 115,
      "chosen_holds": 0,
      "executed_buys": 0,
      "executed_sells": 0,
      "invalid_actions": 115
    }
  },
  "TATASTEEL": {
    "return": 0.0,
    "max_drawdown": 0.0,
    "sharpe": 0.0,
    "buy_hold": {
      "return": -0.17918507609229273,
      "max_drawdown": -0.18790601663529852,
      "sharpe": -1.433688647656228
    },
    "excess_return_vs_bh": 0.17918507609229273,
    "trades": {
      "chosen_buys": 0,
      "chosen_sells": 115,
      "chosen_holds": 0,
      "executed_buys": 0,
      "executed_sells": 0,
      "invalid_actions": 115
    }
  },
  "TCS": {
    "return": -0.052890537822510963,
    "max_drawdown": -0.06312300868190879,
    "sharpe": -2.2518773633511584,
    "buy_hold": {
      "return": -0.0024944833541206135,
      "max_drawdown": -0.1294757068350261,
      "sharpe": -0.019791651245629243
    },
    "excess_return_vs_bh": -0.05039605446839035,
    "trades": {
      "chosen_buys": 15,
      "chosen_sells": 100,
      "chosen_holds": 0,
      "executed_buys": 14,
      "executed_sells": 14,
      "invalid_actions": 87
    }
  },
  "TMPV": {
    "return": 0.0,
    "max_drawdown": 0.0,
    "sharpe": 0.0,
    "buy_hold": {
      "return": -0.283901609130219,
      "max_drawdown": -0.3783986499156197,
      "sharpe": -2.045231768323485
    },
    "excess_return_vs_bh": 0.283901609130219,
    "trades": {
      "chosen_buys": 0,
      "chosen_sells": 115,
      "chosen_holds": 0,
      "executed_buys": 0,
      "executed_sells": 0,
      "invalid_actions": 115
    }
  }
}