{
  "HCLTECH": {
    "return": 0.0693324666193591,
    "max_drawdown": -0.06819485208231356,
    "sharpe": 0.7781035685777306,
    "buy_hold": {
      "return": 0.22894367991845077,
      "max_drawdown": -0.0610925604380926,
      "sharpe": 2.0682029457179767
    },
    "excess_return_vs_bh": -0.15961121329909167,
    "trades": {
      "chosen_buys": 70,
      "chosen_sells": 40,
      "chosen_holds": 5,
      "executed_buys": 41,
      "executed_sells": 41,
      "invalid_actions": 29
    }
  },
  "HDFCBANK": {
    "return": 0.07318599759855005,
    "max_drawdown": -0.09376348547717846,
    "sharpe": 0.7743407327011703,
    "buy_hold": {
      "return": 0.09617755856966714,
      "max_drawdown": -0.09285634181899745,
      "sharpe": 1.0276887181776813
    },
    "excess_return_vs_bh": -0.022991560971117098,
    "trades": {
      "chosen_buys": 46,
      "chosen_sells": 6,
      "chosen_holds": 63,
      "executed_buys": 7,
      "executed_sells": 7,
      "invalid_actions": 39
    }
  },
  "HINDUNILVR": {
    "return": -0.1284526561580852,
    "max_drawdown": -0.15512821307564892,
    "sharpe": -1.452718677634623,
    "buy_hold": {
      "return": -0.10563675914971571,
      "max_drawdown": -0.22974690858661734,
      "sharpe": -1.133894334827567
    },
    "excess_return_vs_bh": -0.0228158970083695,
    "trades": {
      "chosen_buys": 56,
      "chosen_sells": 59,
      "chosen_holds": 0,
      "executed_buys": 10,
      "executed_sells": 10,
      "invalid_actions": 96
    }
  },
  "ICICIBANK": {
    "return": 0.045597767847390225,
    "max_drawdown": -0.06809121524560792,
    "sharpe": 0.5252213756520293,
    "buy_hold": {
      "return": 0.05260376438066583,
      "max_drawdown": -0.08625649071687407,
      "sharpe": 0.5525340074306977
    },
    "excess_return_vs_bh": -0.007005996533275605,
    "trades": {
      "chosen_buys": 104,
      "chosen_sells": 11,
      "chosen_holds": 0,
      "executed_buys": 12,
      "executed_sells": 12,
      "invalid_actions": 92
    }
  },
  "INFY": {
    "return": -0.025589229801647018,
    "max_drawdown": -0.13417610223583326,
    "sharpe": -0.2329382746912818,
    "buy_hold": {
      "return": 0.11654608828095259,
      "max_drawdown": -0.10868350185458055,
      "sharpe": 1.031910981822248
    },
    "excess_return_vs_bh": -0.1421353180825996,
    "trades": {
      "chosen_buys": 91,
      "chosen_sells": 24,
      "chosen_holds": 0,
      "executed_buys": 25,
      "executed_sells": 25,
      "invalid_actions": 66
    }
  },
  "ITC": {
    "return": 0.046864427597188785,
    "max_drawdown": -0.12551144531681976,
    "sharpe": 0.45209695266638245,
    "buy_hold": {
      "return": 0.029316367265469045,
      "max_drawdown": -0.12551144531681957,
      "sharpe": 0.2538486653051062
    },
    "excess_return_vs_bh": 0.01754806033171974,
    "trades": {
      "chosen_buys": 8,
      "chosen_sells": 4,
      "chosen_holds": 103,
      "executed_buys": 5,
      "executed_sells": 5,
      "invalid_actions": 3
    }
  },
  "JSWSTEEL": {
    "return": -0.0073834960251940585,
    "max_drawdown": -0.1348763352901548,
    "sharpe": -0.0555607248622066,
    "buy_hold": {
      "return": -0.03515079961360956,
      "max_drawdown": -0.1348763352901549,
      "sharpe": -0.28952041678134377
    },
    "excess_return_vs_bh": 0.027767303588415504,
    "trades": {
      "chosen_buys": 99,
      "chosen_sells": 4,
      "chosen_holds": 12,
      "executed_buys": 5,
      "executed_sells": 5,
      "invalid_actions": 94
    }
  },
  "MARUTI": {
    "return": 0.0,
    "max_drawdown": 0.0,
    "sharpe": 0.0,
    "buy_hold": {
      "return": -0.1459195900015422,
      "max_drawdown": -0.20443700168943946,
      "sharpe": -1.4169504754754652
    },
    "excess_return_vs_bh": 0.1459195900015422,
    "trades": {
      "chosen_buys": 0,
      "chosen_sells": 115,
      "chosen_holds": 0,
      "executed_buys": 0,
      "executed_sells": 0,
      "invalid_actions": 115
    }
  },
  "NTPC": {
    "return": -0.1679009406676798,
    "max_drawdown": -0.24774233128834372,
    "sharpe": -1.3765196869738434,
    "buy_hold": {
      "return": -0.14067159341371716,
      "max_drawdown": -0.2522563176895308,
      "sharpe": -1.2211789984020982
    },
    "excess_return_vs_bh": -0.027229347253962644,
    "trades": {
      "chosen_buys": 38,
      "chosen_sells": 3,
      "chosen_holds": 74,
      "executed_buys": 4,
      "executed_sells": 4,
      "invalid_actions": 34
    }
  },
  "RELIANCE": {
    "return": -0.24924504822439042,
    "max_drawdown": -0.25184543313021274,
    "sharpe": -3.1853328193301187,
    "buy_hold": {
      "return": -0.2419859754570498,
      "max_drawdown": -0.24536689206110696,
      "sharpe": -3.011143693673078
    },
    "excess_return_vs_bh": -0.007259072767340613,
    "trades": {
      "chosen_buys": 114,
      "chosen_sells": 1,
      "chosen_holds": 0,
      "executed_buys": 2,
      "executed_sells": 2,
      "invalid_actions": 112
    }
  },
  "SBIN": {
    "return": -0.11028791344770006,
    "max_drawdown": -0.1316539046669429,
    "sharpe": -0.9910965721320885,
    "buy_hold": {
      "return": -0.10557667215067801,
      "max_drawdown": -0.13983548766157458,
      "sharpe": -0.9362767676403154
    },
    "excess_return_vs_bh": -0.004711241297022051,
    "trades": {
      "chosen_buys": 113,
      "chosen_sells": 2,
      "chosen_holds": 0,
      "executed_buys": 3,
      "executed_sells": 3,
      "invalid_actions": 110
    }
  },
  "TATASTEEL": {
    "return": -0.19996332512771375,
    "max_drawdown": -0.1998353801012823,
    "sharpe": -1.9102499743540216,
    "buy_hold": {
      "return": -0.17918507609229273,
      "max_drawdown": -0.18790601663529852,
      "sharpe": -1.433688647656228
    },
    "excess_return_vs_bh": -0.020778249035421026,
    "trades": {
      "chosen_buys": 71,
      "chosen_sells": 44,
      "chosen_holds": 0,
      "executed_buys": 45,
      "executed_sells": 45,
      "invalid_actions": 26
    }
  },
  "TCS": {
    "return": 0.0,
    "max_drawdown": 0.0,
    "sharpe": 0.0,
    "buy_hold": {
      "return": -0.0024944833541206135,
      "max_drawdown": -0.1294757068350261,
      "sharpe": -0.019791651245629243
    },
    "excess_return_vs_bh": 0.0024944833541206135,
    "trades": {
      "chosen_buys": 0,
      "chosen_sells": 115,
      "chosen_holds": 0,
      "executed_buys": 0,
      "executed_sells": 0,
      "invalid_actions": 115
    }
  },
  "TMPV": {
    "return": -0.2501837660211319,
    "max_drawdown": -0.29768880382570334,
    "sharpe": -2.1963243384071185,
    "buy_hold": {
      "return": -0.283901609130219,
      "max_drawdown": -0.3783986499156197,
      "sharpe": -2.045231768323485
    },
    "excess_return_vs_bh": 0.0337178431090871,
    "trades": {
      "chosen_buys": 93,
      "chosen_sells": 22,
      "chosen_holds": 0,
      "executed_buys": 23,
      "executed_sells": 23,
      "invalid_actions": 70
    }
  }
}