{
  "HCLTECH": {
    "return": 0.17720579938069791,
    "max_drawdown": -0.051595032265919785,
    "sharpe": 1.67885799397806,
    "buy_hold": {
      "return": 0.22894367991845077,
      "max_drawdown": -0.0610925604380926,
      "sharpe": 2.0682029457179767
    },
    "excess_return_vs_bh": -0.051737880537752856,
    "trades": {
      "chosen_buys": 71,
      "chosen_sells": 13,
      "chosen_holds": 31,
      "executed_buys": 14,
      "executed_sells": 14,
      "invalid_actions": 57
    }
  },
  "HDFCBANK": {
    "return": 0.06979859842191583,
    "max_drawdown": -0.09376348547717851,
    "sharpe": 0.7572825437210619,
    "buy_hold": {
      "return": 0.09617755856966714,
      "max_drawdown": -0.09285634181899745,
      "sharpe": 1.0276887181776813
    },
    "excess_return_vs_bh": -0.026378960147751318,
    "trades": {
      "chosen_buys": 38,
      "chosen_sells": 5,
      "chosen_holds": 72,
      "executed_buys": 6,
      "executed_sells": 6,
      "invalid_actions": 32
    }
  },
  "HINDUNILVR": {
    "return": -0.08643095930686817,
    "max_drawdown": -0.21879709319848642,
    "sharpe": -0.9994349137369876,
    "buy_hold": {
      "return": -0.10563675914971571,
      "max_drawdown": -0.22974690858661734,
      "sharpe": -1.133894334827567
    },
    "excess_return_vs_bh": 0.019205799842847537,
    "trades": {
      "chosen_buys": 55,
      "chosen_sells": 4,
      "chosen_holds": 56,
      "executed_buys": 5,
      "executed_sells": 5,
      "invalid_actions": 50
    }
  },
  "ICICIBANK": {
    "return": 0.036970558905432105,
    "max_drawdown": -0.08625649071687405,
    "sharpe": 0.40868340466791925,
    "buy_hold": {
      "return": 0.05260376438066583,
      "max_drawdown": -0.08625649071687407,
      "sharpe": 0.5525340074306977
    },
    "excess_return_vs_bh": -0.015633205475233725,
    "trades": {
      "chosen_buys": 82,
      "chosen_sells": 2,
      "chosen_holds": 31,
      "executed_buys": 3,
      "executed_sells": 3,
      "invalid_actions": 79
    }
  },
  "INFY": {
    "return": 0.15373436203169133,
    "max_drawdown": -0.07138481208214581,
    "sharpe": 1.508200498431106,
    "buy_hold": {
      "return": 0.11654608828095259,
      "max_drawdown": -0.10868350185458055,
      "sharpe": 1.031910981822248
    },
    "excess_return_vs_bh": 0.03718827375073874,
    "trades": {
      "chosen_buys": 51,
      "chosen_sells": 9,
      "chosen_holds": 55,
      "executed_buys": 10,
      "executed_sells": 10,
      "invalid_actions": 41
    }
  },
  "ITC": {
    "return": 0.06489820037798899,
    "max_drawdown": -0.11955228935623609,
    "sharpe": 0.6267950096136068,
    "buy_hold": {
      "return": 0.029316367265469045,
      "max_drawdown": -0.12551144531681957,
      "sharpe": 0.2538486653051062
    },
    "excess_return_vs_bh": 0.035581833112519945,
    "trades": {
      "chosen_buys": 60,
      "chosen_sells": 6,
      "chosen_holds": 49,
      "executed_buys": 7,
      "executed_sells": 7,
      "invalid_actions": 53
    }
  },
  "JSWSTEEL": {
    "return": -0.005406933909098521,
    "max_drawdown": -0.13487633529015483,
    "sharpe": -0.038676703624491264,
    "buy_hold": {
      "return": -0.03515079961360956,
      "max_drawdown": -0.1348763352901549,
      "sharpe": -0.28952041678134377
    },
    "excess_return_vs_bh": 0.02974386570451104,
    "trades": {
      "chosen_buys": 7,
      "chosen_sells": 5,
      "chosen_holds": 103,
      "executed_buys": 6,
      "executed_sells": 6,
      "invalid_actions": 1
    }
  },
  "MARUTI": {
    "return": 0.0,
    "max_drawdown": 0.0,
    "sharpe": 0.0,
    "buy_hold": {
      "return": -0.1459195900015422,
      "max_drawdown": -0.20443700168943946,
      "sharpe": -1.4169504754754652
    },
    "excess_return_vs_bh": 0.1459195900015422,
    "trades": {
      "chosen_buys": 0,
      "chosen_sells": 115,
      "chosen_holds": 0,
      "executed_buys": 0,
      "executed_sells": 0,
      "invalid_actions": 115
    }
  },
  "NTPC": {
    "return": -0.1764825256930851,
    "max_drawdown": -0.2530040613718411,
    "sharpe": -1.480871770556014,
    "buy_hold": {
      "return": -0.14067159341371716,
      "max_drawdown": -0.2522563176895308,
      "sharpe": -1.2211789984020982
    },
    "excess_return_vs_bh": -0.035810932279367935,
    "trades": {
      "chosen_buys": 38,
      "chosen_sells": 5,
      "chosen_holds": 72,
      "executed_buys": 6,
      "executed_sells": 6,
      "invalid_actions": 32
    }
  },
  "RELIANCE": {
    "return": -0.2427439894815927,
    "max_drawdown": -0.24536689206110696,
    "sharpe": -3.0111436936730853,
    "buy_hold": {
      "return": -0.2419859754570498,
      "max_drawdown": -0.24536689206110696,
      "sharpe": -3.011143693673078
    },
    "excess_return_vs_bh": -0.0007580140245428968,
    "trades": {
      "chosen_buys": 43,
      "chosen_sells": 0,
      "chosen_holds": 72,
      "executed_buys": 1,
      "executed_sells": 1,
      "invalid_actions": 42
    }
  },
  "SBIN": {
    "return": -0.10647109547852729,
    "max_drawdown": -0.13983548766157458,
    "sharpe": -0.936276767640314,
    "buy_hold": {
      "return": -0.10557667215067801,
      "max_drawdown": -0.13983548766157458,
      "sharpe": -0.9362767676403154
    },
    "excess_return_vs_bh": -0.0008944233278492808,
    "trades": {
      "chosen_buys": 75,
      "chosen_sells": 0,
      "chosen_holds": 40,
      "executed_buys": 1,
      "executed_sells": 1,
      "invalid_actions": 74
    }
  },
  "TATASTEEL": {
    "return": -0.0010000000000000009,
    "max_drawdown": -0.0010000000000000009,
    "sharpe": -1.4933480825230336,
    "buy_hold": {
      "return": -0.17918507609229273,
      "max_drawdown": -0.18790601663529852,
      "sharpe": -1.433688647656228
    },
    "excess_return_vs_bh": 0.17818507609229273,
    "trades": {
      "chosen_buys": 1,
      "chosen_sells": 114,
      "chosen_holds": 0,
      "executed_buys": 1,
      "executed_sells": 1,
      "invalid_actions": 114
    }
  },
  "TCS": {
    "return": -0.16845727453739645,
    "max_drawdown": -0.16869408417997814,
    "sharpe": -2.6371490493991216,
    "buy_hold": {
      "return": -0.0024944833541206135,
      "max_drawdown": -0.1294757068350261,
      "sharpe": -0.019791651245629243
    },
    "excess_return_vs_bh": -0.16596279118327584,
    "trades": {
      "chosen_buys": 61,
      "chosen_sells": 54,
      "chosen_holds": 0,
      "executed_buys": 55,
      "executed_sells": 55,
      "invalid_actions": 6
    }
  },
  "TMPV": {
    "return": -0.24437757442194608,
    "max_drawdown": -0.2922504668273126,
    "sharpe": -2.077340101310457,
    "buy_hold": {
      "return": -0.283901609130219,
      "max_drawdown": -0.3783986499156197,
      "sharpe": -2.045231768323485
    },
    "excess_return_vs_bh": 0.039524034708272926,
    "trades": {
      "chosen_buys": 92,
      "chosen_sells": 23,
      "chosen_holds": 0,
      "executed_buys": 24,
      "executed_sells": 24,
      "invalid_actions": 68
    }
  }
}