{
  "HCLTECH": {
    "return": 0.23490886374929998,
    "max_drawdown": -0.06109256043809268,
    "sharpe": 2.1025846290378034,
    "buy_hold": {
      "return": 0.22894367991845077,
      "max_drawdown": -0.0610925604380926,
      "sharpe": 2.0682029457179767
    },
    "excess_return_vs_bh": 0.005965183830849208,
    "trades": {
      "chosen_buys": 22,
      "chosen_sells": 5,
      "chosen_holds": 88,
      "executed_buys": 6,
      "executed_sells": 6,
      "invalid_actions": 16
    }
  },
  "HDFCBANK": {
    "return": 0.08610236733812515,
    "max_drawdown": -0.0928563418189975,
    "sharpe": 0.9312025235892529,
    "buy_hold": {
      "return": 0.09617755856966714,
      "max_drawdown": -0.09285634181899745,
      "sharpe": 1.0276887181776813
    },
    "excess_return_vs_bh": -0.010075191231541991,
    "trades": {
      "chosen_buys": 25,
      "chosen_sells": 1,
      "chosen_holds": 89,
      "executed_buys": 2,
      "executed_sells": 2,
      "invalid_actions": 23
    }
  },
  "HINDUNILVR": {
    "return": -0.08658847039921946,
    "max_drawdown": -0.22974690858661728,
    "sharpe": -0.9580897711294277,
    "buy_hold": {
      "return": -0.10563675914971571,
      "max_drawdown": -0.22974690858661734,
      "sharpe": -1.133894334827567
    },
    "excess_return_vs_bh": 0.019048288750496245,
    "trades": {
      "chosen_buys": 71,
      "chosen_sells": 2,
      "chosen_holds": 42,
      "executed_buys": 3,
      "executed_sells": 3,
      "invalid_actions": 68
    }
  },
  "ICICIBANK": {
    "return": 0.06267428722391277,
    "max_drawdown": -0.07979383770362287,
    "sharpe": 0.6419028772169953,
    "buy_hold": {
      "return": 0.05260376438066583,
      "max_drawdown": -0.08625649071687407,
      "sharpe": 0.5525340074306977
    },
    "excess_return_vs_bh": 0.010070522843246943,
    "trades": {
      "chosen_buys": 58,
      "chosen_sells": 1,
      "chosen_holds": 56,
      "executed_buys": 2,
      "executed_sells": 2,
      "invalid_actions": 56
    }
  },
  "INFY": {
    "return": 0.0964560372190495,
    "max_drawdown": -0.10868350185458052,
    "sharpe": 0.8501766011799562,
    "buy_hold": {
      "return": 0.11654608828095259,
      "max_drawdown": -0.10868350185458055,
      "sharpe": 1.031910981822248
    },
    "excess_return_vs_bh": -0.02009005106190309,
    "trades": {
      "chosen_buys": 48,
      "chosen_sells": 4,
      "chosen_holds": 63,
      "executed_buys": 5,
      "executed_sells": 5,
      "invalid_actions": 43
    }
  },
  "ITC": {
    "return": 0.03178117887813259,
    "max_drawdown": -0.1255114453168197,
    "sharpe": 0.28445901866907847,
    "buy_hold": {
      "return": 0.029316367265469045,
      "max_drawdown": -0.12551144531681957,
      "sharpe": 0.2538486653051062
    },
    "excess_return_vs_bh": 0.002464811612663542,
    "trades": {
      "chosen_buys": 76,
      "chosen_sells": 1,
      "chosen_holds": 38,
      "executed_buys": 2,
      "executed_sells": 2,
      "invalid_actions": 74
    }
  },
  "JSWSTEEL": {
    "return": -0.03412957672926842,
    "max_drawdown": -0.13487633529015486,
    "sharpe": -0.2759221899770215,
    "buy_hold": {
      "return": -0.03515079961360956,
      "max_drawdown": -0.1348763352901549,
      "sharpe": -0.28952041678134377
    },
    "excess_return_vs_bh": 0.0010212228843411442,
    "trades": {
      "chosen_buys": 58,
      "chosen_sells": 1,
      "chosen_holds": 56,
      "executed_buys": 2,
      "executed_sells": 2,
      "invalid_actions": 56
    }
  },
  "MARUTI": {
    "return": 0.0,
    "max_drawdown": 0.0,
    "sharpe": 0.0,
    "buy_hold": {
      "return": -0.1459195900015422,
      "max_drawdown": -0.20443700168943946,
      "sharpe": -1.4169504754754652
    },
    "excess_return_vs_bh": 0.1459195900015422,
    "trades": {
      "chosen_buys": 0,
      "chosen_sells": 115,
      "chosen_holds": 0,
      "executed_buys": 0,
      "executed_sells": 0,
      "invalid_actions": 115
    }
  },
  "NTPC": {
    "return": -0.15825888332782845,
    "max_drawdown": -0.25225631768953066,
    "sharpe": -1.3586665359961576,
    "buy_hold": {
      "return": -0.14067159341371716,
      "max_drawdown": -0.2522563176895308,
      "sharpe": -1.2211789984020982
    },
    "excess_return_vs_bh": -0.017587289914111293,
    "trades": {
      "chosen_buys": 88,
      "chosen_sells": 1,
      "chosen_holds": 26,
      "executed_buys": 2,
      "executed_sells": 2,
      "invalid_actions": 86
    }
  },
  "RELIANCE": {
    "return": -0.2427439894815927,
    "max_drawdown": -0.24536689206110696,
    "sharpe": -3.0111436936730853,
    "buy_hold": {
      "return": -0.2419859754570498,
      "max_drawdown": -0.24536689206110696,
      "sharpe": -3.011143693673078
    },
    "excess_return_vs_bh": -0.0007580140245428968,
    "trades": {
      "chosen_buys": 112,
      "chosen_sells": 0,
      "chosen_holds": 3,
      "executed_buys": 1,
      "executed_sells": 1,
      "invalid_actions": 111
    }
  },
  "SBIN": {
    "return": -0.10647109547852729,
    "max_drawdown": -0.13983548766157458,
    "sharpe": -0.936276767640314,
    "buy_hold": {
      "return": -0.10557667215067801,
      "max_drawdown": -0.13983548766157458,
      "sharpe": -0.9362767676403154
    },
    "excess_return_vs_bh": -0.0008944233278492808,
    "trades": {
      "chosen_buys": 106,
      "chosen_sells": 0,
      "chosen_holds": 9,
      "executed_buys": 1,
      "executed_sells": 1,
      "invalid_actions": 105
    }
  },
  "TATASTEEL": {
    "return": -0.11749306181507035,
    "max_drawdown": -0.18131209410611446,
    "sharpe": -1.0757932783686306,
    "buy_hold": {
      "return": -0.17918507609229273,
      "max_drawdown": -0.18790601663529852,
      "sharpe": -1.433688647656228
    },
    "excess_return_vs_bh": 0.06169201427722237,
    "trades": {
      "chosen_buys": 83,
      "chosen_sells": 29,
      "chosen_holds": 3,
      "executed_buys": 2,
      "executed_sells": 2,
      "invalid_actions": 109
    }
  },
  "TCS": {
    "return": -0.024448028577587544,
    "max_drawdown": -0.12998728276654828,
    "sharpe": -0.2284104501655137,
    "buy_hold": {
      "return": -0.0024944833541206135,
      "max_drawdown": -0.1294757068350261,
      "sharpe": -0.019791651245629243
    },
    "excess_return_vs_bh": -0.02195354522346693,
    "trades": {
      "chosen_buys": 69,
      "chosen_sells": 8,
      "chosen_holds": 38,
      "executed_buys": 9,
      "executed_sells": 9,
      "invalid_actions": 60
    }
  },
  "TMPV": {
    "return": -0.2895862283479439,
    "max_drawdown": -0.3783986499156197,
    "sharpe": -2.1281335457408095,
    "buy_hold": {
      "return": -0.283901609130219,
      "max_drawdown": -0.3783986499156197,
      "sharpe": -2.045231768323485
    },
    "excess_return_vs_bh": -0.0056846192177248955,
    "trades": {
      "chosen_buys": 114,
      "chosen_sells": 1,
      "chosen_holds": 0,
      "executed_buys": 2,
      "executed_sells": 2,
      "invalid_actions": 112
    }
  }
}