{
  "HCLTECH": {
    "return": 0.23758065097600256,
    "max_drawdown": -0.06109256043809249,
    "sharpe": 2.113500493323597,
    "buy_hold": {
      "return": 0.22894367991845077,
      "max_drawdown": -0.0610925604380926,
      "sharpe": 2.0682029457179767
    },
    "excess_return_vs_bh": 0.00863697105755179,
    "trades": {
      "chosen_buys": 111,
      "chosen_sells": 4,
      "chosen_holds": 0,
      "executed_buys": 5,
      "executed_sells": 5,
      "invalid_actions": 106
    }
  },
  "HDFCBANK": {
    "return": 0.08209659219788557,
    "max_drawdown": -0.09285634181899756,
    "sharpe": 0.8685140213387831,
    "buy_hold": {
      "return": 0.09617755856966714,
      "max_drawdown": -0.09285634181899745,
      "sharpe": 1.0276887181776813
    },
    "excess_return_vs_bh": -0.014080966371781578,
    "trades": {
      "chosen_buys": 102,
      "chosen_sells": 2,
      "chosen_holds": 11,
      "executed_buys": 3,
      "executed_sells": 3,
      "invalid_actions": 99
    }
  },
  "HINDUNILVR": {
    "return": -0.09478967733958132,
    "max_drawdown": -0.21864214703722992,
    "sharpe": -1.0167136996402515,
    "buy_hold": {
      "return": -0.10563675914971571,
      "max_drawdown": -0.22974690858661734,
      "sharpe": -1.133894334827567
    },
    "excess_return_vs_bh": 0.010847081810134385,
    "trades": {
      "chosen_buys": 57,
      "chosen_sells": 12,
      "chosen_holds": 46,
      "executed_buys": 13,
      "executed_sells": 13,
      "invalid_actions": 44
    }
  },
  "ICICIBANK": {
    "return": 0.005003517832567583,
    "max_drawdown": -0.10989530176539218,
    "sharpe": 0.07930998724179315,
    "buy_hold": {
      "return": 0.05260376438066583,
      "max_drawdown": -0.08625649071687407,
      "sharpe": 0.5525340074306977
    },
    "excess_return_vs_bh": -0.047600246548098246,
    "trades": {
      "chosen_buys": 83,
      "chosen_sells": 32,
      "chosen_holds": 0,
      "executed_buys": 33,
      "executed_sells": 33,
      "invalid_actions": 50
    }
  },
  "INFY": {
    "return": 0.1011198606542012,
    "max_drawdown": -0.10868350185458046,
    "sharpe": 0.9210197015791226,
    "buy_hold": {
      "return": 0.11654608828095259,
      "max_drawdown": -0.10868350185458055,
      "sharpe": 1.031910981822248
    },
    "excess_return_vs_bh": -0.015426227626751388,
    "trades": {
      "chosen_buys": 96,
      "chosen_sells": 2,
      "chosen_holds": 17,
      "executed_buys": 3,
      "executed_sells": 3,
      "invalid_actions": 93
    }
  },
  "ITC": {
    "return": 0.03178117887813259,
    "max_drawdown": -0.1255114453168197,
    "sharpe": 0.28445901866907847,
    "buy_hold": {
      "return": 0.029316367265469045,
      "max_drawdown": -0.12551144531681957,
      "sharpe": 0.2538486653051062
    },
    "excess_return_vs_bh": 0.002464811612663542,
    "trades": {
      "chosen_buys": 114,
      "chosen_sells": 1,
      "chosen_holds": 0,
      "executed_buys": 2,
      "executed_sells": 2,
      "invalid_actions": 112
    }
  },
  "JSWSTEEL": {
    "return": -0.03412957672926842,
    "max_drawdown": -0.13487633529015486,
    "sharpe": -0.2759221899770215,
    "buy_hold": {
      "return": -0.03515079961360956,
      "max_drawdown": -0.1348763352901549,
      "sharpe": -0.28952041678134377
    },
    "excess_return_vs_bh": 0.0010212228843411442,
    "trades": {
      "chosen_buys": 79,
      "chosen_sells": 1,
      "chosen_holds": 35,
      "executed_buys": 2,
      "executed_sells": 2,
      "invalid_actions": 77
    }
  },
  "MARUTI": {
    "return": 0.0,
    "max_drawdown": 0.0,
    "sharpe": 0.0,
    "buy_hold": {
      "return": -0.1459195900015422,
      "max_drawdown": -0.20443700168943946,
      "sharpe": -1.4169504754754652
    },
    "excess_return_vs_bh": 0.1459195900015422,
    "trades": {
      "chosen_buys": 0,
      "chosen_sells": 115,
      "chosen_holds": 0,
      "executed_buys": 0,
      "executed_sells": 0,
      "invalid_actions": 115
    }
  },
  "NTPC": {
    "return": -0.15825888332782845,
    "max_drawdown": -0.25225631768953066,
    "sharpe": -1.3586665359961576,
    "buy_hold": {
      "return": -0.14067159341371716,
      "max_drawdown": -0.2522563176895308,
      "sharpe": -1.2211789984020982
    },
    "excess_return_vs_bh": -0.017587289914111293,
    "trades": {
      "chosen_buys": 114,
      "chosen_sells": 1,
      "chosen_holds": 0,
      "executed_buys": 2,
      "executed_sells": 2,
      "invalid_actions": 112
    }
  },
  "RELIANCE": {
    "return": -0.2371674608461385,
    "max_drawdown": -0.23980967881059462,
    "sharpe": -2.773813376293619,
    "buy_hold": {
      "return": -0.2419859754570498,
      "max_drawdown": -0.24536689206110696,
      "sharpe": -3.011143693673078
    },
    "excess_return_vs_bh": 0.0048185146109113175,
    "trades": {
      "chosen_buys": 52,
      "chosen_sells": 5,
      "chosen_holds": 58,
      "executed_buys": 6,
      "executed_sells": 6,
      "invalid_actions": 46
    }
  },
  "SBIN": {
    "return": -0.1868140100716964,
    "max_drawdown": -0.1860000100817782,
    "sharpe": -2.946316709128382,
    "buy_hold": {
      "return": -0.10557667215067801,
      "max_drawdown": -0.13983548766157458,
      "sharpe": -0.9362767676403154
    },
    "excess_return_vs_bh": -0.0812373379210184,
    "trades": {
      "chosen_buys": 44,
      "chosen_sells": 71,
      "chosen_holds": 0,
      "executed_buys": 44,
      "executed_sells": 44,
      "invalid_actions": 27
    }
  },
  "TATASTEEL": {
    "return": 0.0,
    "max_drawdown": 0.0,
    "sharpe": 0.0,
    "buy_hold": {
      "return": -0.17918507609229273,
      "max_drawdown": -0.18790601663529852,
      "sharpe": -1.433688647656228
    },
    "excess_return_vs_bh": 0.17918507609229273,
    "trades": {
      "chosen_buys": 0,
      "chosen_sells": 115,
      "chosen_holds": 0,
      "executed_buys": 0,
      "executed_sells": 0,
      "invalid_actions": 115
    }
  },
  "TCS": {
    "return": -0.0036845035525162606,
    "max_drawdown": -0.011028528878237798,
    "sharpe": -0.3314877334567389,
    "buy_hold": {
      "return": -0.0024944833541206135,
      "max_drawdown": -0.1294757068350261,
      "sharpe": -0.019791651245629243
    },
    "excess_return_vs_bh": -0.001190020198395647,
    "trades": {
      "chosen_buys": 5,
      "chosen_sells": 110,
      "chosen_holds": 0,
      "executed_buys": 5,
      "executed_sells": 5,
      "invalid_actions": 105
    }
  },
  "TMPV": {
    "return": 0.0,
    "max_drawdown": 0.0,
    "sharpe": 0.0,
    "buy_hold": {
      "return": -0.283901609130219,
      "max_drawdown": -0.3783986499156197,
      "sharpe": -2.045231768323485
    },
    "excess_return_vs_bh": 0.283901609130219,
    "trades": {
      "chosen_buys": 0,
      "chosen_sells": 115,
      "chosen_holds": 0,
      "executed_buys": 0,
      "executed_sells": 0,
      "invalid_actions": 115
    }
  }
}