{
  "HCLTECH": {
    "return": 0.22465128391144296,
    "max_drawdown": -0.0610925604380925,
    "sharpe": 2.0314769472250935,
    "buy_hold": {
      "return": 0.22894367991845077,
      "max_drawdown": -0.0610925604380926,
      "sharpe": 2.0682029457179767
    },
    "excess_return_vs_bh": -0.004292396007007815,
    "trades": {
      "chosen_buys": 110,
      "chosen_sells": 5,
      "chosen_holds": 0,
      "executed_buys": 6,
      "executed_sells": 6,
      "invalid_actions": 104
    }
  },
  "HDFCBANK": {
    "return": 0.09930153318091572,
    "max_drawdown": -0.0928563418189975,
    "sharpe": 1.0942120517698248,
    "buy_hold": {
      "return": 0.09617755856966714,
      "max_drawdown": -0.09285634181899745,
      "sharpe": 1.0276887181776813
    },
    "excess_return_vs_bh": 0.003123974611248581,
    "trades": {
      "chosen_buys": 84,
      "chosen_sells": 3,
      "chosen_holds": 28,
      "executed_buys": 4,
      "executed_sells": 4,
      "invalid_actions": 80
    }
  },
  "HINDUNILVR": {
    "return": -0.1337243613657968,
    "max_drawdown": -0.2305171616780307,
    "sharpe": -1.4378698613194258,
    "buy_hold": {
      "return": -0.10563675914971571,
      "max_drawdown": -0.22974690858661734,
      "sharpe": -1.133894334827567
    },
    "excess_return_vs_bh": -0.028087602216081087,
    "trades": {
      "chosen_buys": 109,
      "chosen_sells": 6,
      "chosen_holds": 0,
      "executed_buys": 7,
      "executed_sells": 7,
      "invalid_actions": 102
    }
  },
  "ICICIBANK": {
    "return": 0.06101132815054955,
    "max_drawdown": -0.07979383770362294,
    "sharpe": 0.6375502562487296,
    "buy_hold": {
      "return": 0.05260376438066583,
      "max_drawdown": -0.08625649071687407,
      "sharpe": 0.5525340074306977
    },
    "excess_return_vs_bh": 0.008407563769883719,
    "trades": {
      "chosen_buys": 111,
      "chosen_sells": 4,
      "chosen_holds": 0,
      "executed_buys": 5,
      "executed_sells": 5,
      "invalid_actions": 106
    }
  },
  "INFY": {
    "return": 0.08541146831981439,
    "max_drawdown": -0.1086835018545804,
    "sharpe": 0.7500102228183014,
    "buy_hold": {
      "return": 0.11654608828095259,
      "max_drawdown": -0.10868350185458055,
      "sharpe": 1.031910981822248
    },
    "excess_return_vs_bh": -0.0311346199611382,
    "trades": {
      "chosen_buys": 110,
      "chosen_sells": 5,
      "chosen_holds": 0,
      "executed_buys": 6,
      "executed_sells": 6,
      "invalid_actions": 104
    }
  },
  "ITC": {
    "return": 0.016168118817992294,
    "max_drawdown": -0.12551144531681954,
    "sharpe": 0.151443191022438,
    "buy_hold": {
      "return": 0.029316367265469045,
      "max_drawdown": -0.12551144531681957,
      "sharpe": 0.2538486653051062
    },
    "excess_return_vs_bh": -0.013148248447476751,
    "trades": {
      "chosen_buys": 78,
      "chosen_sells": 1,
      "chosen_holds": 36,
      "executed_buys": 2,
      "executed_sells": 2,
      "invalid_actions": 76
    }
  },
  "JSWSTEEL": {
    "return": -0.026896612264756925,
    "max_drawdown": -0.13487633529015486,
    "sharpe": -0.22388931964511952,
    "buy_hold": {
      "return": -0.03515079961360956,
      "max_drawdown": -0.1348763352901549,
      "sharpe": -0.28952041678134377
    },
    "excess_return_vs_bh": 0.008254187348852637,
    "trades": {
      "chosen_buys": 112,
      "chosen_sells": 3,
      "chosen_holds": 0,
      "executed_buys": 4,
      "executed_sells": 4,
      "invalid_actions": 108
    }
  },
  "MARUTI": {
    "return": 0.0,
    "max_drawdown": 0.0,
    "sharpe": 0.0,
    "buy_hold": {
      "return": -0.1459195900015422,
      "max_drawdown": -0.20443700168943946,
      "sharpe": -1.4169504754754652
    },
    "excess_return_vs_bh": 0.1459195900015422,
    "trades": {
      "chosen_buys": 0,
      "chosen_sells": 115,
      "chosen_holds": 0,
      "executed_buys": 0,
      "executed_sells": 0,
      "invalid_actions": 115
    }
  },
  "NTPC": {
    "return": -0.14266113787144397,
    "max_drawdown": -0.2522563176895306,
    "sharpe": -1.231007277063386,
    "buy_hold": {
      "return": -0.14067159341371716,
      "max_drawdown": -0.2522563176895308,
      "sharpe": -1.2211789984020982
    },
    "excess_return_vs_bh": -0.0019895444577268107,
    "trades": {
      "chosen_buys": 92,
      "chosen_sells": 1,
      "chosen_holds": 22,
      "executed_buys": 2,
      "executed_sells": 2,
      "invalid_actions": 90
    }
  },
  "RELIANCE": {
    "return": -0.2427439894815927,
    "max_drawdown": -0.24536689206110696,
    "sharpe": -3.0111436936730853,
    "buy_hold": {
      "return": -0.2419859754570498,
      "max_drawdown": -0.24536689206110696,
      "sharpe": -3.011143693673078
    },
    "excess_return_vs_bh": -0.0007580140245428968,
    "trades": {
      "chosen_buys": 115,
      "chosen_sells": 0,
      "chosen_holds": 0,
      "executed_buys": 1,
      "executed_sells": 1,
      "invalid_actions": 114
    }
  },
  "SBIN": {
    "return": -0.10403371485441415,
    "max_drawdown": -0.13663754427390792,
    "sharpe": -0.9135465710526282,
    "buy_hold": {
      "return": -0.10557667215067801,
      "max_drawdown": -0.13983548766157458,
      "sharpe": -0.9362767676403154
    },
    "excess_return_vs_bh": 0.0015429572962638582,
    "trades": {
      "chosen_buys": 114,
      "chosen_sells": 1,
      "chosen_holds": 0,
      "executed_buys": 2,
      "executed_sells": 2,
      "invalid_actions": 112
    }
  },
  "TATASTEEL": {
    "return": 0.0,
    "max_drawdown": 0.0,
    "sharpe": 0.0,
    "buy_hold": {
      "return": -0.17918507609229273,
      "max_drawdown": -0.18790601663529852,
      "sharpe": -1.433688647656228
    },
    "excess_return_vs_bh": 0.17918507609229273,
    "trades": {
      "chosen_buys": 0,
      "chosen_sells": 115,
      "chosen_holds": 0,
      "executed_buys": 0,
      "executed_sells": 0,
      "invalid_actions": 115
    }
  },
  "TCS": {
    "return": -0.013948970968790553,
    "max_drawdown": -0.02512342142418997,
    "sharpe": -0.9909510033835696,
    "buy_hold": {
      "return": -0.0024944833541206135,
      "max_drawdown": -0.1294757068350261,
      "sharpe": -0.019791651245629243
    },
    "excess_return_vs_bh": -0.01145448761466994,
    "trades": {
      "chosen_buys": 8,
      "chosen_sells": 107,
      "chosen_holds": 0,
      "executed_buys": 8,
      "executed_sells": 8,
      "invalid_actions": 99
    }
  },
  "TMPV": {
    "return": -0.0879728707476235,
    "max_drawdown": -0.11316159275922588,
    "sharpe": -2.0154290623755178,
    "buy_hold": {
      "return": -0.283901609130219,
      "max_drawdown": -0.3783986499156197,
      "sharpe": -2.045231768323485
    },
    "excess_return_vs_bh": 0.1959287383825955,
    "trades": {
      "chosen_buys": 14,
      "chosen_sells": 101,
      "chosen_holds": 0,
      "executed_buys": 14,
      "executed_sells": 14,
      "invalid_actions": 88
    }
  }
}