{
  "HCLTECH": {
    "return": 0.2167481902072399,
    "max_drawdown": -0.061092560438092545,
    "sharpe": 2.1004923802194027,
    "buy_hold": {
      "return": 0.22894367991845077,
      "max_drawdown": -0.0610925604380926,
      "sharpe": 2.0682029457179767
    },
    "excess_return_vs_bh": -0.012195489711210872,
    "trades": {
      "chosen_buys": 13,
      "chosen_sells": 3,
      "chosen_holds": 99,
      "executed_buys": 4,
      "executed_sells": 4,
      "invalid_actions": 9
    }
  },
  "HDFCBANK": {
    "return": 0.09508138101109753,
    "max_drawdown": -0.0928563418189974,
    "sharpe": 1.0276887181776824,
    "buy_hold": {
      "return": 0.09617755856966714,
      "max_drawdown": -0.09285634181899745,
      "sharpe": 1.0276887181776813
    },
    "excess_return_vs_bh": -0.001096177558569611,
    "trades": {
      "chosen_buys": 100,
      "chosen_sells": 0,
      "chosen_holds": 15,
      "executed_buys": 1,
      "executed_sells": 1,
      "invalid_actions": 99
    }
  },
  "HINDUNILVR": {
    "return": -0.19252307781952271,
    "max_drawdown": -0.19384607662624997,
    "sharpe": -4.799285370553842,
    "buy_hold": {
      "return": -0.10563675914971571,
      "max_drawdown": -0.22974690858661734,
      "sharpe": -1.133894334827567
    },
    "excess_return_vs_bh": -0.086886318669807,
    "trades": {
      "chosen_buys": 30,
      "chosen_sells": 30,
      "chosen_holds": 55,
      "executed_buys": 30,
      "executed_sells": 30,
      "invalid_actions": 1
    }
  },
  "ICICIBANK": {
    "return": -0.0016502875887888235,
    "max_drawdown": -0.04200347041616226,
    "sharpe": -0.051010190648121644,
    "buy_hold": {
      "return": 0.05260376438066583,
      "max_drawdown": -0.08625649071687407,
      "sharpe": 0.5525340074306977
    },
    "excess_return_vs_bh": -0.05425405196945465,
    "trades": {
      "chosen_buys": 10,
      "chosen_sells": 9,
      "chosen_holds": 96,
      "executed_buys": 9,
      "executed_sells": 9,
      "invalid_actions": 1
    }
  },
  "INFY": {
    "return": -0.08381781861786353,
    "max_drawdown": -0.12098003344836568,
    "sharpe": -1.14344384194351,
    "buy_hold": {
      "return": 0.11654608828095259,
      "max_drawdown": -0.10868350185458055,
      "sharpe": 1.031910981822248
    },
    "excess_return_vs_bh": -0.2003639068988161,
    "trades": {
      "chosen_buys": 34,
      "chosen_sells": 40,
      "chosen_holds": 41,
      "executed_buys": 31,
      "executed_sells": 31,
      "invalid_actions": 13
    }
  },
  "ITC": {
    "return": 0.028287050898203603,
    "max_drawdown": -0.12551144531681963,
    "sharpe": 0.2538486653051068,
    "buy_hold": {
      "return": 0.029316367265469045,
      "max_drawdown": -0.12551144531681957,
      "sharpe": 0.2538486653051062
    },
    "excess_return_vs_bh": -0.0010293163672654426,
    "trades": {
      "chosen_buys": 103,
      "chosen_sells": 0,
      "chosen_holds": 12,
      "executed_buys": 1,
      "executed_sells": 1,
      "invalid_actions": 102
    }
  },
  "JSWSTEEL": {
    "return": -0.04830331254184095,
    "max_drawdown": -0.14581523713611896,
    "sharpe": -0.39767414573117493,
    "buy_hold": {
      "return": -0.03515079961360956,
      "max_drawdown": -0.1348763352901549,
      "sharpe": -0.28952041678134377
    },
    "excess_return_vs_bh": -0.013152512928231386,
    "trades": {
      "chosen_buys": 109,
      "chosen_sells": 1,
      "chosen_holds": 5,
      "executed_buys": 2,
      "executed_sells": 2,
      "invalid_actions": 107
    }
  },
  "MARUTI": {
    "return": 0.0,
    "max_drawdown": 0.0,
    "sharpe": 0.0,
    "buy_hold": {
      "return": -0.1459195900015422,
      "max_drawdown": -0.20443700168943946,
      "sharpe": -1.4169504754754652
    },
    "excess_return_vs_bh": 0.1459195900015422,
    "trades": {
      "chosen_buys": 0,
      "chosen_sells": 115,
      "chosen_holds": 0,
      "executed_buys": 0,
      "executed_sells": 0,
      "invalid_actions": 115
    }
  },
  "NTPC": {
    "return": -0.14153092182030336,
    "max_drawdown": -0.2522563176895307,
    "sharpe": -1.221178998402097,
    "buy_hold": {
      "return": -0.14067159341371716,
      "max_drawdown": -0.2522563176895308,
      "sharpe": -1.2211789984020982
    },
    "excess_return_vs_bh": -0.0008593284065862017,
    "trades": {
      "chosen_buys": 95,
      "chosen_sells": 0,
      "chosen_holds": 20,
      "executed_buys": 1,
      "executed_sells": 1,
      "invalid_actions": 94
    }
  },
  "RELIANCE": {
    "return": -0.18142928316766493,
    "max_drawdown": -0.183732869142596,
    "sharpe": -3.101775186620718,
    "buy_hold": {
      "return": -0.2419859754570498,
      "max_drawdown": -0.24536689206110696,
      "sharpe": -3.011143693673078
    },
    "excess_return_vs_bh": 0.06055669228938487,
    "trades": {
      "chosen_buys": 55,
      "chosen_sells": 53,
      "chosen_holds": 7,
      "executed_buys": 54,
      "executed_sells": 54,
      "invalid_actions": 1
    }
  },
  "SBIN": {
    "return": 0.00914628738332146,
    "max_drawdown": -0.0242879669389818,
    "sharpe": 0.40761225262663847,
    "buy_hold": {
      "return": -0.10557667215067801,
      "max_drawdown": -0.13983548766157458,
      "sharpe": -0.9362767676403154
    },
    "excess_return_vs_bh": 0.11472295953399947,
    "trades": {
      "chosen_buys": 6,
      "chosen_sells": 6,
      "chosen_holds": 103,
      "executed_buys": 6,
      "executed_sells": 6,
      "invalid_actions": 0
    }
  },
  "TATASTEEL": {
    "return": 0.0,
    "max_drawdown": 0.0,
    "sharpe": 0.0,
    "buy_hold": {
      "return": -0.17918507609229273,
      "max_drawdown": -0.18790601663529852,
      "sharpe": -1.433688647656228
    },
    "excess_return_vs_bh": 0.17918507609229273,
    "trades": {
      "chosen_buys": 0,
      "chosen_sells": 115,
      "chosen_holds": 0,
      "executed_buys": 0,
      "executed_sells": 0,
      "invalid_actions": 115
    }
  },
  "TCS": {
    "return": -0.04631837190391974,
    "max_drawdown": -0.04879467050854026,
    "sharpe": -2.665879665082219,
    "buy_hold": {
      "return": -0.0024944833541206135,
      "max_drawdown": -0.1294757068350261,
      "sharpe": -0.019791651245629243
    },
    "excess_return_vs_bh": -0.04382388854979913,
    "trades": {
      "chosen_buys": 8,
      "chosen_sells": 82,
      "chosen_holds": 25,
      "executed_buys": 8,
      "executed_sells": 8,
      "invalid_actions": 74
    }
  },
  "TMPV": {
    "return": 0.0,
    "max_drawdown": 0.0,
    "sharpe": 0.0,
    "buy_hold": {
      "return": -0.283901609130219,
      "max_drawdown": -0.3783986499156197,
      "sharpe": -2.045231768323485
    },
    "excess_return_vs_bh": 0.283901609130219,
    "trades": {
      "chosen_buys": 0,
      "chosen_sells": 115,
      "chosen_holds": 0,
      "executed_buys": 0,
      "executed_sells": 0,
      "invalid_actions": 115
    }
  }
}