{
  "HCLTECH": {
    "return": 0.0,
    "max_drawdown": 0.0,
    "sharpe": 0.0,
    "buy_hold": {
      "return": 0.22894367991845077,
      "max_drawdown": -0.0610925604380926,
      "sharpe": 2.0682029457179767
    },
    "excess_return_vs_bh": -0.22894367991845077,
    "trades": {
      "chosen_buys": 0,
      "chosen_sells": 0,
      "chosen_holds": 115,
      "executed_buys": 0,
      "executed_sells": 0,
      "invalid_actions": 0
    }
  },
  "HDFCBANK": {
    "return": 0.16544912846452364,
    "max_drawdown": -0.07783738445737755,
    "sharpe": 1.6728714956287936,
    "buy_hold": {
      "return": 0.09617755856966714,
      "max_drawdown": -0.09285634181899745,
      "sharpe": 1.0276887181776813
    },
    "excess_return_vs_bh": 0.0692715698948565,
    "trades": {
      "chosen_buys": 9,
      "chosen_sells": 8,
      "chosen_holds": 98,
      "executed_buys": 9,
      "executed_sells": 9,
      "invalid_actions": 0
    }
  },
  "HINDUNILVR": {
    "return": -0.07906056372218595,
    "max_drawdown": -0.08734433716684775,
    "sharpe": -1.486938427546639,
    "buy_hold": {
      "return": -0.10563675914971571,
      "max_drawdown": -0.22974690858661734,
      "sharpe": -1.133894334827567
    },
    "excess_return_vs_bh": 0.02657619542752976,
    "trades": {
      "chosen_buys": 25,
      "chosen_sells": 25,
      "chosen_holds": 65,
      "executed_buys": 25,
      "executed_sells": 25,
      "invalid_actions": 0
    }
  },
  "ICICIBANK": {
    "return": 0.0,
    "max_drawdown": 0.0,
    "sharpe": 0.0,
    "buy_hold": {
      "return": 0.05260376438066583,
      "max_drawdown": -0.08625649071687407,
      "sharpe": 0.5525340074306977
    },
    "excess_return_vs_bh": -0.05260376438066583,
    "trades": {
      "chosen_buys": 0,
      "chosen_sells": 0,
      "chosen_holds": 115,
      "executed_buys": 0,
      "executed_sells": 0,
      "invalid_actions": 0
    }
  },
  "INFY": {
    "return": 0.022320121692346317,
    "max_drawdown": -0.028233905938774062,
    "sharpe": 0.6578930167025854,
    "buy_hold": {
      "return": 0.11654608828095259,
      "max_drawdown": -0.10868350185458055,
      "sharpe": 1.031910981822248
    },
    "excess_return_vs_bh": -0.09422596658860627,
    "trades": {
      "chosen_buys": 4,
      "chosen_sells": 4,
      "chosen_holds": 107,
      "executed_buys": 4,
      "executed_sells": 4,
      "invalid_actions": 0
    }
  },
  "ITC": {
    "return": 0.029153154865361852,
    "max_drawdown": -0.12551144531681982,
    "sharpe": 0.265962052223284,
    "buy_hold": {
      "return": 0.029316367265469045,
      "max_drawdown": -0.12551144531681957,
      "sharpe": 0.2538486653051062
    },
    "excess_return_vs_bh": -0.0001632124001071933,
    "trades": {
      "chosen_buys": 7,
      "chosen_sells": 6,
      "chosen_holds": 102,
      "executed_buys": 7,
      "executed_sells": 7,
      "invalid_actions": 0
    }
  }
}