{
  "HCLTECH": {
    "return": 0.0,
    "max_drawdown": 0.0,
    "sharpe": 0.0,
    "buy_hold": {
      "return": 0.22894367991845077,
      "max_drawdown": -0.0610925604380926,
      "sharpe": 2.0682029457179767
    },
    "excess_return_vs_bh": -0.22894367991845077,
    "trades": {
      "chosen_buys": 0,
      "chosen_sells": 0,
      "chosen_holds": 115,
      "executed_buys": 0,
      "executed_sells": 0,
      "invalid_actions": 0
    }
  },
  "HDFCBANK": {
    "return": 0.03207650825796726,
    "max_drawdown": -0.06490464649307127,
    "sharpe": 0.3568884752949788,
    "buy_hold": {
      "return": 0.09617755856966714,
      "max_drawdown": -0.09285634181899745,
      "sharpe": 1.0276887181776813
    },
    "excess_return_vs_bh": -0.06410105031169988,
    "trades": {
      "chosen_buys": 17,
      "chosen_sells": 16,
      "chosen_holds": 82,
      "executed_buys": 17,
      "executed_sells": 17,
      "invalid_actions": 0
    }
  },
  "HINDUNILVR": {
    "return": 0.016712496691511314,
    "max_drawdown": -0.013417445453979509,
    "sharpe": 0.9381443869492421,
    "buy_hold": {
      "return": -0.10563675914971571,
      "max_drawdown": -0.22974690858661734,
      "sharpe": -1.133894334827567
    },
    "excess_return_vs_bh": 0.12234925584122702,
    "trades": {
      "chosen_buys": 4,
      "chosen_sells": 4,
      "chosen_holds": 107,
      "executed_buys": 4,
      "executed_sells": 4,
      "invalid_actions": 0
    }
  },
  "ICICIBANK": {
    "return": 0.0,
    "max_drawdown": 0.0,
    "sharpe": 0.0,
    "buy_hold": {
      "return": 0.05260376438066583,
      "max_drawdown": -0.08625649071687407,
      "sharpe": 0.5525340074306977
    },
    "excess_return_vs_bh": -0.05260376438066583,
    "trades": {
      "chosen_buys": 0,
      "chosen_sells": 0,
      "chosen_holds": 115,
      "executed_buys": 0,
      "executed_sells": 0,
      "invalid_actions": 0
    }
  },
  "INFY": {
    "return": -0.020518171995338008,
    "max_drawdown": -0.02056479988288676,
    "sharpe": -1.8437506595660056,
    "buy_hold": {
      "return": 0.11654608828095259,
      "max_drawdown": -0.10868350185458055,
      "sharpe": 1.031910981822248
    },
    "excess_return_vs_bh": -0.1370642602762906,
    "trades": {
      "chosen_buys": 3,
      "chosen_sells": 3,
      "chosen_holds": 109,
      "executed_buys": 3,
      "executed_sells": 3,
      "invalid_actions": 0
    }
  },
  "ITC": {
    "return": 0.028287050898203603,
    "max_drawdown": -0.12551144531681963,
    "sharpe": 0.2538486653051068,
    "buy_hold": {
      "return": 0.029316367265469045,
      "max_drawdown": -0.12551144531681957,
      "sharpe": 0.2538486653051062
    },
    "excess_return_vs_bh": -0.0010293163672654426,
    "trades": {
      "chosen_buys": 1,
      "chosen_sells": 0,
      "chosen_holds": 114,
      "executed_buys": 1,
      "executed_sells": 1,
      "invalid_actions": 0
    }
  }
}