{
  "HCLTECH": {
    "return": 0.07239216053860642,
    "max_drawdown": -0.051359513577763666,
    "sharpe": 1.2956986838973032,
    "buy_hold": {
      "return": 0.22894367991845077,
      "max_drawdown": -0.0610925604380926,
      "sharpe": 2.0682029457179767
    },
    "excess_return_vs_bh": -0.15655151937984435,
    "trades": {
      "chosen_buys": 25,
      "chosen_sells": 25,
      "chosen_holds": 65,
      "executed_buys": 25,
      "executed_sells": 25,
      "invalid_actions": 0
    }
  },
  "HDFCBANK": {
    "return": 0.052636891980779366,
    "max_drawdown": -0.0928563418189977,
    "sharpe": 0.5807936156555176,
    "buy_hold": {
      "return": 0.09617755856966714,
      "max_drawdown": -0.09285634181899745,
      "sharpe": 1.0276887181776813
    },
    "excess_return_vs_bh": -0.04354066658888778,
    "trades": {
      "chosen_buys": 5,
      "chosen_sells": 4,
      "chosen_holds": 106,
      "executed_buys": 5,
      "executed_sells": 5,
      "invalid_actions": 0
    }
  },
  "HINDUNILVR": {
    "return": 0.0,
    "max_drawdown": 0.0,
    "sharpe": 0.0,
    "buy_hold": {
      "return": -0.10563675914971571,
      "max_drawdown": -0.22974690858661734,
      "sharpe": -1.133894334827567
    },
    "excess_return_vs_bh": 0.10563675914971571,
    "trades": {
      "chosen_buys": 0,
      "chosen_sells": 0,
      "chosen_holds": 115,
      "executed_buys": 0,
      "executed_sells": 0,
      "invalid_actions": 0
    }
  },
  "ICICIBANK": {
    "return": 0.029214043787387123,
    "max_drawdown": -0.010497655184174457,
    "sharpe": 1.1836672444262726,
    "buy_hold": {
      "return": 0.05260376438066583,
      "max_drawdown": -0.08625649071687407,
      "sharpe": 0.5525340074306977
    },
    "excess_return_vs_bh": -0.023389720593278707,
    "trades": {
      "chosen_buys": 4,
      "chosen_sells": 4,
      "chosen_holds": 107,
      "executed_buys": 4,
      "executed_sells": 4,
      "invalid_actions": 0
    }
  },
  "INFY": {
    "return": 0.08899027329910658,
    "max_drawdown": -0.04381350208653626,
    "sharpe": 1.2447186721188688,
    "buy_hold": {
      "return": 0.11654608828095259,
      "max_drawdown": -0.10868350185458055,
      "sharpe": 1.031910981822248
    },
    "excess_return_vs_bh": -0.027555814981846005,
    "trades": {
      "chosen_buys": 10,
      "chosen_sells": 10,
      "chosen_holds": 95,
      "executed_buys": 10,
      "executed_sells": 10,
      "invalid_actions": 0
    }
  },
  "ITC": {
    "return": 0.02171070426654831,
    "max_drawdown": -0.1255114453168197,
    "sharpe": 0.1944224618482029,
    "buy_hold": {
      "return": 0.029316367265469045,
      "max_drawdown": -0.12551144531681957,
      "sharpe": 0.2538486653051062
    },
    "excess_return_vs_bh": -0.007605662998920737,
    "trades": {
      "chosen_buys": 3,
      "chosen_sells": 2,
      "chosen_holds": 110,
      "executed_buys": 3,
      "executed_sells": 3,
      "invalid_actions": 0
    }
  }
}