{
  "HCLTECH": {
    "return": 0.0662857378788424,
    "max_drawdown": -0.06819485208231356,
    "sharpe": 0.7377410719658516,
    "buy_hold": {
      "return": 0.22894367991845077,
      "max_drawdown": -0.0610925604380926,
      "sharpe": 2.0682029457179767
    },
    "excess_return_vs_bh": -0.16265794203960837,
    "trades": {
      "chosen_buys": 44,
      "chosen_sells": 44,
      "chosen_holds": 27,
      "executed_buys": 44,
      "executed_sells": 44,
      "invalid_actions": 0
    }
  },
  "HDFCBANK": {
    "return": 0.06901358922256629,
    "max_drawdown": -0.09285634181899756,
    "sharpe": 0.7364048844472957,
    "buy_hold": {
      "return": 0.09617755856966714,
      "max_drawdown": -0.09285634181899745,
      "sharpe": 1.0276887181776813
    },
    "excess_return_vs_bh": -0.027163969347100858,
    "trades": {
      "chosen_buys": 4,
      "chosen_sells": 3,
      "chosen_holds": 108,
      "executed_buys": 4,
      "executed_sells": 4,
      "invalid_actions": 0
    }
  },
  "HINDUNILVR": {
    "return": -0.16100450868035732,
    "max_drawdown": -0.16485311185154827,
    "sharpe": -1.9435976125885785,
    "buy_hold": {
      "return": -0.10563675914971571,
      "max_drawdown": -0.22974690858661734,
      "sharpe": -1.133894334827567
    },
    "excess_return_vs_bh": -0.05536774953064161,
    "trades": {
      "chosen_buys": 6,
      "chosen_sells": 5,
      "chosen_holds": 104,
      "executed_buys": 6,
      "executed_sells": 6,
      "invalid_actions": 0
    }
  },
  "ICICIBANK": {
    "return": 0.0,
    "max_drawdown": 0.0,
    "sharpe": 0.0,
    "buy_hold": {
      "return": 0.05260376438066583,
      "max_drawdown": -0.08625649071687407,
      "sharpe": 0.5525340074306977
    },
    "excess_return_vs_bh": -0.05260376438066583,
    "trades": {
      "chosen_buys": 0,
      "chosen_sells": 0,
      "chosen_holds": 115,
      "executed_buys": 0,
      "executed_sells": 0,
      "invalid_actions": 0
    }
  },
  "INFY": {
    "return": 0.04432748363201511,
    "max_drawdown": -0.06764960629921249,
    "sharpe": 0.535863977974717,
    "buy_hold": {
      "return": 0.11654608828095259,
      "max_drawdown": -0.10868350185458055,
      "sharpe": 1.031910981822248
    },
    "excess_return_vs_bh": -0.07221860464893748,
    "trades": {
      "chosen_buys": 35,
      "chosen_sells": 35,
      "chosen_holds": 45,
      "executed_buys": 35,
      "executed_sells": 35,
      "invalid_actions": 0
    }
  },
  "ITC": {
    "return": 0.04415432087386417,
    "max_drawdown": -0.12551144531681974,
    "sharpe": 0.3971315771705677,
    "buy_hold": {
      "return": 0.029316367265469045,
      "max_drawdown": -0.12551144531681957,
      "sharpe": 0.2538486653051062
    },
    "excess_return_vs_bh": 0.014837953608395127,
    "trades": {
      "chosen_buys": 3,
      "chosen_sells": 2,
      "chosen_holds": 110,
      "executed_buys": 3,
      "executed_sells": 3,
      "invalid_actions": 0
    }
  }
}