{
  "HCLTECH": {
    "return": 0.03572534583894038,
    "max_drawdown": -0.0010000000000000009,
    "sharpe": 1.381953630046302,
    "buy_hold": {
      "return": 0.22894367991845077,
      "max_drawdown": -0.0610925604380926,
      "sharpe": 2.0682029457179767
    },
    "excess_return_vs_bh": -0.1932183340795104,
    "trades": {
      "chosen_buys": 2,
      "chosen_sells": 2,
      "chosen_holds": 111,
      "executed_buys": 2,
      "executed_sells": 2,
      "invalid_actions": 0
    }
  },
  "HDFCBANK": {
    "return": 0.02756598954757039,
    "max_drawdown": -0.09376348547717844,
    "sharpe": 0.311912930637338,
    "buy_hold": {
      "return": 0.09617755856966714,
      "max_drawdown": -0.09285634181899745,
      "sharpe": 1.0276887181776813
    },
    "excess_return_vs_bh": -0.06861156902209675,
    "trades": {
      "chosen_buys": 10,
      "chosen_sells": 9,
      "chosen_holds": 96,
      "executed_buys": 10,
      "executed_sells": 10,
      "invalid_actions": 0
    }
  },
  "HINDUNILVR": {
    "return": -0.23487770214664028,
    "max_drawdown": -0.242446730459737,
    "sharpe": -4.245756294253456,
    "buy_hold": {
      "return": -0.10563675914971571,
      "max_drawdown": -0.22974690858661734,
      "sharpe": -1.133894334827567
    },
    "excess_return_vs_bh": -0.12924094299692457,
    "trades": {
      "chosen_buys": 24,
      "chosen_sells": 23,
      "chosen_holds": 68,
      "executed_buys": 24,
      "executed_sells": 24,
      "invalid_actions": 0
    }
  },
  "ICICIBANK": {
    "return": -0.01730822872241966,
    "max_drawdown": -0.01730822872241966,
    "sharpe": -1.8451135245822141,
    "buy_hold": {
      "return": 0.05260376438066583,
      "max_drawdown": -0.08625649071687407,
      "sharpe": 0.5525340074306977
    },
    "excess_return_vs_bh": -0.06991199310308549,
    "trades": {
      "chosen_buys": 3,
      "chosen_sells": 3,
      "chosen_holds": 109,
      "executed_buys": 3,
      "executed_sells": 3,
      "invalid_actions": 0
    }
  },
  "INFY": {
    "return": 0.052831468783528734,
    "max_drawdown": -0.04631187613569394,
    "sharpe": 1.148872699989911,
    "buy_hold": {
      "return": 0.11654608828095259,
      "max_drawdown": -0.10868350185458055,
      "sharpe": 1.031910981822248
    },
    "excess_return_vs_bh": -0.06371461949742385,
    "trades": {
      "chosen_buys": 11,
      "chosen_sells": 11,
      "chosen_holds": 93,
      "executed_buys": 11,
      "executed_sells": 11,
      "invalid_actions": 0
    }
  },
  "ITC": {
    "return": 0.03898873969124139,
    "max_drawdown": -0.12551144531681954,
    "sharpe": 0.3505876613642195,
    "buy_hold": {
      "return": 0.029316367265469045,
      "max_drawdown": -0.12551144531681957,
      "sharpe": 0.2538486653051062
    },
    "excess_return_vs_bh": 0.009672372425772346,
    "trades": {
      "chosen_buys": 2,
      "chosen_sells": 1,
      "chosen_holds": 112,
      "executed_buys": 2,
      "executed_sells": 2,
      "invalid_actions": 0
    }
  }
}