{
  "HCLTECH": {
    "return": 0.032395231055898144,
    "max_drawdown": -0.04275376806697246,
    "sharpe": 0.5167989374656631,
    "buy_hold": {
      "return": 0.22894367991845077,
      "max_drawdown": -0.0610925604380926,
      "sharpe": 2.0682029457179767
    },
    "excess_return_vs_bh": -0.19654844886255263,
    "trades": {
      "chosen_buys": 44,
      "chosen_sells": 44,
      "chosen_holds": 27,
      "executed_buys": 44,
      "executed_sells": 44,
      "invalid_actions": 0
    }
  },
  "HDFCBANK": {
    "return": 0.08858941880555271,
    "max_drawdown": -0.09285634181899739,
    "sharpe": 0.948945654449644,
    "buy_hold": {
      "return": 0.09617755856966714,
      "max_drawdown": -0.09285634181899745,
      "sharpe": 1.0276887181776813
    },
    "excess_return_vs_bh": -0.007588139764114432,
    "trades": {
      "chosen_buys": 3,
      "chosen_sells": 2,
      "chosen_holds": 110,
      "executed_buys": 3,
      "executed_sells": 3,
      "invalid_actions": 0
    }
  },
  "HINDUNILVR": {
    "return": -0.08742140949277255,
    "max_drawdown": -0.09562997782682559,
    "sharpe": -1.648888529643276,
    "buy_hold": {
      "return": -0.10563675914971571,
      "max_drawdown": -0.22974690858661734,
      "sharpe": -1.133894334827567
    },
    "excess_return_vs_bh": 0.01821534965694316,
    "trades": {
      "chosen_buys": 28,
      "chosen_sells": 28,
      "chosen_holds": 59,
      "executed_buys": 28,
      "executed_sells": 28,
      "invalid_actions": 0
    }
  },
  "ICICIBANK": {
    "return": 0.0,
    "max_drawdown": 0.0,
    "sharpe": 0.0,
    "buy_hold": {
      "return": 0.05260376438066583,
      "max_drawdown": -0.08625649071687407,
      "sharpe": 0.5525340074306977
    },
    "excess_return_vs_bh": -0.05260376438066583,
    "trades": {
      "chosen_buys": 0,
      "chosen_sells": 0,
      "chosen_holds": 115,
      "executed_buys": 0,
      "executed_sells": 0,
      "invalid_actions": 0
    }
  },
  "INFY": {
    "return": 0.03610955740212818,
    "max_drawdown": -0.05266885566427419,
    "sharpe": 0.6071405098892063,
    "buy_hold": {
      "return": 0.11654608828095259,
      "max_drawdown": -0.10868350185458055,
      "sharpe": 1.031910981822248
    },
    "excess_return_vs_bh": -0.08043653087882441,
    "trades": {
      "chosen_buys": 33,
      "chosen_sells": 33,
      "chosen_holds": 49,
      "executed_buys": 33,
      "executed_sells": 33,
      "invalid_actions": 0
    }
  },
  "ITC": {
    "return": 0.016168118817992294,
    "max_drawdown": -0.12551144531681954,
    "sharpe": 0.151443191022438,
    "buy_hold": {
      "return": 0.029316367265469045,
      "max_drawdown": -0.12551144531681957,
      "sharpe": 0.2538486653051062
    },
    "excess_return_vs_bh": -0.013148248447476751,
    "trades": {
      "chosen_buys": 2,
      "chosen_sells": 1,
      "chosen_holds": 112,
      "executed_buys": 2,
      "executed_sells": 2,
      "invalid_actions": 0
    }
  }
}