{
  "HCLTECH": {
    "return": 0.022269264655578436,
    "max_drawdown": -0.045223732869262595,
    "sharpe": 0.44367250606672504,
    "buy_hold": {
      "return": 0.22894367991845077,
      "max_drawdown": -0.0610925604380926,
      "sharpe": 2.0682029457179767
    },
    "excess_return_vs_bh": -0.20667441526287234,
    "trades": {
      "chosen_buys": 15,
      "chosen_sells": 15,
      "chosen_holds": 85,
      "executed_buys": 15,
      "executed_sells": 15,
      "invalid_actions": 0
    }
  },
  "HDFCBANK": {
    "return": 0.013295510338049432,
    "max_drawdown": -0.0778373844573777,
    "sharpe": 0.16262061196508182,
    "buy_hold": {
      "return": 0.09617755856966714,
      "max_drawdown": -0.09285634181899745,
      "sharpe": 1.0276887181776813
    },
    "excess_return_vs_bh": -0.08288204823161771,
    "trades": {
      "chosen_buys": 31,
      "chosen_sells": 30,
      "chosen_holds": 54,
      "executed_buys": 31,
      "executed_sells": 31,
      "invalid_actions": 0
    }
  },
  "HINDUNILVR": {
    "return": -0.1781811320754717,
    "max_drawdown": -0.18195094339622642,
    "sharpe": -2.1993406063960492,
    "buy_hold": {
      "return": -0.10563675914971571,
      "max_drawdown": -0.22974690858661734,
      "sharpe": -1.133894334827567
    },
    "excess_return_vs_bh": -0.072544372925756,
    "trades": {
      "chosen_buys": 1,
      "chosen_sells": 0,
      "chosen_holds": 114,
      "executed_buys": 1,
      "executed_sells": 1,
      "invalid_actions": 0
    }
  },
  "ICICIBANK": {
    "return": 0.06687371954309707,
    "max_drawdown": -0.017469240048250977,
    "sharpe": 1.172224156620065,
    "buy_hold": {
      "return": 0.05260376438066583,
      "max_drawdown": -0.08625649071687407,
      "sharpe": 0.5525340074306977
    },
    "excess_return_vs_bh": 0.014269955162431236,
    "trades": {
      "chosen_buys": 8,
      "chosen_sells": 8,
      "chosen_holds": 99,
      "executed_buys": 8,
      "executed_sells": 8,
      "invalid_actions": 0
    }
  },
  "INFY": {
    "return": -0.035781980587776374,
    "max_drawdown": -0.1371422299786267,
    "sharpe": -0.4615535161493126,
    "buy_hold": {
      "return": 0.11654608828095259,
      "max_drawdown": -0.10868350185458055,
      "sharpe": 1.031910981822248
    },
    "excess_return_vs_bh": -0.15232806886872896,
    "trades": {
      "chosen_buys": 16,
      "chosen_sells": 15,
      "chosen_holds": 84,
      "executed_buys": 16,
      "executed_sells": 16,
      "invalid_actions": 0
    }
  },
  "ITC": {
    "return": 0.031590415718270703,
    "max_drawdown": -0.12551144531681985,
    "sharpe": 0.27888627832092583,
    "buy_hold": {
      "return": 0.029316367265469045,
      "max_drawdown": -0.12551144531681957,
      "sharpe": 0.2538486653051062
    },
    "excess_return_vs_bh": 0.002274048452801658,
    "trades": {
      "chosen_buys": 3,
      "chosen_sells": 2,
      "chosen_holds": 110,
      "executed_buys": 3,
      "executed_sells": 3,
      "invalid_actions": 0
    }
  }
}