{
  "HCLTECH": {
    "return": 0.10641078756135114,
    "max_drawdown": -0.05739642340062514,
    "sharpe": 1.2080553681121649,
    "buy_hold": {
      "return": 0.22894367991845077,
      "max_drawdown": -0.0610925604380926,
      "sharpe": 2.0682029457179767
    },
    "excess_return_vs_bh": -0.12253289235709963,
    "trades": {
      "chosen_buys": 37,
      "chosen_sells": 36,
      "chosen_holds": 42,
      "executed_buys": 37,
      "executed_sells": 37,
      "invalid_actions": 0
    }
  },
  "HDFCBANK": {
    "return": 0.08344512697721562,
    "max_drawdown": -0.09376348547717847,
    "sharpe": 0.8975520398609595,
    "buy_hold": {
      "return": 0.09617755856966714,
      "max_drawdown": -0.09285634181899745,
      "sharpe": 1.0276887181776813
    },
    "excess_return_vs_bh": -0.01273243159245152,
    "trades": {
      "chosen_buys": 5,
      "chosen_sells": 4,
      "chosen_holds": 106,
      "executed_buys": 5,
      "executed_sells": 5,
      "invalid_actions": 0
    }
  },
  "HINDUNILVR": {
    "return": -0.0010389359316603786,
    "max_drawdown": -0.0010389359316603786,
    "sharpe": -1.4630533237759011,
    "buy_hold": {
      "return": -0.10563675914971571,
      "max_drawdown": -0.22974690858661734,
      "sharpe": -1.133894334827567
    },
    "excess_return_vs_bh": 0.10459782321805533,
    "trades": {
      "chosen_buys": 1,
      "chosen_sells": 1,
      "chosen_holds": 113,
      "executed_buys": 1,
      "executed_sells": 1,
      "invalid_actions": 0
    }
  },
  "ICICIBANK": {
    "return": 0.044542476618434135,
    "max_drawdown": -0.07183208030072792,
    "sharpe": 0.5199379096725477,
    "buy_hold": {
      "return": 0.05260376438066583,
      "max_drawdown": -0.08625649071687407,
      "sharpe": 0.5525340074306977
    },
    "excess_return_vs_bh": -0.008061287762231695,
    "trades": {
      "chosen_buys": 17,
      "chosen_sells": 16,
      "chosen_holds": 82,
      "executed_buys": 17,
      "executed_sells": 17,
      "invalid_actions": 0
    }
  },
  "INFY": {
    "return": 0.13755997515194207,
    "max_drawdown": -0.07854423114420231,
    "sharpe": 1.3735910773673756,
    "buy_hold": {
      "return": 0.11654608828095259,
      "max_drawdown": -0.10868350185458055,
      "sharpe": 1.031910981822248
    },
    "excess_return_vs_bh": 0.021013886870989484,
    "trades": {
      "chosen_buys": 30,
      "chosen_sells": 30,
      "chosen_holds": 55,
      "executed_buys": 30,
      "executed_sells": 30,
      "invalid_actions": 0
    }
  },
  "ITC": {
    "return": 0.03136273156592395,
    "max_drawdown": -0.12551144531681968,
    "sharpe": 0.28334753194056517,
    "buy_hold": {
      "return": 0.029316367265469045,
      "max_drawdown": -0.12551144531681957,
      "sharpe": 0.2538486653051062
    },
    "excess_return_vs_bh": 0.002046364300454906,
    "trades": {
      "chosen_buys": 3,
      "chosen_sells": 2,
      "chosen_holds": 110,
      "executed_buys": 3,
      "executed_sells": 3,
      "invalid_actions": 0
    }
  }
}