{
  "HCLTECH": {
    "return": 0.004007636603420517,
    "max_drawdown": -0.0010000000000000009,
    "sharpe": 0.8365264087151327,
    "buy_hold": {
      "return": 0.22894367991845077,
      "max_drawdown": -0.0610925604380926,
      "sharpe": 2.0682029457179767
    },
    "excess_return_vs_bh": -0.22493604331503025,
    "trades": {
      "chosen_buys": 1,
      "chosen_sells": 1,
      "chosen_holds": 113,
      "executed_buys": 1,
      "executed_sells": 1,
      "invalid_actions": 0
    }
  },
  "HDFCBANK": {
    "return": -0.012078609398851303,
    "max_drawdown": -0.07619343834783224,
    "sharpe": -0.16043893988671928,
    "buy_hold": {
      "return": 0.09617755856966714,
      "max_drawdown": -0.09285634181899745,
      "sharpe": 1.0276887181776813
    },
    "excess_return_vs_bh": -0.10825616796851845,
    "trades": {
      "chosen_buys": 46,
      "chosen_sells": 45,
      "chosen_holds": 24,
      "executed_buys": 46,
      "executed_sells": 46,
      "invalid_actions": 0
    }
  },
  "HINDUNILVR": {
    "return": -0.07151806444386566,
    "max_drawdown": -0.11625282619591248,
    "sharpe": -1.0670804052372271,
    "buy_hold": {
      "return": -0.10563675914971571,
      "max_drawdown": -0.22974690858661734,
      "sharpe": -1.133894334827567
    },
    "excess_return_vs_bh": 0.03411869470585005,
    "trades": {
      "chosen_buys": 8,
      "chosen_sells": 8,
      "chosen_holds": 99,
      "executed_buys": 8,
      "executed_sells": 8,
      "invalid_actions": 0
    }
  },
  "ICICIBANK": {
    "return": 0.0,
    "max_drawdown": 0.0,
    "sharpe": 0.0,
    "buy_hold": {
      "return": 0.05260376438066583,
      "max_drawdown": -0.08625649071687407,
      "sharpe": 0.5525340074306977
    },
    "excess_return_vs_bh": -0.05260376438066583,
    "trades": {
      "chosen_buys": 0,
      "chosen_sells": 0,
      "chosen_holds": 115,
      "executed_buys": 0,
      "executed_sells": 0,
      "invalid_actions": 0
    }
  },
  "INFY": {
    "return": -0.012152548167675414,
    "max_drawdown": -0.037544576665516714,
    "sharpe": -0.29953947227359534,
    "buy_hold": {
      "return": 0.11654608828095259,
      "max_drawdown": -0.10868350185458055,
      "sharpe": 1.031910981822248
    },
    "excess_return_vs_bh": -0.128698636448628,
    "trades": {
      "chosen_buys": 5,
      "chosen_sells": 5,
      "chosen_holds": 105,
      "executed_buys": 5,
      "executed_sells": 5,
      "invalid_actions": 0
    }
  },
  "ITC": {
    "return": 0.022448702216821825,
    "max_drawdown": -0.12551144531681976,
    "sharpe": 0.20039345171560263,
    "buy_hold": {
      "return": 0.029316367265469045,
      "max_drawdown": -0.12551144531681957,
      "sharpe": 0.2538486653051062
    },
    "excess_return_vs_bh": -0.00686766504864722,
    "trades": {
      "chosen_buys": 2,
      "chosen_sells": 1,
      "chosen_holds": 112,
      "executed_buys": 2,
      "executed_sells": 2,
      "invalid_actions": 0
    }
  }
}