{
  "HCLTECH": {
    "return": 0.014053729227621048,
    "max_drawdown": -0.060454888462647606,
    "sharpe": 0.19698700515606976,
    "buy_hold": {
      "return": 0.22894367991845077,
      "max_drawdown": -0.0610925604380926,
      "sharpe": 2.0682029457179767
    },
    "excess_return_vs_bh": -0.21488995069082972,
    "trades": {
      "chosen_buys": 55,
      "chosen_sells": 55,
      "chosen_holds": 5,
      "executed_buys": 55,
      "executed_sells": 55,
      "invalid_actions": 0
    }
  },
  "HDFCBANK": {
    "return": 0.07595653348035669,
    "max_drawdown": -0.09285634181899756,
    "sharpe": 0.803207196847255,
    "buy_hold": {
      "return": 0.09617755856966714,
      "max_drawdown": -0.09285634181899745,
      "sharpe": 1.0276887181776813
    },
    "excess_return_vs_bh": -0.02022102508931045,
    "trades": {
      "chosen_buys": 3,
      "chosen_sells": 2,
      "chosen_holds": 110,
      "executed_buys": 3,
      "executed_sells": 3,
      "invalid_actions": 0
    }
  },
  "HINDUNILVR": {
    "return": -0.17314099895207347,
    "max_drawdown": -0.17449575404372863,
    "sharpe": -4.54320538699686,
    "buy_hold": {
      "return": -0.10563675914971571,
      "max_drawdown": -0.22974690858661734,
      "sharpe": -1.133894334827567
    },
    "excess_return_vs_bh": -0.06750423980235776,
    "trades": {
      "chosen_buys": 26,
      "chosen_sells": 25,
      "chosen_holds": 64,
      "executed_buys": 26,
      "executed_sells": 26,
      "invalid_actions": 0
    }
  },
  "ICICIBANK": {
    "return": 0.0,
    "max_drawdown": 0.0,
    "sharpe": 0.0,
    "buy_hold": {
      "return": 0.05260376438066583,
      "max_drawdown": -0.08625649071687407,
      "sharpe": 0.5525340074306977
    },
    "excess_return_vs_bh": -0.05260376438066583,
    "trades": {
      "chosen_buys": 0,
      "chosen_sells": 0,
      "chosen_holds": 115,
      "executed_buys": 0,
      "executed_sells": 0,
      "invalid_actions": 0
    }
  },
  "INFY": {
    "return": 0.1695387616227293,
    "max_drawdown": -0.05266885566427415,
    "sharpe": 2.2288377836472884,
    "buy_hold": {
      "return": 0.11654608828095259,
      "max_drawdown": -0.10868350185458055,
      "sharpe": 1.031910981822248
    },
    "excess_return_vs_bh": 0.05299267334177671,
    "trades": {
      "chosen_buys": 40,
      "chosen_sells": 39,
      "chosen_holds": 36,
      "executed_buys": 40,
      "executed_sells": 40,
      "invalid_actions": 0
    }
  },
  "ITC": {
    "return": 0.02760662360120003,
    "max_drawdown": -0.12551144531681965,
    "sharpe": 0.24836611216119167,
    "buy_hold": {
      "return": 0.029316367265469045,
      "max_drawdown": -0.12551144531681957,
      "sharpe": 0.2538486653051062
    },
    "excess_return_vs_bh": -0.0017097436642690145,
    "trades": {
      "chosen_buys": 2,
      "chosen_sells": 1,
      "chosen_holds": 112,
      "executed_buys": 2,
      "executed_sells": 2,
      "invalid_actions": 0
    }
  }
}