{
  "HCLTECH": {
    "return": -0.07543032656160353,
    "max_drawdown": -0.1072429386470963,
    "sharpe": -0.987905065565483,
    "buy_hold": {
      "return": 0.22894367991845077,
      "max_drawdown": -0.0610925604380926,
      "sharpe": 2.0682029457179767
    },
    "excess_return_vs_bh": -0.3043740064800543,
    "trades": {
      "chosen_buys": 49,
      "chosen_sells": 48,
      "chosen_holds": 18,
      "executed_buys": 49,
      "executed_sells": 49,
      "invalid_actions": 0
    }
  },
  "HDFCBANK": {
    "return": 0.019205584829169897,
    "max_drawdown": -0.07240245228215778,
    "sharpe": 0.23719384886341394,
    "buy_hold": {
      "return": 0.09617755856966714,
      "max_drawdown": -0.09285634181899745,
      "sharpe": 1.0276887181776813
    },
    "excess_return_vs_bh": -0.07697197374049725,
    "trades": {
      "chosen_buys": 32,
      "chosen_sells": 31,
      "chosen_holds": 52,
      "executed_buys": 32,
      "executed_sells": 32,
      "invalid_actions": 0
    }
  },
  "HINDUNILVR": {
    "return": -0.15847106897355867,
    "max_drawdown": -0.18195094339622633,
    "sharpe": -1.8872986967868774,
    "buy_hold": {
      "return": -0.10563675914971571,
      "max_drawdown": -0.22974690858661734,
      "sharpe": -1.133894334827567
    },
    "excess_return_vs_bh": -0.05283430982384296,
    "trades": {
      "chosen_buys": 2,
      "chosen_sells": 1,
      "chosen_holds": 112,
      "executed_buys": 2,
      "executed_sells": 2,
      "invalid_actions": 0
    }
  },
  "ICICIBANK": {
    "return": 0.09607151345369735,
    "max_drawdown": -0.0797938377036228,
    "sharpe": 1.0563353475547,
    "buy_hold": {
      "return": 0.05260376438066583,
      "max_drawdown": -0.08625649071687407,
      "sharpe": 0.5525340074306977
    },
    "excess_return_vs_bh": 0.043467749073031525,
    "trades": {
      "chosen_buys": 3,
      "chosen_sells": 3,
      "chosen_holds": 109,
      "executed_buys": 3,
      "executed_sells": 3,
      "invalid_actions": 0
    }
  },
  "INFY": {
    "return": -0.06512886644419935,
    "max_drawdown": -0.1317816891849749,
    "sharpe": -0.6991556792127589,
    "buy_hold": {
      "return": 0.11654608828095259,
      "max_drawdown": -0.10868350185458055,
      "sharpe": 1.031910981822248
    },
    "excess_return_vs_bh": -0.18167495472515194,
    "trades": {
      "chosen_buys": 41,
      "chosen_sells": 40,
      "chosen_holds": 34,
      "executed_buys": 41,
      "executed_sells": 41,
      "invalid_actions": 0
    }
  },
  "ITC": {
    "return": 0.04151328042802116,
    "max_drawdown": -0.11127751794149533,
    "sharpe": 0.3782860761685215,
    "buy_hold": {
      "return": 0.029316367265469045,
      "max_drawdown": -0.12551144531681957,
      "sharpe": 0.2538486653051062
    },
    "excess_return_vs_bh": 0.012196913162552114,
    "trades": {
      "chosen_buys": 3,
      "chosen_sells": 2,
      "chosen_holds": 110,
      "executed_buys": 3,
      "executed_sells": 3,
      "invalid_actions": 0
    }
  }
}