{
  "HCLTECH": {
    "return": 0.036789583780022284,
    "max_drawdown": -0.0010000000000000009,
    "sharpe": 1.3436558844119735,
    "buy_hold": {
      "return": 0.22894367991845077,
      "max_drawdown": -0.0610925604380926,
      "sharpe": 2.0682029457179767
    },
    "excess_return_vs_bh": -0.1921540961384285,
    "trades": {
      "chosen_buys": 3,
      "chosen_sells": 3,
      "chosen_holds": 109,
      "executed_buys": 3,
      "executed_sells": 3,
      "invalid_actions": 0
    }
  },
  "HDFCBANK": {
    "return": 0.02204111303296652,
    "max_drawdown": -0.0937634854771784,
    "sharpe": 0.2663881153614678,
    "buy_hold": {
      "return": 0.09617755856966714,
      "max_drawdown": -0.09285634181899745,
      "sharpe": 1.0276887181776813
    },
    "excess_return_vs_bh": -0.07413644553670062,
    "trades": {
      "chosen_buys": 25,
      "chosen_sells": 24,
      "chosen_holds": 66,
      "executed_buys": 25,
      "executed_sells": 25,
      "invalid_actions": 0
    }
  },
  "HINDUNILVR": {
    "return": -0.06070513674313749,
    "max_drawdown": -0.09846549126946309,
    "sharpe": -1.5326456056693674,
    "buy_hold": {
      "return": -0.10563675914971571,
      "max_drawdown": -0.22974690858661734,
      "sharpe": -1.133894334827567
    },
    "excess_return_vs_bh": 0.04493162240657822,
    "trades": {
      "chosen_buys": 5,
      "chosen_sells": 5,
      "chosen_holds": 105,
      "executed_buys": 5,
      "executed_sells": 5,
      "invalid_actions": 0
    }
  },
  "ICICIBANK": {
    "return": 0.0,
    "max_drawdown": 0.0,
    "sharpe": 0.0,
    "buy_hold": {
      "return": 0.05260376438066583,
      "max_drawdown": -0.08625649071687407,
      "sharpe": 0.5525340074306977
    },
    "excess_return_vs_bh": -0.05260376438066583,
    "trades": {
      "chosen_buys": 0,
      "chosen_sells": 0,
      "chosen_holds": 115,
      "executed_buys": 0,
      "executed_sells": 0,
      "invalid_actions": 0
    }
  },
  "INFY": {
    "return": -0.03306319679998626,
    "max_drawdown": -0.045920275051307906,
    "sharpe": -1.4787891597212608,
    "buy_hold": {
      "return": 0.11654608828095259,
      "max_drawdown": -0.10868350185458055,
      "sharpe": 1.031910981822248
    },
    "excess_return_vs_bh": -0.14960928508093885,
    "trades": {
      "chosen_buys": 5,
      "chosen_sells": 5,
      "chosen_holds": 105,
      "executed_buys": 5,
      "executed_sells": 5,
      "invalid_actions": 0
    }
  },
  "ITC": {
    "return": 0.0036105957162675395,
    "max_drawdown": -0.1531961300655025,
    "sharpe": 0.04556418188014646,
    "buy_hold": {
      "return": 0.029316367265469045,
      "max_drawdown": -0.12551144531681957,
      "sharpe": 0.2538486653051062
    },
    "excess_return_vs_bh": -0.025705771549201506,
    "trades": {
      "chosen_buys": 4,
      "chosen_sells": 3,
      "chosen_holds": 108,
      "executed_buys": 4,
      "executed_sells": 4,
      "invalid_actions": 0
    }
  }
}