{
  "HCLTECH": {
    "return": 0.06993649904848365,
    "max_drawdown": -0.010855918956403235,
    "sharpe": 1.825466568187498,
    "buy_hold": {
      "return": 0.22894367991845077,
      "max_drawdown": -0.0610925604380926,
      "sharpe": 2.0682029457179767
    },
    "excess_return_vs_bh": -0.15900718086996712,
    "trades": {
      "chosen_buys": 7,
      "chosen_sells": 7,
      "chosen_holds": 101,
      "executed_buys": 7,
      "executed_sells": 7,
      "invalid_actions": 0
    }
  },
  "HDFCBANK": {
    "return": 0.10892630649291268,
    "max_drawdown": -0.09285634181899742,
    "sharpe": 1.1210628572999752,
    "buy_hold": {
      "return": 0.09617755856966714,
      "max_drawdown": -0.09285634181899745,
      "sharpe": 1.0276887181776813
    },
    "excess_return_vs_bh": 0.01274874792324554,
    "trades": {
      "chosen_buys": 4,
      "chosen_sells": 3,
      "chosen_holds": 108,
      "executed_buys": 4,
      "executed_sells": 4,
      "invalid_actions": 0
    }
  },
  "HINDUNILVR": {
    "return": -0.16944923371647513,
    "max_drawdown": -0.17325909961685826,
    "sharpe": -2.060176526838857,
    "buy_hold": {
      "return": -0.10563675914971571,
      "max_drawdown": -0.22974690858661734,
      "sharpe": -1.133894334827567
    },
    "excess_return_vs_bh": -0.06381247456675943,
    "trades": {
      "chosen_buys": 1,
      "chosen_sells": 0,
      "chosen_holds": 114,
      "executed_buys": 1,
      "executed_sells": 1,
      "invalid_actions": 0
    }
  },
  "ICICIBANK": {
    "return": 0.0,
    "max_drawdown": 0.0,
    "sharpe": 0.0,
    "buy_hold": {
      "return": 0.05260376438066583,
      "max_drawdown": -0.08625649071687407,
      "sharpe": 0.5525340074306977
    },
    "excess_return_vs_bh": -0.05260376438066583,
    "trades": {
      "chosen_buys": 0,
      "chosen_sells": 0,
      "chosen_holds": 115,
      "executed_buys": 0,
      "executed_sells": 0,
      "invalid_actions": 0
    }
  },
  "INFY": {
    "return": 0.027799090200614662,
    "max_drawdown": -0.04631187613569394,
    "sharpe": 0.5160629031707882,
    "buy_hold": {
      "return": 0.11654608828095259,
      "max_drawdown": -0.10868350185458055,
      "sharpe": 1.031910981822248
    },
    "excess_return_vs_bh": -0.08874699808033792,
    "trades": {
      "chosen_buys": 16,
      "chosen_sells": 16,
      "chosen_holds": 83,
      "executed_buys": 16,
      "executed_sells": 16,
      "invalid_actions": 0
    }
  },
  "ITC": {
    "return": 0.03300350311303357,
    "max_drawdown": -0.12628931652289319,
    "sharpe": 0.29886644441899585,
    "buy_hold": {
      "return": 0.029316367265469045,
      "max_drawdown": -0.12551144531681957,
      "sharpe": 0.2538486653051062
    },
    "excess_return_vs_bh": 0.0036871358475645266,
    "trades": {
      "chosen_buys": 3,
      "chosen_sells": 2,
      "chosen_holds": 110,
      "executed_buys": 3,
      "executed_sells": 3,
      "invalid_actions": 0
    }
  }
}