{
  "HCLTECH": {
    "return": -0.005412498403892907,
    "max_drawdown": -0.05392288755865609,
    "sharpe": -0.0637092726896418,
    "buy_hold": {
      "return": 0.22894367991845077,
      "max_drawdown": -0.0610925604380926,
      "sharpe": 2.0682029457179767
    },
    "excess_return_vs_bh": -0.23435617832234368,
    "trades": {
      "chosen_buys": 54,
      "chosen_sells": 53,
      "chosen_holds": 8,
      "executed_buys": 54,
      "executed_sells": 54,
      "invalid_actions": 0
    }
  },
  "HDFCBANK": {
    "return": 0.07257872784618957,
    "max_drawdown": -0.09376348547717846,
    "sharpe": 0.7346071567096931,
    "buy_hold": {
      "return": 0.09617755856966714,
      "max_drawdown": -0.09285634181899745,
      "sharpe": 1.0276887181776813
    },
    "excess_return_vs_bh": -0.02359883072347757,
    "trades": {
      "chosen_buys": 15,
      "chosen_sells": 14,
      "chosen_holds": 86,
      "executed_buys": 15,
      "executed_sells": 15,
      "invalid_actions": 0
    }
  },
  "HINDUNILVR": {
    "return": -0.13836204041073197,
    "max_drawdown": -0.1423145081152699,
    "sharpe": -1.6432251408255516,
    "buy_hold": {
      "return": -0.10563675914971571,
      "max_drawdown": -0.22974690858661734,
      "sharpe": -1.133894334827567
    },
    "excess_return_vs_bh": -0.03272528126101626,
    "trades": {
      "chosen_buys": 1,
      "chosen_sells": 0,
      "chosen_holds": 114,
      "executed_buys": 1,
      "executed_sells": 1,
      "invalid_actions": 0
    }
  },
  "ICICIBANK": {
    "return": 0.0,
    "max_drawdown": 0.0,
    "sharpe": 0.0,
    "buy_hold": {
      "return": 0.05260376438066583,
      "max_drawdown": -0.08625649071687407,
      "sharpe": 0.5525340074306977
    },
    "excess_return_vs_bh": -0.05260376438066583,
    "trades": {
      "chosen_buys": 0,
      "chosen_sells": 0,
      "chosen_holds": 115,
      "executed_buys": 0,
      "executed_sells": 0,
      "invalid_actions": 0
    }
  },
  "INFY": {
    "return": 0.05091404304709868,
    "max_drawdown": -0.0702687246020799,
    "sharpe": 0.7619644546059138,
    "buy_hold": {
      "return": 0.11654608828095259,
      "max_drawdown": -0.10868350185458055,
      "sharpe": 1.031910981822248
    },
    "excess_return_vs_bh": -0.06563204523385391,
    "trades": {
      "chosen_buys": 32,
      "chosen_sells": 32,
      "chosen_holds": 51,
      "executed_buys": 32,
      "executed_sells": 32,
      "invalid_actions": 0
    }
  },
  "ITC": {
    "return": 0.033797407300896865,
    "max_drawdown": -0.1278826048500268,
    "sharpe": 0.3076709247767148,
    "buy_hold": {
      "return": 0.029316367265469045,
      "max_drawdown": -0.12551144531681957,
      "sharpe": 0.2538486653051062
    },
    "excess_return_vs_bh": 0.004481040035427819,
    "trades": {
      "chosen_buys": 4,
      "chosen_sells": 3,
      "chosen_holds": 108,
      "executed_buys": 4,
      "executed_sells": 4,
      "invalid_actions": 0
    }
  }
}