{
  "HCLTECH": {
    "return": 0.04404572516217131,
    "max_drawdown": -0.0010000000000000009,
    "sharpe": 1.357885556461986,
    "buy_hold": {
      "return": 0.22894367991845077,
      "max_drawdown": -0.0610925604380926,
      "sharpe": 2.0682029457179767
    },
    "excess_return_vs_bh": -0.18489795475627946,
    "trades": {
      "chosen_buys": 1,
      "chosen_sells": 1,
      "chosen_holds": 113,
      "executed_buys": 1,
      "executed_sells": 1,
      "invalid_actions": 0
    }
  },
  "HDFCBANK": {
    "return": -0.01650145938911729,
    "max_drawdown": -0.06387475205020991,
    "sharpe": -0.21701799741100067,
    "buy_hold": {
      "return": 0.09617755856966714,
      "max_drawdown": -0.09285634181899745,
      "sharpe": 1.0276887181776813
    },
    "excess_return_vs_bh": -0.11267901795878443,
    "trades": {
      "chosen_buys": 35,
      "chosen_sells": 34,
      "chosen_holds": 46,
      "executed_buys": 35,
      "executed_sells": 35,
      "invalid_actions": 0
    }
  },
  "HINDUNILVR": {
    "return": -0.0462152919207377,
    "max_drawdown": -0.0908812237559543,
    "sharpe": -0.6653408265070898,
    "buy_hold": {
      "return": -0.10563675914971571,
      "max_drawdown": -0.22974690858661734,
      "sharpe": -1.133894334827567
    },
    "excess_return_vs_bh": 0.05942146722897801,
    "trades": {
      "chosen_buys": 3,
      "chosen_sells": 2,
      "chosen_holds": 110,
      "executed_buys": 3,
      "executed_sells": 3,
      "invalid_actions": 0
    }
  },
  "ICICIBANK": {
    "return": -0.003083760826199211,
    "max_drawdown": -0.04270472951657811,
    "sharpe": -0.10873962998637599,
    "buy_hold": {
      "return": 0.05260376438066583,
      "max_drawdown": -0.08625649071687407,
      "sharpe": 0.5525340074306977
    },
    "excess_return_vs_bh": -0.05568752520686504,
    "trades": {
      "chosen_buys": 15,
      "chosen_sells": 15,
      "chosen_holds": 85,
      "executed_buys": 15,
      "executed_sells": 15,
      "invalid_actions": 0
    }
  },
  "INFY": {
    "return": -0.028107496552495004,
    "max_drawdown": -0.04639456989656998,
    "sharpe": -0.6078823468695137,
    "buy_hold": {
      "return": 0.11654608828095259,
      "max_drawdown": -0.10868350185458055,
      "sharpe": 1.031910981822248
    },
    "excess_return_vs_bh": -0.1446535848334476,
    "trades": {
      "chosen_buys": 8,
      "chosen_sells": 8,
      "chosen_holds": 99,
      "executed_buys": 8,
      "executed_sells": 8,
      "invalid_actions": 0
    }
  },
  "ITC": {
    "return": 0.04108478683400896,
    "max_drawdown": -0.11955306910771762,
    "sharpe": 0.3926460804424965,
    "buy_hold": {
      "return": 0.029316367265469045,
      "max_drawdown": -0.12551144531681957,
      "sharpe": 0.2538486653051062
    },
    "excess_return_vs_bh": 0.011768419568539912,
    "trades": {
      "chosen_buys": 6,
      "chosen_sells": 5,
      "chosen_holds": 104,
      "executed_buys": 6,
      "executed_sells": 6,
      "invalid_actions": 0
    }
  }
}