{
  "HCLTECH": {
    "return": 0.004007636603420517,
    "max_drawdown": -0.0010000000000000009,
    "sharpe": 0.8365264087151327,
    "buy_hold": {
      "return": 0.22894367991845077,
      "max_drawdown": -0.0610925604380926,
      "sharpe": 2.0682029457179767
    },
    "excess_return_vs_bh": -0.22493604331503025,
    "trades": {
      "chosen_buys": 1,
      "chosen_sells": 1,
      "chosen_holds": 113,
      "executed_buys": 1,
      "executed_sells": 1,
      "invalid_actions": 0
    }
  },
  "HDFCBANK": {
    "return": 0.08096357016391775,
    "max_drawdown": -0.09285634181899752,
    "sharpe": 0.8578013620058671,
    "buy_hold": {
      "return": 0.09617755856966714,
      "max_drawdown": -0.09285634181899745,
      "sharpe": 1.0276887181776813
    },
    "excess_return_vs_bh": -0.01521398840574939,
    "trades": {
      "chosen_buys": 5,
      "chosen_sells": 4,
      "chosen_holds": 106,
      "executed_buys": 5,
      "executed_sells": 5,
      "invalid_actions": 0
    }
  },
  "HINDUNILVR": {
    "return": -0.025224858239750847,
    "max_drawdown": -0.06737900937396017,
    "sharpe": -0.39830126555137835,
    "buy_hold": {
      "return": -0.10563675914971571,
      "max_drawdown": -0.22974690858661734,
      "sharpe": -1.133894334827567
    },
    "excess_return_vs_bh": 0.08041190090996486,
    "trades": {
      "chosen_buys": 10,
      "chosen_sells": 10,
      "chosen_holds": 95,
      "executed_buys": 10,
      "executed_sells": 10,
      "invalid_actions": 0
    }
  },
  "ICICIBANK": {
    "return": 0.0,
    "max_drawdown": 0.0,
    "sharpe": 0.0,
    "buy_hold": {
      "return": 0.05260376438066583,
      "max_drawdown": -0.08625649071687407,
      "sharpe": 0.5525340074306977
    },
    "excess_return_vs_bh": -0.05260376438066583,
    "trades": {
      "chosen_buys": 0,
      "chosen_sells": 0,
      "chosen_holds": 115,
      "executed_buys": 0,
      "executed_sells": 0,
      "invalid_actions": 0
    }
  },
  "INFY": {
    "return": 0.008631665262313737,
    "max_drawdown": -0.04344283732034904,
    "sharpe": 0.2717163170218988,
    "buy_hold": {
      "return": 0.11654608828095259,
      "max_drawdown": -0.10868350185458055,
      "sharpe": 1.031910981822248
    },
    "excess_return_vs_bh": -0.10791442301863885,
    "trades": {
      "chosen_buys": 9,
      "chosen_sells": 9,
      "chosen_holds": 97,
      "executed_buys": 9,
      "executed_sells": 9,
      "invalid_actions": 0
    }
  },
  "ITC": {
    "return": 0.03489308431717664,
    "max_drawdown": -0.12551144531681965,
    "sharpe": 0.31520671858719645,
    "buy_hold": {
      "return": 0.029316367265469045,
      "max_drawdown": -0.12551144531681957,
      "sharpe": 0.2538486653051062
    },
    "excess_return_vs_bh": 0.0055767170517075915,
    "trades": {
      "chosen_buys": 2,
      "chosen_sells": 1,
      "chosen_holds": 112,
      "executed_buys": 2,
      "executed_sells": 2,
      "invalid_actions": 0
    }
  }
}