{
  "HCLTECH": {
    "return": 0.053218189041086106,
    "max_drawdown": -0.03402452649057525,
    "sharpe": 0.8994207556515647,
    "buy_hold": {
      "return": 0.22894367991845077,
      "max_drawdown": -0.0610925604380926,
      "sharpe": 2.0682029457179767
    },
    "excess_return_vs_bh": -0.17572549087736467,
    "trades": {
      "chosen_buys": 39,
      "chosen_sells": 39,
      "chosen_holds": 37,
      "executed_buys": 39,
      "executed_sells": 39,
      "invalid_actions": 0
    }
  },
  "HDFCBANK": {
    "return": 0.043727652864426814,
    "max_drawdown": -0.09376348547717846,
    "sharpe": 0.4639646372041398,
    "buy_hold": {
      "return": 0.09617755856966714,
      "max_drawdown": -0.09285634181899745,
      "sharpe": 1.0276887181776813
    },
    "excess_return_vs_bh": -0.05244990570524033,
    "trades": {
      "chosen_buys": 9,
      "chosen_sells": 8,
      "chosen_holds": 98,
      "executed_buys": 9,
      "executed_sells": 9,
      "invalid_actions": 0
    }
  },
  "HINDUNILVR": {
    "return": -0.13368009033610995,
    "max_drawdown": -0.17633262440830236,
    "sharpe": -1.4151014897603986,
    "buy_hold": {
      "return": -0.10563675914971571,
      "max_drawdown": -0.22974690858661734,
      "sharpe": -1.133894334827567
    },
    "excess_return_vs_bh": -0.028043331186394238,
    "trades": {
      "chosen_buys": 14,
      "chosen_sells": 13,
      "chosen_holds": 88,
      "executed_buys": 14,
      "executed_sells": 14,
      "invalid_actions": 0
    }
  },
  "ICICIBANK": {
    "return": 0.0,
    "max_drawdown": 0.0,
    "sharpe": 0.0,
    "buy_hold": {
      "return": 0.05260376438066583,
      "max_drawdown": -0.08625649071687407,
      "sharpe": 0.5525340074306977
    },
    "excess_return_vs_bh": -0.05260376438066583,
    "trades": {
      "chosen_buys": 0,
      "chosen_sells": 0,
      "chosen_holds": 115,
      "executed_buys": 0,
      "executed_sells": 0,
      "invalid_actions": 0
    }
  },
  "INFY": {
    "return": 9.873467119669854e-06,
    "max_drawdown": -0.1371422299786268,
    "sharpe": 0.00013039065591419763,
    "buy_hold": {
      "return": 0.11654608828095259,
      "max_drawdown": -0.10868350185458055,
      "sharpe": 1.031910981822248
    },
    "excess_return_vs_bh": -0.11653621481383292,
    "trades": {
      "chosen_buys": 17,
      "chosen_sells": 17,
      "chosen_holds": 81,
      "executed_buys": 17,
      "executed_sells": 17,
      "invalid_actions": 0
    }
  },
  "ITC": {
    "return": 0.03136273156592395,
    "max_drawdown": -0.12551144531681968,
    "sharpe": 0.28334753194056517,
    "buy_hold": {
      "return": 0.029316367265469045,
      "max_drawdown": -0.12551144531681957,
      "sharpe": 0.2538486653051062
    },
    "excess_return_vs_bh": 0.002046364300454906,
    "trades": {
      "chosen_buys": 3,
      "chosen_sells": 2,
      "chosen_holds": 110,
      "executed_buys": 3,
      "executed_sells": 3,
      "invalid_actions": 0
    }
  }
}