{
  "HCLTECH": {
    "return": 0.09258512380535655,
    "max_drawdown": -0.010855918956403345,
    "sharpe": 2.3366526241887997,
    "buy_hold": {
      "return": 0.22894367991845077,
      "max_drawdown": -0.0610925604380926,
      "sharpe": 2.0682029457179767
    },
    "excess_return_vs_bh": -0.13635855611309422,
    "trades": {
      "chosen_buys": 7,
      "chosen_sells": 7,
      "chosen_holds": 101,
      "executed_buys": 7,
      "executed_sells": 7,
      "invalid_actions": 0
    }
  },
  "HDFCBANK": {
    "return": -0.042357623085939045,
    "max_drawdown": -0.07420764696819504,
    "sharpe": -0.6923316881206409,
    "buy_hold": {
      "return": 0.09617755856966714,
      "max_drawdown": -0.09285634181899745,
      "sharpe": 1.0276887181776813
    },
    "excess_return_vs_bh": -0.1385351816556062,
    "trades": {
      "chosen_buys": 46,
      "chosen_sells": 45,
      "chosen_holds": 24,
      "executed_buys": 46,
      "executed_sells": 46,
      "invalid_actions": 0
    }
  },
  "HINDUNILVR": {
    "return": -0.15075442857792876,
    "max_drawdown": -0.161639136541885,
    "sharpe": -1.855795041677353,
    "buy_hold": {
      "return": -0.10563675914971571,
      "max_drawdown": -0.22974690858661734,
      "sharpe": -1.133894334827567
    },
    "excess_return_vs_bh": -0.04511766942821305,
    "trades": {
      "chosen_buys": 4,
      "chosen_sells": 3,
      "chosen_holds": 108,
      "executed_buys": 4,
      "executed_sells": 4,
      "invalid_actions": 0
    }
  },
  "ICICIBANK": {
    "return": 0.0,
    "max_drawdown": 0.0,
    "sharpe": 0.0,
    "buy_hold": {
      "return": 0.05260376438066583,
      "max_drawdown": -0.08625649071687407,
      "sharpe": 0.5525340074306977
    },
    "excess_return_vs_bh": -0.05260376438066583,
    "trades": {
      "chosen_buys": 0,
      "chosen_sells": 0,
      "chosen_holds": 115,
      "executed_buys": 0,
      "executed_sells": 0,
      "invalid_actions": 0
    }
  },
  "INFY": {
    "return": 0.009711585630807207,
    "max_drawdown": -0.08416811391284658,
    "sharpe": 0.16439048444678034,
    "buy_hold": {
      "return": 0.11654608828095259,
      "max_drawdown": -0.10868350185458055,
      "sharpe": 1.031910981822248
    },
    "excess_return_vs_bh": -0.10683450265014538,
    "trades": {
      "chosen_buys": 16,
      "chosen_sells": 16,
      "chosen_holds": 83,
      "executed_buys": 16,
      "executed_sells": 16,
      "invalid_actions": 0
    }
  },
  "ITC": {
    "return": -0.047903867918468235,
    "max_drawdown": -0.1520829421535286,
    "sharpe": -0.5530035032821025,
    "buy_hold": {
      "return": 0.029316367265469045,
      "max_drawdown": -0.12551144531681957,
      "sharpe": 0.2538486653051062
    },
    "excess_return_vs_bh": -0.07722023518393728,
    "trades": {
      "chosen_buys": 28,
      "chosen_sells": 27,
      "chosen_holds": 60,
      "executed_buys": 28,
      "executed_sells": 28,
      "invalid_actions": 0
    }
  }
}