{
  "HCLTECH": {
    "return": -0.029664221081532216,
    "max_drawdown": -0.060454888462647606,
    "sharpe": -0.38797048424546404,
    "buy_hold": {
      "return": 0.22894367991845077,
      "max_drawdown": -0.0610925604380926,
      "sharpe": 2.0682029457179767
    },
    "excess_return_vs_bh": -0.258607900999983,
    "trades": {
      "chosen_buys": 58,
      "chosen_sells": 57,
      "chosen_holds": 0,
      "executed_buys": 58,
      "executed_sells": 58,
      "invalid_actions": 0
    }
  },
  "HDFCBANK": {
    "return": 0.05240317084252766,
    "max_drawdown": -0.0928563418189977,
    "sharpe": 0.5523002295308479,
    "buy_hold": {
      "return": 0.09617755856966714,
      "max_drawdown": -0.09285634181899745,
      "sharpe": 1.0276887181776813
    },
    "excess_return_vs_bh": -0.043774387727139485,
    "trades": {
      "chosen_buys": 5,
      "chosen_sells": 4,
      "chosen_holds": 106,
      "executed_buys": 5,
      "executed_sells": 5,
      "invalid_actions": 0
    }
  },
  "HINDUNILVR": {
    "return": -0.18651800261656426,
    "max_drawdown": -0.18785084035132726,
    "sharpe": -4.672678561337368,
    "buy_hold": {
      "return": -0.10563675914971571,
      "max_drawdown": -0.22974690858661734,
      "sharpe": -1.133894334827567
    },
    "excess_return_vs_bh": -0.08088124346684855,
    "trades": {
      "chosen_buys": 29,
      "chosen_sells": 28,
      "chosen_holds": 58,
      "executed_buys": 29,
      "executed_sells": 29,
      "invalid_actions": 0
    }
  },
  "ICICIBANK": {
    "return": 0.004265006111347391,
    "max_drawdown": -0.06809121524560792,
    "sharpe": 0.07057187154813012,
    "buy_hold": {
      "return": 0.05260376438066583,
      "max_drawdown": -0.08625649071687407,
      "sharpe": 0.5525340074306977
    },
    "excess_return_vs_bh": -0.04833875826931844,
    "trades": {
      "chosen_buys": 31,
      "chosen_sells": 30,
      "chosen_holds": 54,
      "executed_buys": 31,
      "executed_sells": 31,
      "invalid_actions": 0
    }
  },
  "INFY": {
    "return": -0.037427351418086396,
    "max_drawdown": -0.11535513460798676,
    "sharpe": -0.4951371859681439,
    "buy_hold": {
      "return": 0.11654608828095259,
      "max_drawdown": -0.10868350185458055,
      "sharpe": 1.031910981822248
    },
    "excess_return_vs_bh": -0.15397343969903898,
    "trades": {
      "chosen_buys": 58,
      "chosen_sells": 57,
      "chosen_holds": 0,
      "executed_buys": 58,
      "executed_sells": 58,
      "invalid_actions": 0
    }
  },
  "ITC": {
    "return": 0.03136273156592395,
    "max_drawdown": -0.12551144531681968,
    "sharpe": 0.28334753194056517,
    "buy_hold": {
      "return": 0.029316367265469045,
      "max_drawdown": -0.12551144531681957,
      "sharpe": 0.2538486653051062
    },
    "excess_return_vs_bh": 0.002046364300454906,
    "trades": {
      "chosen_buys": 3,
      "chosen_sells": 2,
      "chosen_holds": 110,
      "executed_buys": 3,
      "executed_sells": 3,
      "invalid_actions": 0
    }
  }
}