{
  "HCLTECH": {
    "return": 0.05841446507743275,
    "max_drawdown": -0.005893038135952988,
    "sharpe": 1.7902660255187857,
    "buy_hold": {
      "return": 0.22894367991845077,
      "max_drawdown": -0.0610925604380926,
      "sharpe": 2.0682029457179767
    },
    "excess_return_vs_bh": -0.17052921484101802,
    "trades": {
      "chosen_buys": 1,
      "chosen_sells": 1,
      "chosen_holds": 113,
      "executed_buys": 1,
      "executed_sells": 1,
      "invalid_actions": 0
    }
  },
  "HDFCBANK": {
    "return": 0.13316758871508805,
    "max_drawdown": -0.09285634181899756,
    "sharpe": 1.343641322991771,
    "buy_hold": {
      "return": 0.09617755856966714,
      "max_drawdown": -0.09285634181899745,
      "sharpe": 1.0276887181776813
    },
    "excess_return_vs_bh": 0.036990030145420905,
    "trades": {
      "chosen_buys": 3,
      "chosen_sells": 2,
      "chosen_holds": 110,
      "executed_buys": 3,
      "executed_sells": 3,
      "invalid_actions": 0
    }
  },
  "HINDUNILVR": {
    "return": -0.14514213207237148,
    "max_drawdown": -0.149063498439012,
    "sharpe": -1.7407812414246386,
    "buy_hold": {
      "return": -0.10563675914971571,
      "max_drawdown": -0.22974690858661734,
      "sharpe": -1.133894334827567
    },
    "excess_return_vs_bh": -0.03950537292265577,
    "trades": {
      "chosen_buys": 1,
      "chosen_sells": 0,
      "chosen_holds": 114,
      "executed_buys": 1,
      "executed_sells": 1,
      "invalid_actions": 0
    }
  },
  "ICICIBANK": {
    "return": 0.029378940609332993,
    "max_drawdown": -0.01044430406401376,
    "sharpe": 0.7898293541904297,
    "buy_hold": {
      "return": 0.05260376438066583,
      "max_drawdown": -0.08625649071687407,
      "sharpe": 0.5525340074306977
    },
    "excess_return_vs_bh": -0.023224823771332836,
    "trades": {
      "chosen_buys": 1,
      "chosen_sells": 1,
      "chosen_holds": 113,
      "executed_buys": 1,
      "executed_sells": 1,
      "invalid_actions": 0
    }
  },
  "INFY": {
    "return": 0.050491642994242136,
    "max_drawdown": -0.10868350185458049,
    "sharpe": 0.5431360610762495,
    "buy_hold": {
      "return": 0.11654608828095259,
      "max_drawdown": -0.10868350185458055,
      "sharpe": 1.031910981822248
    },
    "excess_return_vs_bh": -0.06605444528671045,
    "trades": {
      "chosen_buys": 1,
      "chosen_sells": 1,
      "chosen_holds": 113,
      "executed_buys": 1,
      "executed_sells": 1,
      "invalid_actions": 0
    }
  },
  "ITC": {
    "return": 0.0483794870903822,
    "max_drawdown": -0.12551144531681976,
    "sharpe": 0.4346874423939787,
    "buy_hold": {
      "return": 0.029316367265469045,
      "max_drawdown": -0.12551144531681957,
      "sharpe": 0.2538486653051062
    },
    "excess_return_vs_bh": 0.019063119824913155,
    "trades": {
      "chosen_buys": 4,
      "chosen_sells": 3,
      "chosen_holds": 108,
      "executed_buys": 4,
      "executed_sells": 4,
      "invalid_actions": 0
    }
  }
}