{
  "HCLTECH": {
    "return": 0.2256956499863021,
    "max_drawdown": -0.06109256043809269,
    "sharpe": 2.0659839016089716,
    "buy_hold": {
      "return": 0.22894367991845077,
      "max_drawdown": -0.0610925604380926,
      "sharpe": 2.0682029457179767
    },
    "excess_return_vs_bh": -0.003248029932148677,
    "trades": {
      "chosen_buys": 111,
      "chosen_sells": 4,
      "chosen_holds": 0,
      "executed_buys": 5,
      "executed_sells": 5,
      "invalid_actions": 106
    }
  },
  "HDFCBANK": {
    "return": 0.08141521714848632,
    "max_drawdown": -0.09285634181899756,
    "sharpe": 0.8628360757506759,
    "buy_hold": {
      "return": 0.09617755856966714,
      "max_drawdown": -0.09285634181899745,
      "sharpe": 1.0276887181776813
    },
    "excess_return_vs_bh": -0.014762341421180825,
    "trades": {
      "chosen_buys": 114,
      "chosen_sells": 1,
      "chosen_holds": 0,
      "executed_buys": 2,
      "executed_sells": 2,
      "invalid_actions": 112
    }
  },
  "HINDUNILVR": {
    "return": -0.11672382479073151,
    "max_drawdown": -0.16738349864056187,
    "sharpe": -1.545174101492958,
    "buy_hold": {
      "return": -0.10563675914971571,
      "max_drawdown": -0.22974690858661734,
      "sharpe": -1.133894334827567
    },
    "excess_return_vs_bh": -0.011087065641015803,
    "trades": {
      "chosen_buys": 69,
      "chosen_sells": 46,
      "chosen_holds": 0,
      "executed_buys": 47,
      "executed_sells": 47,
      "invalid_actions": 22
    }
  },
  "ICICIBANK": {
    "return": 0.05365952546115871,
    "max_drawdown": -0.079793837703623,
    "sharpe": 0.5621067741679321,
    "buy_hold": {
      "return": 0.05260376438066583,
      "max_drawdown": -0.08625649071687407,
      "sharpe": 0.5525340074306977
    },
    "excess_return_vs_bh": 0.0010557610804928785,
    "trades": {
      "chosen_buys": 108,
      "chosen_sells": 3,
      "chosen_holds": 4,
      "executed_buys": 4,
      "executed_sells": 4,
      "invalid_actions": 104
    }
  },
  "INFY": {
    "return": 0.07387087707601836,
    "max_drawdown": -0.10868350185458038,
    "sharpe": 0.6613633227615013,
    "buy_hold": {
      "return": 0.11654608828095259,
      "max_drawdown": -0.10868350185458055,
      "sharpe": 1.031910981822248
    },
    "excess_return_vs_bh": -0.04267521120493423,
    "trades": {
      "chosen_buys": 77,
      "chosen_sells": 4,
      "chosen_holds": 34,
      "executed_buys": 5,
      "executed_sells": 5,
      "invalid_actions": 72
    }
  },
  "ITC": {
    "return": 0.041993062251123536,
    "max_drawdown": -0.11951193721706635,
    "sharpe": 0.37513455344008584,
    "buy_hold": {
      "return": 0.029316367265469045,
      "max_drawdown": -0.12551144531681957,
      "sharpe": 0.2538486653051062
    },
    "excess_return_vs_bh": 0.01267669498565449,
    "trades": {
      "chosen_buys": 108,
      "chosen_sells": 2,
      "chosen_holds": 5,
      "executed_buys": 3,
      "executed_sells": 3,
      "invalid_actions": 105
    }
  },
  "JSWSTEEL": {
    "return": -0.03412957672926842,
    "max_drawdown": -0.13487633529015486,
    "sharpe": -0.2759221899770215,
    "buy_hold": {
      "return": -0.03515079961360956,
      "max_drawdown": -0.1348763352901549,
      "sharpe": -0.28952041678134377
    },
    "excess_return_vs_bh": 0.0010212228843411442,
    "trades": {
      "chosen_buys": 109,
      "chosen_sells": 1,
      "chosen_holds": 5,
      "executed_buys": 2,
      "executed_sells": 2,
      "invalid_actions": 107
    }
  },
  "MARUTI": {
    "return": 0.0,
    "max_drawdown": 0.0,
    "sharpe": 0.0,
    "buy_hold": {
      "return": -0.1459195900015422,
      "max_drawdown": -0.20443700168943946,
      "sharpe": -1.4169504754754652
    },
    "excess_return_vs_bh": 0.1459195900015422,
    "trades": {
      "chosen_buys": 0,
      "chosen_sells": 115,
      "chosen_holds": 0,
      "executed_buys": 0,
      "executed_sells": 0,
      "invalid_actions": 115
    }
  },
  "NTPC": {
    "return": -0.15825888332782845,
    "max_drawdown": -0.25225631768953066,
    "sharpe": -1.3586665359961576,
    "buy_hold": {
      "return": -0.14067159341371716,
      "max_drawdown": -0.2522563176895308,
      "sharpe": -1.2211789984020982
    },
    "excess_return_vs_bh": -0.017587289914111293,
    "trades": {
      "chosen_buys": 70,
      "chosen_sells": 1,
      "chosen_holds": 44,
      "executed_buys": 2,
      "executed_sells": 2,
      "invalid_actions": 68
    }
  },
  "RELIANCE": {
    "return": -0.2427439894815927,
    "max_drawdown": -0.24536689206110696,
    "sharpe": -3.0111436936730853,
    "buy_hold": {
      "return": -0.2419859754570498,
      "max_drawdown": -0.24536689206110696,
      "sharpe": -3.011143693673078
    },
    "excess_return_vs_bh": -0.0007580140245428968,
    "trades": {
      "chosen_buys": 28,
      "chosen_sells": 0,
      "chosen_holds": 87,
      "executed_buys": 1,
      "executed_sells": 1,
      "invalid_actions": 27
    }
  },
  "SBIN": {
    "return": -0.10647109547852729,
    "max_drawdown": -0.13983548766157458,
    "sharpe": -0.936276767640314,
    "buy_hold": {
      "return": -0.10557667215067801,
      "max_drawdown": -0.13983548766157458,
      "sharpe": -0.9362767676403154
    },
    "excess_return_vs_bh": -0.0008944233278492808,
    "trades": {
      "chosen_buys": 51,
      "chosen_sells": 0,
      "chosen_holds": 64,
      "executed_buys": 1,
      "executed_sells": 1,
      "invalid_actions": 50
    }
  },
  "TATASTEEL": {
    "return": -0.005924539496309333,
    "max_drawdown": -0.021675135716079375,
    "sharpe": -0.4293588092278497,
    "buy_hold": {
      "return": -0.17918507609229273,
      "max_drawdown": -0.18790601663529852,
      "sharpe": -1.433688647656228
    },
    "excess_return_vs_bh": 0.1732605365959834,
    "trades": {
      "chosen_buys": 5,
      "chosen_sells": 110,
      "chosen_holds": 0,
      "executed_buys": 5,
      "executed_sells": 5,
      "invalid_actions": 105
    }
  },
  "TCS": {
    "return": 0.013123282248668877,
    "max_drawdown": -0.0010000000000000761,
    "sharpe": 1.074554585328788,
    "buy_hold": {
      "return": -0.0024944833541206135,
      "max_drawdown": -0.1294757068350261,
      "sharpe": -0.019791651245629243
    },
    "excess_return_vs_bh": 0.01561776560278949,
    "trades": {
      "chosen_buys": 5,
      "chosen_sells": 110,
      "chosen_holds": 0,
      "executed_buys": 5,
      "executed_sells": 5,
      "invalid_actions": 105
    }
  },
  "TMPV": {
    "return": -0.3307550994018711,
    "max_drawdown": -0.3515550190025339,
    "sharpe": -2.9804432058643173,
    "buy_hold": {
      "return": -0.283901609130219,
      "max_drawdown": -0.3783986499156197,
      "sharpe": -2.045231768323485
    },
    "excess_return_vs_bh": -0.04685349027165209,
    "trades": {
      "chosen_buys": 57,
      "chosen_sells": 10,
      "chosen_holds": 48,
      "executed_buys": 11,
      "executed_sells": 11,
      "invalid_actions": 46
    }
  }
}