{
  "HCLTECH": {
    "return": 0.004007636603420517,
    "max_drawdown": -0.0010000000000000009,
    "sharpe": 0.8365264087151327,
    "buy_hold": {
      "return": 0.22894367991845077,
      "max_drawdown": -0.0610925604380926,
      "sharpe": 2.0682029457179767
    },
    "excess_return_vs_bh": -0.22493604331503025,
    "trades": {
      "chosen_buys": 1,
      "chosen_sells": 114,
      "chosen_holds": 0,
      "executed_buys": 1,
      "executed_sells": 1,
      "invalid_actions": 113
    }
  },
  "HDFCBANK": {
    "return": 0.10521558479247672,
    "max_drawdown": -0.07783738445737763,
    "sharpe": 1.0475572207362707,
    "buy_hold": {
      "return": 0.09617755856966714,
      "max_drawdown": -0.09285634181899745,
      "sharpe": 1.0276887181776813
    },
    "excess_return_vs_bh": 0.009038026222809581,
    "trades": {
      "chosen_buys": 103,
      "chosen_sells": 12,
      "chosen_holds": 0,
      "executed_buys": 13,
      "executed_sells": 13,
      "invalid_actions": 90
    }
  },
  "HINDUNILVR": {
    "return": -0.1538598990600747,
    "max_drawdown": -0.1621574178935447,
    "sharpe": -1.852182940029339,
    "buy_hold": {
      "return": -0.10563675914971571,
      "max_drawdown": -0.22974690858661734,
      "sharpe": -1.133894334827567
    },
    "excess_return_vs_bh": -0.04822313991035898,
    "trades": {
      "chosen_buys": 10,
      "chosen_sells": 60,
      "chosen_holds": 45,
      "executed_buys": 2,
      "executed_sells": 2,
      "invalid_actions": 67
    }
  },
  "ICICIBANK": {
    "return": 0.0,
    "max_drawdown": 0.0,
    "sharpe": 0.0,
    "buy_hold": {
      "return": 0.05260376438066583,
      "max_drawdown": -0.08625649071687407,
      "sharpe": 0.5525340074306977
    },
    "excess_return_vs_bh": -0.05260376438066583,
    "trades": {
      "chosen_buys": 0,
      "chosen_sells": 106,
      "chosen_holds": 9,
      "executed_buys": 0,
      "executed_sells": 0,
      "invalid_actions": 106
    }
  },
  "INFY": {
    "return": 0.010694752697761434,
    "max_drawdown": -0.05958667274238069,
    "sharpe": 0.24120585466948036,
    "buy_hold": {
      "return": 0.11654608828095259,
      "max_drawdown": -0.10868350185458055,
      "sharpe": 1.031910981822248
    },
    "excess_return_vs_bh": -0.10585133558319115,
    "trades": {
      "chosen_buys": 9,
      "chosen_sells": 101,
      "chosen_holds": 5,
      "executed_buys": 2,
      "executed_sells": 2,
      "invalid_actions": 106
    }
  },
  "ITC": {
    "return": 0.028287050898203603,
    "max_drawdown": -0.12551144531681963,
    "sharpe": 0.2538486653051068,
    "buy_hold": {
      "return": 0.029316367265469045,
      "max_drawdown": -0.12551144531681957,
      "sharpe": 0.2538486653051062
    },
    "excess_return_vs_bh": -0.0010293163672654426,
    "trades": {
      "chosen_buys": 114,
      "chosen_sells": 0,
      "chosen_holds": 1,
      "executed_buys": 1,
      "executed_sells": 1,
      "invalid_actions": 113
    }
  },
  "JSWSTEEL": {
    "return": -0.01951325309809182,
    "max_drawdown": -0.10819587049364524,
    "sharpe": -0.15840992617846936,
    "buy_hold": {
      "return": -0.03515079961360956,
      "max_drawdown": -0.1348763352901549,
      "sharpe": -0.28952041678134377
    },
    "excess_return_vs_bh": 0.015637546515517742,
    "trades": {
      "chosen_buys": 87,
      "chosen_sells": 14,
      "chosen_holds": 14,
      "executed_buys": 11,
      "executed_sells": 11,
      "invalid_actions": 80
    }
  },
  "MARUTI": {
    "return": 0.0,
    "max_drawdown": 0.0,
    "sharpe": 0.0,
    "buy_hold": {
      "return": -0.1459195900015422,
      "max_drawdown": -0.20443700168943946,
      "sharpe": -1.4169504754754652
    },
    "excess_return_vs_bh": 0.1459195900015422,
    "trades": {
      "chosen_buys": 0,
      "chosen_sells": 115,
      "chosen_holds": 0,
      "executed_buys": 0,
      "executed_sells": 0,
      "invalid_actions": 115
    }
  },
  "NTPC": {
    "return": -0.14153092182030336,
    "max_drawdown": -0.2522563176895307,
    "sharpe": -1.221178998402097,
    "buy_hold": {
      "return": -0.14067159341371716,
      "max_drawdown": -0.2522563176895308,
      "sharpe": -1.2211789984020982
    },
    "excess_return_vs_bh": -0.0008593284065862017,
    "trades": {
      "chosen_buys": 87,
      "chosen_sells": 0,
      "chosen_holds": 28,
      "executed_buys": 1,
      "executed_sells": 1,
      "invalid_actions": 86
    }
  },
  "RELIANCE": {
    "return": -0.009467835059989271,
    "max_drawdown": -0.009467835059989271,
    "sharpe": -0.5555909611600705,
    "buy_hold": {
      "return": -0.2419859754570498,
      "max_drawdown": -0.24536689206110696,
      "sharpe": -3.011143693673078
    },
    "excess_return_vs_bh": 0.23251814039706054,
    "trades": {
      "chosen_buys": 2,
      "chosen_sells": 42,
      "chosen_holds": 71,
      "executed_buys": 1,
      "executed_sells": 1,
      "invalid_actions": 43
    }
  },
  "SBIN": {
    "return": 0.0,
    "max_drawdown": 0.0,
    "sharpe": 0.0,
    "buy_hold": {
      "return": -0.10557667215067801,
      "max_drawdown": -0.13983548766157458,
      "sharpe": -0.9362767676403154
    },
    "excess_return_vs_bh": 0.10557667215067801,
    "trades": {
      "chosen_buys": 0,
      "chosen_sells": 105,
      "chosen_holds": 10,
      "executed_buys": 0,
      "executed_sells": 0,
      "invalid_actions": 105
    }
  },
  "TATASTEEL": {
    "return": 0.0,
    "max_drawdown": 0.0,
    "sharpe": 0.0,
    "buy_hold": {
      "return": -0.17918507609229273,
      "max_drawdown": -0.18790601663529852,
      "sharpe": -1.433688647656228
    },
    "excess_return_vs_bh": 0.17918507609229273,
    "trades": {
      "chosen_buys": 0,
      "chosen_sells": 115,
      "chosen_holds": 0,
      "executed_buys": 0,
      "executed_sells": 0,
      "invalid_actions": 115
    }
  },
  "TCS": {
    "return": 0.0,
    "max_drawdown": 0.0,
    "sharpe": 0.0,
    "buy_hold": {
      "return": -0.0024944833541206135,
      "max_drawdown": -0.1294757068350261,
      "sharpe": -0.019791651245629243
    },
    "excess_return_vs_bh": 0.0024944833541206135,
    "trades": {
      "chosen_buys": 0,
      "chosen_sells": 115,
      "chosen_holds": 0,
      "executed_buys": 0,
      "executed_sells": 0,
      "invalid_actions": 115
    }
  },
  "TMPV": {
    "return": 0.0,
    "max_drawdown": 0.0,
    "sharpe": 0.0,
    "buy_hold": {
      "return": -0.283901609130219,
      "max_drawdown": -0.3783986499156197,
      "sharpe": -2.045231768323485
    },
    "excess_return_vs_bh": 0.283901609130219,
    "trades": {
      "chosen_buys": 0,
      "chosen_sells": 114,
      "chosen_holds": 1,
      "executed_buys": 0,
      "executed_sells": 0,
      "invalid_actions": 114
    }
  }
}