{
  "HCLTECH": {
    "return": 0.11652796229029438,
    "max_drawdown": -0.03349084289853847,
    "sharpe": 1.4304295572599801,
    "buy_hold": {
      "return": 0.22894367991845077,
      "max_drawdown": -0.0610925604380926,
      "sharpe": 2.0682029457179767
    },
    "excess_return_vs_bh": -0.11241571762815639,
    "trades": {
      "chosen_buys": 23,
      "chosen_sells": 81,
      "chosen_holds": 11,
      "executed_buys": 15,
      "executed_sells": 15,
      "invalid_actions": 74
    }
  },
  "HDFCBANK": {
    "return": 0.05617971137515099,
    "max_drawdown": -0.09285634181899746,
    "sharpe": 0.6181843619173107,
    "buy_hold": {
      "return": 0.09617755856966714,
      "max_drawdown": -0.09285634181899745,
      "sharpe": 1.0276887181776813
    },
    "excess_return_vs_bh": -0.039997847194516156,
    "trades": {
      "chosen_buys": 111,
      "chosen_sells": 4,
      "chosen_holds": 0,
      "executed_buys": 5,
      "executed_sells": 5,
      "invalid_actions": 106
    }
  },
  "HINDUNILVR": {
    "return": 0.0,
    "max_drawdown": 0.0,
    "sharpe": 0.0,
    "buy_hold": {
      "return": -0.10563675914971571,
      "max_drawdown": -0.22974690858661734,
      "sharpe": -1.133894334827567
    },
    "excess_return_vs_bh": 0.10563675914971571,
    "trades": {
      "chosen_buys": 0,
      "chosen_sells": 112,
      "chosen_holds": 3,
      "executed_buys": 0,
      "executed_sells": 0,
      "invalid_actions": 112
    }
  },
  "ICICIBANK": {
    "return": 0.0,
    "max_drawdown": 0.0,
    "sharpe": 0.0,
    "buy_hold": {
      "return": 0.05260376438066583,
      "max_drawdown": -0.08625649071687407,
      "sharpe": 0.5525340074306977
    },
    "excess_return_vs_bh": -0.05260376438066583,
    "trades": {
      "chosen_buys": 0,
      "chosen_sells": 13,
      "chosen_holds": 102,
      "executed_buys": 0,
      "executed_sells": 0,
      "invalid_actions": 13
    }
  },
  "INFY": {
    "return": 0.04067267165857125,
    "max_drawdown": -0.0010000000000000417,
    "sharpe": 1.5042447702426123,
    "buy_hold": {
      "return": 0.11654608828095259,
      "max_drawdown": -0.10868350185458055,
      "sharpe": 1.031910981822248
    },
    "excess_return_vs_bh": -0.07587341662238134,
    "trades": {
      "chosen_buys": 2,
      "chosen_sells": 65,
      "chosen_holds": 48,
      "executed_buys": 2,
      "executed_sells": 2,
      "invalid_actions": 63
    }
  },
  "ITC": {
    "return": 0.046951750319929486,
    "max_drawdown": -0.11953172341091049,
    "sharpe": 0.4273339357608498,
    "buy_hold": {
      "return": 0.029316367265469045,
      "max_drawdown": -0.12551144531681957,
      "sharpe": 0.2538486653051062
    },
    "excess_return_vs_bh": 0.01763538305446044,
    "trades": {
      "chosen_buys": 107,
      "chosen_sells": 3,
      "chosen_holds": 5,
      "executed_buys": 4,
      "executed_sells": 4,
      "invalid_actions": 103
    }
  },
  "JSWSTEEL": {
    "return": -0.005406933909098521,
    "max_drawdown": -0.13487633529015483,
    "sharpe": -0.038676703624491264,
    "buy_hold": {
      "return": -0.03515079961360956,
      "max_drawdown": -0.1348763352901549,
      "sharpe": -0.28952041678134377
    },
    "excess_return_vs_bh": 0.02974386570451104,
    "trades": {
      "chosen_buys": 110,
      "chosen_sells": 5,
      "chosen_holds": 0,
      "executed_buys": 6,
      "executed_sells": 6,
      "invalid_actions": 104
    }
  },
  "MARUTI": {
    "return": 0.0,
    "max_drawdown": 0.0,
    "sharpe": 0.0,
    "buy_hold": {
      "return": -0.1459195900015422,
      "max_drawdown": -0.20443700168943946,
      "sharpe": -1.4169504754754652
    },
    "excess_return_vs_bh": 0.1459195900015422,
    "trades": {
      "chosen_buys": 0,
      "chosen_sells": 115,
      "chosen_holds": 0,
      "executed_buys": 0,
      "executed_sells": 0,
      "invalid_actions": 115
    }
  },
  "NTPC": {
    "return": -0.16300442452266106,
    "max_drawdown": -0.25225631768953055,
    "sharpe": -1.3298051939188136,
    "buy_hold": {
      "return": -0.14067159341371716,
      "max_drawdown": -0.2522563176895308,
      "sharpe": -1.2211789984020982
    },
    "excess_return_vs_bh": -0.022332831108943907,
    "trades": {
      "chosen_buys": 105,
      "chosen_sells": 2,
      "chosen_holds": 8,
      "executed_buys": 3,
      "executed_sells": 3,
      "invalid_actions": 102
    }
  },
  "RELIANCE": {
    "return": 0.0,
    "max_drawdown": 0.0,
    "sharpe": 0.0,
    "buy_hold": {
      "return": -0.2419859754570498,
      "max_drawdown": -0.24536689206110696,
      "sharpe": -3.011143693673078
    },
    "excess_return_vs_bh": 0.2419859754570498,
    "trades": {
      "chosen_buys": 0,
      "chosen_sells": 43,
      "chosen_holds": 72,
      "executed_buys": 0,
      "executed_sells": 0,
      "invalid_actions": 43
    }
  },
  "SBIN": {
    "return": 0.0,
    "max_drawdown": 0.0,
    "sharpe": 0.0,
    "buy_hold": {
      "return": -0.10557667215067801,
      "max_drawdown": -0.13983548766157458,
      "sharpe": -0.9362767676403154
    },
    "excess_return_vs_bh": 0.10557667215067801,
    "trades": {
      "chosen_buys": 0,
      "chosen_sells": 72,
      "chosen_holds": 43,
      "executed_buys": 0,
      "executed_sells": 0,
      "invalid_actions": 72
    }
  },
  "TATASTEEL": {
    "return": 0.0,
    "max_drawdown": 0.0,
    "sharpe": 0.0,
    "buy_hold": {
      "return": -0.17918507609229273,
      "max_drawdown": -0.18790601663529852,
      "sharpe": -1.433688647656228
    },
    "excess_return_vs_bh": 0.17918507609229273,
    "trades": {
      "chosen_buys": 0,
      "chosen_sells": 115,
      "chosen_holds": 0,
      "executed_buys": 0,
      "executed_sells": 0,
      "invalid_actions": 115
    }
  },
  "TCS": {
    "return": 0.0,
    "max_drawdown": 0.0,
    "sharpe": 0.0,
    "buy_hold": {
      "return": -0.0024944833541206135,
      "max_drawdown": -0.1294757068350261,
      "sharpe": -0.019791651245629243
    },
    "excess_return_vs_bh": 0.0024944833541206135,
    "trades": {
      "chosen_buys": 0,
      "chosen_sells": 30,
      "chosen_holds": 85,
      "executed_buys": 0,
      "executed_sells": 0,
      "invalid_actions": 30
    }
  },
  "TMPV": {
    "return": 0.0,
    "max_drawdown": 0.0,
    "sharpe": 0.0,
    "buy_hold": {
      "return": -0.283901609130219,
      "max_drawdown": -0.3783986499156197,
      "sharpe": -2.045231768323485
    },
    "excess_return_vs_bh": 0.283901609130219,
    "trades": {
      "chosen_buys": 0,
      "chosen_sells": 115,
      "chosen_holds": 0,
      "executed_buys": 0,
      "executed_sells": 0,
      "invalid_actions": 115
    }
  }
}