{
  "HCLTECH": {
    "return": 0.09255706367443528,
    "max_drawdown": -0.051359513577763624,
    "sharpe": 1.4528007164111196,
    "buy_hold": {
      "return": 0.22894367991845077,
      "max_drawdown": -0.0610925604380926,
      "sharpe": 2.0682029457179767
    },
    "excess_return_vs_bh": -0.1363866162440155,
    "trades": {
      "chosen_buys": 24,
      "chosen_sells": 70,
      "chosen_holds": 21,
      "executed_buys": 2,
      "executed_sells": 2,
      "invalid_actions": 90
    }
  },
  "HDFCBANK": {
    "return": 0.07595653348035669,
    "max_drawdown": -0.09285634181899756,
    "sharpe": 0.803207196847255,
    "buy_hold": {
      "return": 0.09617755856966714,
      "max_drawdown": -0.09285634181899745,
      "sharpe": 1.0276887181776813
    },
    "excess_return_vs_bh": -0.02022102508931045,
    "trades": {
      "chosen_buys": 110,
      "chosen_sells": 2,
      "chosen_holds": 3,
      "executed_buys": 3,
      "executed_sells": 3,
      "invalid_actions": 107
    }
  },
  "HINDUNILVR": {
    "return": -0.03482870172664343,
    "max_drawdown": -0.06546080964685627,
    "sharpe": -0.5182523078330608,
    "buy_hold": {
      "return": -0.10563675914971571,
      "max_drawdown": -0.22974690858661734,
      "sharpe": -1.133894334827567
    },
    "excess_return_vs_bh": 0.07080805742307228,
    "trades": {
      "chosen_buys": 26,
      "chosen_sells": 84,
      "chosen_holds": 5,
      "executed_buys": 5,
      "executed_sells": 5,
      "invalid_actions": 101
    }
  },
  "ICICIBANK": {
    "return": 0.05138325228273244,
    "max_drawdown": -0.0871702342261571,
    "sharpe": 0.663511508586519,
    "buy_hold": {
      "return": 0.05260376438066583,
      "max_drawdown": -0.08625649071687407,
      "sharpe": 0.5525340074306977
    },
    "excess_return_vs_bh": -0.0012205120979333905,
    "trades": {
      "chosen_buys": 60,
      "chosen_sells": 46,
      "chosen_holds": 9,
      "executed_buys": 9,
      "executed_sells": 9,
      "invalid_actions": 88
    }
  },
  "INFY": {
    "return": 0.1316342406091806,
    "max_drawdown": -0.0014100385670838356,
    "sharpe": 2.77738151979124,
    "buy_hold": {
      "return": 0.11654608828095259,
      "max_drawdown": -0.10868350185458055,
      "sharpe": 1.031910981822248
    },
    "excess_return_vs_bh": 0.015088152328228022,
    "trades": {
      "chosen_buys": 6,
      "chosen_sells": 71,
      "chosen_holds": 38,
      "executed_buys": 5,
      "executed_sells": 5,
      "invalid_actions": 67
    }
  },
  "ITC": {
    "return": 0.04415432087386417,
    "max_drawdown": -0.12551144531681974,
    "sharpe": 0.3971315771705677,
    "buy_hold": {
      "return": 0.029316367265469045,
      "max_drawdown": -0.12551144531681957,
      "sharpe": 0.2538486653051062
    },
    "excess_return_vs_bh": 0.014837953608395127,
    "trades": {
      "chosen_buys": 97,
      "chosen_sells": 2,
      "chosen_holds": 16,
      "executed_buys": 3,
      "executed_sells": 3,
      "invalid_actions": 94
    }
  },
  "JSWSTEEL": {
    "return": -0.030723127405352102,
    "max_drawdown": -0.1312686336154775,
    "sharpe": -0.25608111086010654,
    "buy_hold": {
      "return": -0.03515079961360956,
      "max_drawdown": -0.1348763352901549,
      "sharpe": -0.28952041678134377
    },
    "excess_return_vs_bh": 0.0044276722082574604,
    "trades": {
      "chosen_buys": 106,
      "chosen_sells": 2,
      "chosen_holds": 7,
      "executed_buys": 3,
      "executed_sells": 3,
      "invalid_actions": 103
    }
  },
  "MARUTI": {
    "return": 0.0,
    "max_drawdown": 0.0,
    "sharpe": 0.0,
    "buy_hold": {
      "return": -0.1459195900015422,
      "max_drawdown": -0.20443700168943946,
      "sharpe": -1.4169504754754652
    },
    "excess_return_vs_bh": 0.1459195900015422,
    "trades": {
      "chosen_buys": 0,
      "chosen_sells": 10,
      "chosen_holds": 105,
      "executed_buys": 0,
      "executed_sells": 0,
      "invalid_actions": 10
    }
  },
  "NTPC": {
    "return": -0.16059126130800883,
    "max_drawdown": -0.2522563176895308,
    "sharpe": -1.314842731664115,
    "buy_hold": {
      "return": -0.14067159341371716,
      "max_drawdown": -0.2522563176895308,
      "sharpe": -1.2211789984020982
    },
    "excess_return_vs_bh": -0.01991966789429167,
    "trades": {
      "chosen_buys": 109,
      "chosen_sells": 2,
      "chosen_holds": 4,
      "executed_buys": 3,
      "executed_sells": 3,
      "invalid_actions": 106
    }
  },
  "RELIANCE": {
    "return": -0.1682404499642013,
    "max_drawdown": -0.18454916700528237,
    "sharpe": -2.388971362052891,
    "buy_hold": {
      "return": -0.2419859754570498,
      "max_drawdown": -0.24536689206110696,
      "sharpe": -3.011143693673078
    },
    "excess_return_vs_bh": 0.07374552549284852,
    "trades": {
      "chosen_buys": 79,
      "chosen_sells": 19,
      "chosen_holds": 17,
      "executed_buys": 2,
      "executed_sells": 2,
      "invalid_actions": 95
    }
  },
  "SBIN": {
    "return": -0.017901994116948705,
    "max_drawdown": -0.09172871102838538,
    "sharpe": -0.1931882250215125,
    "buy_hold": {
      "return": -0.10557667215067801,
      "max_drawdown": -0.13983548766157458,
      "sharpe": -0.9362767676403154
    },
    "excess_return_vs_bh": 0.0876746780337293,
    "trades": {
      "chosen_buys": 40,
      "chosen_sells": 41,
      "chosen_holds": 34,
      "executed_buys": 5,
      "executed_sells": 5,
      "invalid_actions": 71
    }
  },
  "TATASTEEL": {
    "return": 0.0,
    "max_drawdown": 0.0,
    "sharpe": 0.0,
    "buy_hold": {
      "return": -0.17918507609229273,
      "max_drawdown": -0.18790601663529852,
      "sharpe": -1.433688647656228
    },
    "excess_return_vs_bh": 0.17918507609229273,
    "trades": {
      "chosen_buys": 0,
      "chosen_sells": 0,
      "chosen_holds": 115,
      "executed_buys": 0,
      "executed_sells": 0,
      "invalid_actions": 0
    }
  },
  "TCS": {
    "return": 0.0,
    "max_drawdown": 0.0,
    "sharpe": 0.0,
    "buy_hold": {
      "return": -0.0024944833541206135,
      "max_drawdown": -0.1294757068350261,
      "sharpe": -0.019791651245629243
    },
    "excess_return_vs_bh": 0.0024944833541206135,
    "trades": {
      "chosen_buys": 0,
      "chosen_sells": 37,
      "chosen_holds": 78,
      "executed_buys": 0,
      "executed_sells": 0,
      "invalid_actions": 37
    }
  },
  "TMPV": {
    "return": 0.0,
    "max_drawdown": 0.0,
    "sharpe": 0.0,
    "buy_hold": {
      "return": -0.283901609130219,
      "max_drawdown": -0.3783986499156197,
      "sharpe": -2.045231768323485
    },
    "excess_return_vs_bh": 0.283901609130219,
    "trades": {
      "chosen_buys": 0,
      "chosen_sells": 29,
      "chosen_holds": 86,
      "executed_buys": 0,
      "executed_sells": 0,
      "invalid_actions": 29
    }
  }
}