{
  "HCLTECH": {
    "return": 0.04993551229652615,
    "max_drawdown": -0.0020308233944953858,
    "sharpe": 1.7492756259632514,
    "buy_hold": {
      "return": 0.22894367991845077,
      "max_drawdown": -0.0610925604380926,
      "sharpe": 2.0682029457179767
    },
    "excess_return_vs_bh": -0.17900816762192462,
    "trades": {
      "chosen_buys": 3,
      "chosen_sells": 112,
      "chosen_holds": 0,
      "executed_buys": 3,
      "executed_sells": 3,
      "invalid_actions": 109
    }
  },
  "HDFCBANK": {
    "return": 0.07344462243112737,
    "max_drawdown": -0.09285634181899756,
    "sharpe": 0.7855284339400482,
    "buy_hold": {
      "return": 0.09617755856966714,
      "max_drawdown": -0.09285634181899745,
      "sharpe": 1.0276887181776813
    },
    "excess_return_vs_bh": -0.022732936138539772,
    "trades": {
      "chosen_buys": 26,
      "chosen_sells": 7,
      "chosen_holds": 82,
      "executed_buys": 8,
      "executed_sells": 8,
      "invalid_actions": 18
    }
  },
  "HINDUNILVR": {
    "return": -0.03495433300452022,
    "max_drawdown": -0.044412115373035466,
    "sharpe": -0.5422235246189075,
    "buy_hold": {
      "return": -0.10563675914971571,
      "max_drawdown": -0.22974690858661734,
      "sharpe": -1.133894334827567
    },
    "excess_return_vs_bh": 0.07068242614519549,
    "trades": {
      "chosen_buys": 9,
      "chosen_sells": 80,
      "chosen_holds": 26,
      "executed_buys": 3,
      "executed_sells": 3,
      "invalid_actions": 84
    }
  },
  "ICICIBANK": {
    "return": 0.09176111668245635,
    "max_drawdown": -0.04099797537393598,
    "sharpe": 1.838271159258248,
    "buy_hold": {
      "return": 0.05260376438066583,
      "max_drawdown": -0.08625649071687407,
      "sharpe": 0.5525340074306977
    },
    "excess_return_vs_bh": 0.039157352301790516,
    "trades": {
      "chosen_buys": 18,
      "chosen_sells": 77,
      "chosen_holds": 20,
      "executed_buys": 11,
      "executed_sells": 11,
      "invalid_actions": 74
    }
  },
  "INFY": {
    "return": 0.05410280805874934,
    "max_drawdown": -0.0010000000000000009,
    "sharpe": 1.8262258310019732,
    "buy_hold": {
      "return": 0.11654608828095259,
      "max_drawdown": -0.10868350185458055,
      "sharpe": 1.031910981822248
    },
    "excess_return_vs_bh": -0.062443280222203246,
    "trades": {
      "chosen_buys": 3,
      "chosen_sells": 106,
      "chosen_holds": 6,
      "executed_buys": 3,
      "executed_sells": 3,
      "invalid_actions": 103
    }
  },
  "ITC": {
    "return": 0.04415432087386417,
    "max_drawdown": -0.12551144531681974,
    "sharpe": 0.3971315771705677,
    "buy_hold": {
      "return": 0.029316367265469045,
      "max_drawdown": -0.12551144531681957,
      "sharpe": 0.2538486653051062
    },
    "excess_return_vs_bh": 0.014837953608395127,
    "trades": {
      "chosen_buys": 45,
      "chosen_sells": 2,
      "chosen_holds": 68,
      "executed_buys": 3,
      "executed_sells": 3,
      "invalid_actions": 42
    }
  },
  "JSWSTEEL": {
    "return": -0.0349613131248947,
    "max_drawdown": -0.13126863361547764,
    "sharpe": -0.28659647509511277,
    "buy_hold": {
      "return": -0.03515079961360956,
      "max_drawdown": -0.1348763352901549,
      "sharpe": -0.28952041678134377
    },
    "excess_return_vs_bh": 0.00018948648871486284,
    "trades": {
      "chosen_buys": 63,
      "chosen_sells": 5,
      "chosen_holds": 47,
      "executed_buys": 6,
      "executed_sells": 6,
      "invalid_actions": 57
    }
  },
  "MARUTI": {
    "return": 0.0,
    "max_drawdown": 0.0,
    "sharpe": 0.0,
    "buy_hold": {
      "return": -0.1459195900015422,
      "max_drawdown": -0.20443700168943946,
      "sharpe": -1.4169504754754652
    },
    "excess_return_vs_bh": 0.1459195900015422,
    "trades": {
      "chosen_buys": 0,
      "chosen_sells": 115,
      "chosen_holds": 0,
      "executed_buys": 0,
      "executed_sells": 0,
      "invalid_actions": 115
    }
  },
  "NTPC": {
    "return": -0.1563519999897648,
    "max_drawdown": -0.24774233128834364,
    "sharpe": -1.280182580538507,
    "buy_hold": {
      "return": -0.14067159341371716,
      "max_drawdown": -0.2522563176895308,
      "sharpe": -1.2211789984020982
    },
    "excess_return_vs_bh": -0.015680406576047634,
    "trades": {
      "chosen_buys": 63,
      "chosen_sells": 3,
      "chosen_holds": 49,
      "executed_buys": 4,
      "executed_sells": 4,
      "invalid_actions": 59
    }
  },
  "RELIANCE": {
    "return": -0.14669321582647277,
    "max_drawdown": -0.17798013380666305,
    "sharpe": -2.0032844353611043,
    "buy_hold": {
      "return": -0.2419859754570498,
      "max_drawdown": -0.24536689206110696,
      "sharpe": -3.011143693673078
    },
    "excess_return_vs_bh": 0.09529275963057704,
    "trades": {
      "chosen_buys": 58,
      "chosen_sells": 40,
      "chosen_holds": 17,
      "executed_buys": 7,
      "executed_sells": 7,
      "invalid_actions": 85
    }
  },
  "SBIN": {
    "return": 0.048946934746440185,
    "max_drawdown": -0.008665842321552647,
    "sharpe": 1.5530022711274396,
    "buy_hold": {
      "return": -0.10557667215067801,
      "max_drawdown": -0.13983548766157458,
      "sharpe": -0.9362767676403154
    },
    "excess_return_vs_bh": 0.1545236068971182,
    "trades": {
      "chosen_buys": 3,
      "chosen_sells": 109,
      "chosen_holds": 3,
      "executed_buys": 3,
      "executed_sells": 3,
      "invalid_actions": 106
    }
  },
  "TATASTEEL": {
    "return": 0.0,
    "max_drawdown": 0.0,
    "sharpe": 0.0,
    "buy_hold": {
      "return": -0.17918507609229273,
      "max_drawdown": -0.18790601663529852,
      "sharpe": -1.433688647656228
    },
    "excess_return_vs_bh": 0.17918507609229273,
    "trades": {
      "chosen_buys": 0,
      "chosen_sells": 115,
      "chosen_holds": 0,
      "executed_buys": 0,
      "executed_sells": 0,
      "invalid_actions": 115
    }
  },
  "TCS": {
    "return": 0.0,
    "max_drawdown": 0.0,
    "sharpe": 0.0,
    "buy_hold": {
      "return": -0.0024944833541206135,
      "max_drawdown": -0.1294757068350261,
      "sharpe": -0.019791651245629243
    },
    "excess_return_vs_bh": 0.0024944833541206135,
    "trades": {
      "chosen_buys": 0,
      "chosen_sells": 115,
      "chosen_holds": 0,
      "executed_buys": 0,
      "executed_sells": 0,
      "invalid_actions": 115
    }
  },
  "TMPV": {
    "return": 0.0,
    "max_drawdown": 0.0,
    "sharpe": 0.0,
    "buy_hold": {
      "return": -0.283901609130219,
      "max_drawdown": -0.3783986499156197,
      "sharpe": -2.045231768323485
    },
    "excess_return_vs_bh": 0.283901609130219,
    "trades": {
      "chosen_buys": 0,
      "chosen_sells": 115,
      "chosen_holds": 0,
      "executed_buys": 0,
      "executed_sells": 0,
      "invalid_actions": 115
    }
  }
}