{
  "HCLTECH": {
    "return": 0.0,
    "max_drawdown": 0.0,
    "sharpe": 0.0,
    "buy_hold": {
      "return": 0.22894367991845077,
      "max_drawdown": -0.0610925604380926,
      "sharpe": 2.0682029457179767
    },
    "excess_return_vs_bh": -0.22894367991845077,
    "trades": {
      "chosen_buys": 0,
      "chosen_sells": 7,
      "chosen_holds": 108,
      "executed_buys": 0,
      "executed_sells": 0,
      "invalid_actions": 7
    }
  },
  "HDFCBANK": {
    "return": 0.06695685642685922,
    "max_drawdown": -0.09285634181899742,
    "sharpe": 0.7085057441521033,
    "buy_hold": {
      "return": 0.09617755856966714,
      "max_drawdown": -0.09285634181899745,
      "sharpe": 1.0276887181776813
    },
    "excess_return_vs_bh": -0.02922070214280792,
    "trades": {
      "chosen_buys": 106,
      "chosen_sells": 2,
      "chosen_holds": 7,
      "executed_buys": 3,
      "executed_sells": 3,
      "invalid_actions": 103
    }
  },
  "HINDUNILVR": {
    "return": 0.0,
    "max_drawdown": 0.0,
    "sharpe": 0.0,
    "buy_hold": {
      "return": -0.10563675914971571,
      "max_drawdown": -0.22974690858661734,
      "sharpe": -1.133894334827567
    },
    "excess_return_vs_bh": 0.10563675914971571,
    "trades": {
      "chosen_buys": 0,
      "chosen_sells": 7,
      "chosen_holds": 108,
      "executed_buys": 0,
      "executed_sells": 0,
      "invalid_actions": 7
    }
  },
  "ICICIBANK": {
    "return": 0.05774698029037051,
    "max_drawdown": -0.08717023422615709,
    "sharpe": 0.731810277894232,
    "buy_hold": {
      "return": 0.05260376438066583,
      "max_drawdown": -0.08625649071687407,
      "sharpe": 0.5525340074306977
    },
    "excess_return_vs_bh": 0.005143215909704679,
    "trades": {
      "chosen_buys": 30,
      "chosen_sells": 43,
      "chosen_holds": 42,
      "executed_buys": 3,
      "executed_sells": 3,
      "invalid_actions": 67
    }
  },
  "INFY": {
    "return": 0.0,
    "max_drawdown": 0.0,
    "sharpe": 0.0,
    "buy_hold": {
      "return": 0.11654608828095259,
      "max_drawdown": -0.10868350185458055,
      "sharpe": 1.031910981822248
    },
    "excess_return_vs_bh": -0.11654608828095259,
    "trades": {
      "chosen_buys": 0,
      "chosen_sells": 16,
      "chosen_holds": 99,
      "executed_buys": 0,
      "executed_sells": 0,
      "invalid_actions": 16
    }
  },
  "ITC": {
    "return": 0.037542214611417046,
    "max_drawdown": -0.12551144531681982,
    "sharpe": 0.3345262909072981,
    "buy_hold": {
      "return": 0.029316367265469045,
      "max_drawdown": -0.12551144531681957,
      "sharpe": 0.2538486653051062
    },
    "excess_return_vs_bh": 0.008225847345948,
    "trades": {
      "chosen_buys": 71,
      "chosen_sells": 1,
      "chosen_holds": 43,
      "executed_buys": 2,
      "executed_sells": 2,
      "invalid_actions": 69
    }
  },
  "JSWSTEEL": {
    "return": -0.03108407568567706,
    "max_drawdown": -0.13487633529015491,
    "sharpe": -0.25068203900609226,
    "buy_hold": {
      "return": -0.03515079961360956,
      "max_drawdown": -0.1348763352901549,
      "sharpe": -0.28952041678134377
    },
    "excess_return_vs_bh": 0.004066723927932503,
    "trades": {
      "chosen_buys": 70,
      "chosen_sells": 1,
      "chosen_holds": 44,
      "executed_buys": 2,
      "executed_sells": 2,
      "invalid_actions": 68
    }
  },
  "MARUTI": {
    "return": 0.0,
    "max_drawdown": 0.0,
    "sharpe": 0.0,
    "buy_hold": {
      "return": -0.1459195900015422,
      "max_drawdown": -0.20443700168943946,
      "sharpe": -1.4169504754754652
    },
    "excess_return_vs_bh": 0.1459195900015422,
    "trades": {
      "chosen_buys": 0,
      "chosen_sells": 89,
      "chosen_holds": 26,
      "executed_buys": 0,
      "executed_sells": 0,
      "invalid_actions": 89
    }
  },
  "NTPC": {
    "return": -0.15888015541169598,
    "max_drawdown": -0.2522563176895308,
    "sharpe": -1.3952049301313587,
    "buy_hold": {
      "return": -0.14067159341371716,
      "max_drawdown": -0.2522563176895308,
      "sharpe": -1.2211789984020982
    },
    "excess_return_vs_bh": -0.018208561997978823,
    "trades": {
      "chosen_buys": 65,
      "chosen_sells": 1,
      "chosen_holds": 49,
      "executed_buys": 2,
      "executed_sells": 2,
      "invalid_actions": 63
    }
  },
  "RELIANCE": {
    "return": -0.1914908252281159,
    "max_drawdown": -0.21026077840387883,
    "sharpe": -2.5028231902169757,
    "buy_hold": {
      "return": -0.2419859754570498,
      "max_drawdown": -0.24536689206110696,
      "sharpe": -3.011143693673078
    },
    "excess_return_vs_bh": 0.050495150228933916,
    "trades": {
      "chosen_buys": 1,
      "chosen_sells": 4,
      "chosen_holds": 110,
      "executed_buys": 1,
      "executed_sells": 1,
      "invalid_actions": 4
    }
  },
  "SBIN": {
    "return": 0.0,
    "max_drawdown": 0.0,
    "sharpe": 0.0,
    "buy_hold": {
      "return": -0.10557667215067801,
      "max_drawdown": -0.13983548766157458,
      "sharpe": -0.9362767676403154
    },
    "excess_return_vs_bh": 0.10557667215067801,
    "trades": {
      "chosen_buys": 0,
      "chosen_sells": 115,
      "chosen_holds": 0,
      "executed_buys": 0,
      "executed_sells": 0,
      "invalid_actions": 115
    }
  },
  "TATASTEEL": {
    "return": 0.0,
    "max_drawdown": 0.0,
    "sharpe": 0.0,
    "buy_hold": {
      "return": -0.17918507609229273,
      "max_drawdown": -0.18790601663529852,
      "sharpe": -1.433688647656228
    },
    "excess_return_vs_bh": 0.17918507609229273,
    "trades": {
      "chosen_buys": 0,
      "chosen_sells": 115,
      "chosen_holds": 0,
      "executed_buys": 0,
      "executed_sells": 0,
      "invalid_actions": 115
    }
  },
  "TCS": {
    "return": 0.0,
    "max_drawdown": 0.0,
    "sharpe": 0.0,
    "buy_hold": {
      "return": -0.0024944833541206135,
      "max_drawdown": -0.1294757068350261,
      "sharpe": -0.019791651245629243
    },
    "excess_return_vs_bh": 0.0024944833541206135,
    "trades": {
      "chosen_buys": 0,
      "chosen_sells": 0,
      "chosen_holds": 115,
      "executed_buys": 0,
      "executed_sells": 0,
      "invalid_actions": 0
    }
  },
  "TMPV": {
    "return": 0.0,
    "max_drawdown": 0.0,
    "sharpe": 0.0,
    "buy_hold": {
      "return": -0.283901609130219,
      "max_drawdown": -0.3783986499156197,
      "sharpe": -2.045231768323485
    },
    "excess_return_vs_bh": 0.283901609130219,
    "trades": {
      "chosen_buys": 0,
      "chosen_sells": 115,
      "chosen_holds": 0,
      "executed_buys": 0,
      "executed_sells": 0,
      "invalid_actions": 115
    }
  }
}