{
  "HCLTECH": {
    "return": 0.06047402833731663,
    "max_drawdown": -0.003508485639686529,
    "sharpe": 1.9394485586551633,
    "buy_hold": {
      "return": 0.22894367991845077,
      "max_drawdown": -0.0610925604380926,
      "sharpe": 2.0682029457179767
    },
    "excess_return_vs_bh": -0.16846965158113414,
    "trades": {
      "chosen_buys": 1,
      "chosen_sells": 109,
      "chosen_holds": 5,
      "executed_buys": 1,
      "executed_sells": 1,
      "invalid_actions": 108
    }
  },
  "HDFCBANK": {
    "return": 0.050931648718046674,
    "max_drawdown": -0.09285634181899742,
    "sharpe": 0.5361500586215866,
    "buy_hold": {
      "return": 0.09617755856966714,
      "max_drawdown": -0.09285634181899745,
      "sharpe": 1.0276887181776813
    },
    "excess_return_vs_bh": -0.04524590985162047,
    "trades": {
      "chosen_buys": 106,
      "chosen_sells": 2,
      "chosen_holds": 7,
      "executed_buys": 3,
      "executed_sells": 3,
      "invalid_actions": 103
    }
  },
  "HINDUNILVR": {
    "return": -0.058604487514576364,
    "max_drawdown": -0.06546080964685624,
    "sharpe": -1.019692706320238,
    "buy_hold": {
      "return": -0.10563675914971571,
      "max_drawdown": -0.22974690858661734,
      "sharpe": -1.133894334827567
    },
    "excess_return_vs_bh": 0.047032271635139344,
    "trades": {
      "chosen_buys": 1,
      "chosen_sells": 74,
      "chosen_holds": 40,
      "executed_buys": 1,
      "executed_sells": 1,
      "invalid_actions": 74
    }
  },
  "ICICIBANK": {
    "return": 0.03483783089511783,
    "max_drawdown": -0.07090298328401157,
    "sharpe": 0.40280518361017625,
    "buy_hold": {
      "return": 0.05260376438066583,
      "max_drawdown": -0.08625649071687407,
      "sharpe": 0.5525340074306977
    },
    "excess_return_vs_bh": -0.017765933485548002,
    "trades": {
      "chosen_buys": 52,
      "chosen_sells": 7,
      "chosen_holds": 56,
      "executed_buys": 2,
      "executed_sells": 2,
      "invalid_actions": 56
    }
  },
  "INFY": {
    "return": 0.06565981471616467,
    "max_drawdown": -0.030688142123287483,
    "sharpe": 0.9788852072984945,
    "buy_hold": {
      "return": 0.11654608828095259,
      "max_drawdown": -0.10868350185458055,
      "sharpe": 1.031910981822248
    },
    "excess_return_vs_bh": -0.05088627356478792,
    "trades": {
      "chosen_buys": 1,
      "chosen_sells": 98,
      "chosen_holds": 16,
      "executed_buys": 1,
      "executed_sells": 1,
      "invalid_actions": 97
    }
  },
  "ITC": {
    "return": 0.03898873969124139,
    "max_drawdown": -0.12551144531681954,
    "sharpe": 0.3505876613642195,
    "buy_hold": {
      "return": 0.029316367265469045,
      "max_drawdown": -0.12551144531681957,
      "sharpe": 0.2538486653051062
    },
    "excess_return_vs_bh": 0.009672372425772346,
    "trades": {
      "chosen_buys": 114,
      "chosen_sells": 1,
      "chosen_holds": 0,
      "executed_buys": 2,
      "executed_sells": 2,
      "invalid_actions": 112
    }
  },
  "JSWSTEEL": {
    "return": -0.03543534119869096,
    "max_drawdown": -0.13126863361547755,
    "sharpe": -0.283080407310348,
    "buy_hold": {
      "return": -0.03515079961360956,
      "max_drawdown": -0.1348763352901549,
      "sharpe": -0.28952041678134377
    },
    "excess_return_vs_bh": -0.00028454158508139926,
    "trades": {
      "chosen_buys": 62,
      "chosen_sells": 2,
      "chosen_holds": 51,
      "executed_buys": 3,
      "executed_sells": 3,
      "invalid_actions": 59
    }
  },
  "MARUTI": {
    "return": 0.0,
    "max_drawdown": 0.0,
    "sharpe": 0.0,
    "buy_hold": {
      "return": -0.1459195900015422,
      "max_drawdown": -0.20443700168943946,
      "sharpe": -1.4169504754754652
    },
    "excess_return_vs_bh": 0.1459195900015422,
    "trades": {
      "chosen_buys": 0,
      "chosen_sells": 32,
      "chosen_holds": 83,
      "executed_buys": 0,
      "executed_sells": 0,
      "invalid_actions": 32
    }
  },
  "NTPC": {
    "return": -0.15825888332782845,
    "max_drawdown": -0.25225631768953066,
    "sharpe": -1.3586665359961576,
    "buy_hold": {
      "return": -0.14067159341371716,
      "max_drawdown": -0.2522563176895308,
      "sharpe": -1.2211789984020982
    },
    "excess_return_vs_bh": -0.017587289914111293,
    "trades": {
      "chosen_buys": 114,
      "chosen_sells": 1,
      "chosen_holds": 0,
      "executed_buys": 2,
      "executed_sells": 2,
      "invalid_actions": 112
    }
  },
  "RELIANCE": {
    "return": -0.19404991004198047,
    "max_drawdown": -0.210260778403879,
    "sharpe": -2.298543524020754,
    "buy_hold": {
      "return": -0.2419859754570498,
      "max_drawdown": -0.24536689206110696,
      "sharpe": -3.011143693673078
    },
    "excess_return_vs_bh": 0.04793606541506934,
    "trades": {
      "chosen_buys": 52,
      "chosen_sells": 4,
      "chosen_holds": 59,
      "executed_buys": 1,
      "executed_sells": 1,
      "invalid_actions": 55
    }
  },
  "SBIN": {
    "return": -0.035303645336530964,
    "max_drawdown": -0.09172871102838544,
    "sharpe": -0.35350760848660445,
    "buy_hold": {
      "return": -0.10557667215067801,
      "max_drawdown": -0.13983548766157458,
      "sharpe": -0.9362767676403154
    },
    "excess_return_vs_bh": 0.07027302681414704,
    "trades": {
      "chosen_buys": 76,
      "chosen_sells": 31,
      "chosen_holds": 8,
      "executed_buys": 2,
      "executed_sells": 2,
      "invalid_actions": 104
    }
  },
  "TATASTEEL": {
    "return": 0.0,
    "max_drawdown": 0.0,
    "sharpe": 0.0,
    "buy_hold": {
      "return": -0.17918507609229273,
      "max_drawdown": -0.18790601663529852,
      "sharpe": -1.433688647656228
    },
    "excess_return_vs_bh": 0.17918507609229273,
    "trades": {
      "chosen_buys": 0,
      "chosen_sells": 115,
      "chosen_holds": 0,
      "executed_buys": 0,
      "executed_sells": 0,
      "invalid_actions": 115
    }
  },
  "TCS": {
    "return": 0.0,
    "max_drawdown": 0.0,
    "sharpe": 0.0,
    "buy_hold": {
      "return": -0.0024944833541206135,
      "max_drawdown": -0.1294757068350261,
      "sharpe": -0.019791651245629243
    },
    "excess_return_vs_bh": 0.0024944833541206135,
    "trades": {
      "chosen_buys": 0,
      "chosen_sells": 115,
      "chosen_holds": 0,
      "executed_buys": 0,
      "executed_sells": 0,
      "invalid_actions": 115
    }
  },
  "TMPV": {
    "return": 0.0,
    "max_drawdown": 0.0,
    "sharpe": 0.0,
    "buy_hold": {
      "return": -0.283901609130219,
      "max_drawdown": -0.3783986499156197,
      "sharpe": -2.045231768323485
    },
    "excess_return_vs_bh": 0.283901609130219,
    "trades": {
      "chosen_buys": 0,
      "chosen_sells": 115,
      "chosen_holds": 0,
      "executed_buys": 0,
      "executed_sells": 0,
      "invalid_actions": 115
    }
  }
}