{
  "HCLTECH": {
    "return": 0.19416411657494814,
    "max_drawdown": -0.06109256043809242,
    "sharpe": 1.9264703917637829,
    "buy_hold": {
      "return": 0.22894367991845077,
      "max_drawdown": -0.0610925604380926,
      "sharpe": 2.0682029457179767
    },
    "excess_return_vs_bh": -0.03477956334350263,
    "trades": {
      "chosen_buys": 46,
      "chosen_sells": 17,
      "chosen_holds": 52,
      "executed_buys": 8,
      "executed_sells": 8,
      "invalid_actions": 48
    }
  },
  "HDFCBANK": {
    "return": 0.0904149257170852,
    "max_drawdown": -0.09376348547717851,
    "sharpe": 0.9850591616900186,
    "buy_hold": {
      "return": 0.09617755856966714,
      "max_drawdown": -0.09285634181899745,
      "sharpe": 1.0276887181776813
    },
    "excess_return_vs_bh": -0.005762632852581939,
    "trades": {
      "chosen_buys": 97,
      "chosen_sells": 1,
      "chosen_holds": 17,
      "executed_buys": 2,
      "executed_sells": 2,
      "invalid_actions": 95
    }
  },
  "HINDUNILVR": {
    "return": -0.06379953612988365,
    "max_drawdown": -0.06976512341986686,
    "sharpe": -0.8388954574360448,
    "buy_hold": {
      "return": -0.10563675914971571,
      "max_drawdown": -0.22974690858661734,
      "sharpe": -1.133894334827567
    },
    "excess_return_vs_bh": 0.04183722301983206,
    "trades": {
      "chosen_buys": 1,
      "chosen_sells": 25,
      "chosen_holds": 89,
      "executed_buys": 1,
      "executed_sells": 1,
      "invalid_actions": 25
    }
  },
  "ICICIBANK": {
    "return": 0.043866356744141966,
    "max_drawdown": -0.07979383770362276,
    "sharpe": 0.4649736632474158,
    "buy_hold": {
      "return": 0.05260376438066583,
      "max_drawdown": -0.08625649071687407,
      "sharpe": 0.5525340074306977
    },
    "excess_return_vs_bh": -0.008737407636523864,
    "trades": {
      "chosen_buys": 113,
      "chosen_sells": 2,
      "chosen_holds": 0,
      "executed_buys": 3,
      "executed_sells": 3,
      "invalid_actions": 110
    }
  },
  "INFY": {
    "return": 0.0805028756482522,
    "max_drawdown": -0.1086835018545806,
    "sharpe": 0.6994412663499538,
    "buy_hold": {
      "return": 0.11654608828095259,
      "max_drawdown": -0.10868350185458055,
      "sharpe": 1.031910981822248
    },
    "excess_return_vs_bh": -0.03604321263270038,
    "trades": {
      "chosen_buys": 47,
      "chosen_sells": 18,
      "chosen_holds": 50,
      "executed_buys": 6,
      "executed_sells": 6,
      "invalid_actions": 54
    }
  },
  "ITC": {
    "return": 0.016168118817992294,
    "max_drawdown": -0.12551144531681954,
    "sharpe": 0.151443191022438,
    "buy_hold": {
      "return": 0.029316367265469045,
      "max_drawdown": -0.12551144531681957,
      "sharpe": 0.2538486653051062
    },
    "excess_return_vs_bh": -0.013148248447476751,
    "trades": {
      "chosen_buys": 84,
      "chosen_sells": 1,
      "chosen_holds": 30,
      "executed_buys": 2,
      "executed_sells": 2,
      "invalid_actions": 82
    }
  },
  "JSWSTEEL": {
    "return": -0.03412957672926842,
    "max_drawdown": -0.13487633529015486,
    "sharpe": -0.2759221899770215,
    "buy_hold": {
      "return": -0.03515079961360956,
      "max_drawdown": -0.1348763352901549,
      "sharpe": -0.28952041678134377
    },
    "excess_return_vs_bh": 0.0010212228843411442,
    "trades": {
      "chosen_buys": 106,
      "chosen_sells": 1,
      "chosen_holds": 8,
      "executed_buys": 2,
      "executed_sells": 2,
      "invalid_actions": 104
    }
  },
  "MARUTI": {
    "return": 0.0,
    "max_drawdown": 0.0,
    "sharpe": 0.0,
    "buy_hold": {
      "return": -0.1459195900015422,
      "max_drawdown": -0.20443700168943946,
      "sharpe": -1.4169504754754652
    },
    "excess_return_vs_bh": 0.1459195900015422,
    "trades": {
      "chosen_buys": 0,
      "chosen_sells": 0,
      "chosen_holds": 115,
      "executed_buys": 0,
      "executed_sells": 0,
      "invalid_actions": 0
    }
  },
  "NTPC": {
    "return": -0.14266113787144397,
    "max_drawdown": -0.2522563176895306,
    "sharpe": -1.231007277063386,
    "buy_hold": {
      "return": -0.14067159341371716,
      "max_drawdown": -0.2522563176895308,
      "sharpe": -1.2211789984020982
    },
    "excess_return_vs_bh": -0.0019895444577268107,
    "trades": {
      "chosen_buys": 78,
      "chosen_sells": 1,
      "chosen_holds": 36,
      "executed_buys": 2,
      "executed_sells": 2,
      "invalid_actions": 76
    }
  },
  "RELIANCE": {
    "return": -0.19329733875808708,
    "max_drawdown": -0.210260778403879,
    "sharpe": -2.256587853702955,
    "buy_hold": {
      "return": -0.2419859754570498,
      "max_drawdown": -0.24536689206110696,
      "sharpe": -3.011143693673078
    },
    "excess_return_vs_bh": 0.04868863669896273,
    "trades": {
      "chosen_buys": 92,
      "chosen_sells": 13,
      "chosen_holds": 10,
      "executed_buys": 1,
      "executed_sells": 1,
      "invalid_actions": 104
    }
  },
  "SBIN": {
    "return": -0.10403371485441415,
    "max_drawdown": -0.13663754427390792,
    "sharpe": -0.9135465710526282,
    "buy_hold": {
      "return": -0.10557667215067801,
      "max_drawdown": -0.13983548766157458,
      "sharpe": -0.9362767676403154
    },
    "excess_return_vs_bh": 0.0015429572962638582,
    "trades": {
      "chosen_buys": 114,
      "chosen_sells": 1,
      "chosen_holds": 0,
      "executed_buys": 2,
      "executed_sells": 2,
      "invalid_actions": 112
    }
  },
  "TATASTEEL": {
    "return": 0.0,
    "max_drawdown": 0.0,
    "sharpe": 0.0,
    "buy_hold": {
      "return": -0.17918507609229273,
      "max_drawdown": -0.18790601663529852,
      "sharpe": -1.433688647656228
    },
    "excess_return_vs_bh": 0.17918507609229273,
    "trades": {
      "chosen_buys": 0,
      "chosen_sells": 24,
      "chosen_holds": 91,
      "executed_buys": 0,
      "executed_sells": 0,
      "invalid_actions": 24
    }
  },
  "TCS": {
    "return": 0.0,
    "max_drawdown": 0.0,
    "sharpe": 0.0,
    "buy_hold": {
      "return": -0.0024944833541206135,
      "max_drawdown": -0.1294757068350261,
      "sharpe": -0.019791651245629243
    },
    "excess_return_vs_bh": 0.0024944833541206135,
    "trades": {
      "chosen_buys": 0,
      "chosen_sells": 0,
      "chosen_holds": 115,
      "executed_buys": 0,
      "executed_sells": 0,
      "invalid_actions": 0
    }
  },
  "TMPV": {
    "return": 0.0,
    "max_drawdown": 0.0,
    "sharpe": 0.0,
    "buy_hold": {
      "return": -0.283901609130219,
      "max_drawdown": -0.3783986499156197,
      "sharpe": -2.045231768323485
    },
    "excess_return_vs_bh": 0.283901609130219,
    "trades": {
      "chosen_buys": 0,
      "chosen_sells": 107,
      "chosen_holds": 8,
      "executed_buys": 0,
      "executed_sells": 0,
      "invalid_actions": 107
    }
  }
}