{
  "HCLTECH": {
    "return": 0.0,
    "max_drawdown": 0.0,
    "sharpe": 0.0,
    "buy_hold": {
      "return": 0.22894367991845077,
      "max_drawdown": -0.0610925604380926,
      "sharpe": 2.0682029457179767
    },
    "excess_return_vs_bh": -0.22894367991845077,
    "trades": {
      "chosen_buys": 0,
      "chosen_sells": 115,
      "chosen_holds": 0,
      "executed_buys": 0,
      "executed_sells": 0,
      "invalid_actions": 115
    }
  },
  "HDFCBANK": {
    "return": -0.14123113054365755,
    "max_drawdown": -0.14219784789881462,
    "sharpe": -2.6925145084577338,
    "buy_hold": {
      "return": 0.09617755856966714,
      "max_drawdown": -0.09285634181899745,
      "sharpe": 1.0276887181776813
    },
    "excess_return_vs_bh": -0.2374086891133247,
    "trades": {
      "chosen_buys": 58,
      "chosen_sells": 57,
      "chosen_holds": 0,
      "executed_buys": 58,
      "executed_sells": 58,
      "invalid_actions": 0
    }
  },
  "HINDUNILVR": {
    "return": 0.0,
    "max_drawdown": 0.0,
    "sharpe": 0.0,
    "buy_hold": {
      "return": -0.10563675914971571,
      "max_drawdown": -0.22974690858661734,
      "sharpe": -1.133894334827567
    },
    "excess_return_vs_bh": 0.10563675914971571,
    "trades": {
      "chosen_buys": 0,
      "chosen_sells": 115,
      "chosen_holds": 0,
      "executed_buys": 0,
      "executed_sells": 0,
      "invalid_actions": 115
    }
  },
  "ICICIBANK": {
    "return": -0.14482421489145603,
    "max_drawdown": -0.1549425978979721,
    "sharpe": -2.569511500544049,
    "buy_hold": {
      "return": 0.05260376438066583,
      "max_drawdown": -0.08625649071687407,
      "sharpe": 0.5525340074306977
    },
    "excess_return_vs_bh": -0.19742797927212186,
    "trades": {
      "chosen_buys": 58,
      "chosen_sells": 57,
      "chosen_holds": 0,
      "executed_buys": 58,
      "executed_sells": 58,
      "invalid_actions": 0
    }
  },
  "INFY": {
    "return": -0.007351847787259391,
    "max_drawdown": -0.007351847787259391,
    "sharpe": -1.3285737883568707,
    "buy_hold": {
      "return": 0.11654608828095259,
      "max_drawdown": -0.10868350185458055,
      "sharpe": 1.031910981822248
    },
    "excess_return_vs_bh": -0.12389793606821198,
    "trades": {
      "chosen_buys": 1,
      "chosen_sells": 114,
      "chosen_holds": 0,
      "executed_buys": 1,
      "executed_sells": 1,
      "invalid_actions": 113
    }
  },
  "ITC": {
    "return": 0.028287050898203603,
    "max_drawdown": -0.12551144531681963,
    "sharpe": 0.2538486653051068,
    "buy_hold": {
      "return": 0.029316367265469045,
      "max_drawdown": -0.12551144531681957,
      "sharpe": 0.2538486653051062
    },
    "excess_return_vs_bh": -0.0010293163672654426,
    "trades": {
      "chosen_buys": 115,
      "chosen_sells": 0,
      "chosen_holds": 0,
      "executed_buys": 1,
      "executed_sells": 1,
      "invalid_actions": 114
    }
  },
  "JSWSTEEL": {
    "return": -0.10501081671092793,
    "max_drawdown": -0.1378047292464148,
    "sharpe": -1.300164758197714,
    "buy_hold": {
      "return": -0.03515079961360956,
      "max_drawdown": -0.1348763352901549,
      "sharpe": -0.28952041678134377
    },
    "excess_return_vs_bh": -0.06986001709731837,
    "trades": {
      "chosen_buys": 58,
      "chosen_sells": 57,
      "chosen_holds": 0,
      "executed_buys": 58,
      "executed_sells": 58,
      "invalid_actions": 0
    }
  },
  "MARUTI": {
    "return": 0.0,
    "max_drawdown": 0.0,
    "sharpe": 0.0,
    "buy_hold": {
      "return": -0.1459195900015422,
      "max_drawdown": -0.20443700168943946,
      "sharpe": -1.4169504754754652
    },
    "excess_return_vs_bh": 0.1459195900015422,
    "trades": {
      "chosen_buys": 0,
      "chosen_sells": 115,
      "chosen_holds": 0,
      "executed_buys": 0,
      "executed_sells": 0,
      "invalid_actions": 115
    }
  },
  "NTPC": {
    "return": -0.14153092182030336,
    "max_drawdown": -0.2522563176895307,
    "sharpe": -1.221178998402097,
    "buy_hold": {
      "return": -0.14067159341371716,
      "max_drawdown": -0.2522563176895308,
      "sharpe": -1.2211789984020982
    },
    "excess_return_vs_bh": -0.0008593284065862017,
    "trades": {
      "chosen_buys": 95,
      "chosen_sells": 0,
      "chosen_holds": 20,
      "executed_buys": 1,
      "executed_sells": 1,
      "invalid_actions": 94
    }
  },
  "RELIANCE": {
    "return": -0.16437507800299023,
    "max_drawdown": -0.16437507800299023,
    "sharpe": -2.954186478111654,
    "buy_hold": {
      "return": -0.2419859754570498,
      "max_drawdown": -0.24536689206110696,
      "sharpe": -3.011143693673078
    },
    "excess_return_vs_bh": 0.07761089745405958,
    "trades": {
      "chosen_buys": 56,
      "chosen_sells": 59,
      "chosen_holds": 0,
      "executed_buys": 56,
      "executed_sells": 56,
      "invalid_actions": 3
    }
  },
  "SBIN": {
    "return": -0.12016542155985976,
    "max_drawdown": -0.1316539046669429,
    "sharpe": -1.0860221681428026,
    "buy_hold": {
      "return": -0.10557667215067801,
      "max_drawdown": -0.13983548766157458,
      "sharpe": -0.9362767676403154
    },
    "excess_return_vs_bh": -0.014588749409181756,
    "trades": {
      "chosen_buys": 53,
      "chosen_sells": 8,
      "chosen_holds": 54,
      "executed_buys": 9,
      "executed_sells": 9,
      "invalid_actions": 44
    }
  },
  "TATASTEEL": {
    "return": 0.0,
    "max_drawdown": 0.0,
    "sharpe": 0.0,
    "buy_hold": {
      "return": -0.17918507609229273,
      "max_drawdown": -0.18790601663529852,
      "sharpe": -1.433688647656228
    },
    "excess_return_vs_bh": 0.17918507609229273,
    "trades": {
      "chosen_buys": 0,
      "chosen_sells": 0,
      "chosen_holds": 115,
      "executed_buys": 0,
      "executed_sells": 0,
      "invalid_actions": 0
    }
  },
  "TCS": {
    "return": 0.0,
    "max_drawdown": 0.0,
    "sharpe": 0.0,
    "buy_hold": {
      "return": -0.0024944833541206135,
      "max_drawdown": -0.1294757068350261,
      "sharpe": -0.019791651245629243
    },
    "excess_return_vs_bh": 0.0024944833541206135,
    "trades": {
      "chosen_buys": 0,
      "chosen_sells": 34,
      "chosen_holds": 81,
      "executed_buys": 0,
      "executed_sells": 0,
      "invalid_actions": 34
    }
  },
  "TMPV": {
    "return": 0.0,
    "max_drawdown": 0.0,
    "sharpe": 0.0,
    "buy_hold": {
      "return": -0.283901609130219,
      "max_drawdown": -0.3783986499156197,
      "sharpe": -2.045231768323485
    },
    "excess_return_vs_bh": 0.283901609130219,
    "trades": {
      "chosen_buys": 0,
      "chosen_sells": 0,
      "chosen_holds": 115,
      "executed_buys": 0,
      "executed_sells": 0,
      "invalid_actions": 0
    }
  }
}