{
  "HCLTECH": {
    "return": 0.14875183025159022,
    "max_drawdown": -0.005893038135952942,
    "sharpe": 2.743161409081486,
    "buy_hold": {
      "return": 0.22894367991845077,
      "max_drawdown": -0.0610925604380926,
      "sharpe": 2.0682029457179767
    },
    "excess_return_vs_bh": -0.08019184966686055,
    "trades": {
      "chosen_buys": 12,
      "chosen_sells": 101,
      "chosen_holds": 2,
      "executed_buys": 3,
      "executed_sells": 3,
      "invalid_actions": 108
    }
  },
  "HDFCBANK": {
    "return": 0.050931648718046674,
    "max_drawdown": -0.09285634181899742,
    "sharpe": 0.5361500586215866,
    "buy_hold": {
      "return": 0.09617755856966714,
      "max_drawdown": -0.09285634181899745,
      "sharpe": 1.0276887181776813
    },
    "excess_return_vs_bh": -0.04524590985162047,
    "trades": {
      "chosen_buys": 92,
      "chosen_sells": 2,
      "chosen_holds": 21,
      "executed_buys": 3,
      "executed_sells": 3,
      "invalid_actions": 89
    }
  },
  "HINDUNILVR": {
    "return": -0.15823586516853927,
    "max_drawdown": -0.16209716853932588,
    "sharpe": -1.9272080399219615,
    "buy_hold": {
      "return": -0.10563675914971571,
      "max_drawdown": -0.22974690858661734,
      "sharpe": -1.133894334827567
    },
    "excess_return_vs_bh": -0.05259910601882356,
    "trades": {
      "chosen_buys": 48,
      "chosen_sells": 64,
      "chosen_holds": 3,
      "executed_buys": 1,
      "executed_sells": 1,
      "invalid_actions": 111
    }
  },
  "ICICIBANK": {
    "return": -0.005498829376818115,
    "max_drawdown": -0.0871702342261572,
    "sharpe": -0.04870149540120455,
    "buy_hold": {
      "return": 0.05260376438066583,
      "max_drawdown": -0.08625649071687407,
      "sharpe": 0.5525340074306977
    },
    "excess_return_vs_bh": -0.058102593757483945,
    "trades": {
      "chosen_buys": 111,
      "chosen_sells": 4,
      "chosen_holds": 0,
      "executed_buys": 5,
      "executed_sells": 5,
      "invalid_actions": 106
    }
  },
  "INFY": {
    "return": 0.02292806333973152,
    "max_drawdown": -0.10868350185458049,
    "sharpe": 0.24643064264577874,
    "buy_hold": {
      "return": 0.11654608828095259,
      "max_drawdown": -0.10868350185458055,
      "sharpe": 1.031910981822248
    },
    "excess_return_vs_bh": -0.09361802494122107,
    "trades": {
      "chosen_buys": 46,
      "chosen_sells": 69,
      "chosen_holds": 0,
      "executed_buys": 1,
      "executed_sells": 1,
      "invalid_actions": 113
    }
  },
  "ITC": {
    "return": 0.03898873969124139,
    "max_drawdown": -0.12551144531681954,
    "sharpe": 0.3505876613642195,
    "buy_hold": {
      "return": 0.029316367265469045,
      "max_drawdown": -0.12551144531681957,
      "sharpe": 0.2538486653051062
    },
    "excess_return_vs_bh": 0.009672372425772346,
    "trades": {
      "chosen_buys": 110,
      "chosen_sells": 1,
      "chosen_holds": 4,
      "executed_buys": 2,
      "executed_sells": 2,
      "invalid_actions": 108
    }
  },
  "JSWSTEEL": {
    "return": -0.045380380438996615,
    "max_drawdown": -0.13487633529015478,
    "sharpe": -0.36848828011164014,
    "buy_hold": {
      "return": -0.03515079961360956,
      "max_drawdown": -0.1348763352901549,
      "sharpe": -0.28952041678134377
    },
    "excess_return_vs_bh": -0.010229580825387052,
    "trades": {
      "chosen_buys": 97,
      "chosen_sells": 1,
      "chosen_holds": 17,
      "executed_buys": 2,
      "executed_sells": 2,
      "invalid_actions": 95
    }
  },
  "MARUTI": {
    "return": 0.0,
    "max_drawdown": 0.0,
    "sharpe": 0.0,
    "buy_hold": {
      "return": -0.1459195900015422,
      "max_drawdown": -0.20443700168943946,
      "sharpe": -1.4169504754754652
    },
    "excess_return_vs_bh": 0.1459195900015422,
    "trades": {
      "chosen_buys": 0,
      "chosen_sells": 25,
      "chosen_holds": 90,
      "executed_buys": 0,
      "executed_sells": 0,
      "invalid_actions": 25
    }
  },
  "NTPC": {
    "return": -0.15398653850120803,
    "max_drawdown": -0.2477423312883437,
    "sharpe": -1.3222390677629263,
    "buy_hold": {
      "return": -0.14067159341371716,
      "max_drawdown": -0.2522563176895308,
      "sharpe": -1.2211789984020982
    },
    "excess_return_vs_bh": -0.01331494508749087,
    "trades": {
      "chosen_buys": 104,
      "chosen_sells": 2,
      "chosen_holds": 9,
      "executed_buys": 3,
      "executed_sells": 3,
      "invalid_actions": 101
    }
  },
  "RELIANCE": {
    "return": -0.22226839854676406,
    "max_drawdown": -0.22573726007137584,
    "sharpe": -2.6577066579893427,
    "buy_hold": {
      "return": -0.2419859754570498,
      "max_drawdown": -0.24536689206110696,
      "sharpe": -3.011143693673078
    },
    "excess_return_vs_bh": 0.01971757691028575,
    "trades": {
      "chosen_buys": 77,
      "chosen_sells": 3,
      "chosen_holds": 35,
      "executed_buys": 1,
      "executed_sells": 1,
      "invalid_actions": 79
    }
  },
  "SBIN": {
    "return": -0.06875338623644633,
    "max_drawdown": -0.1158808963402843,
    "sharpe": -0.6747692852690216,
    "buy_hold": {
      "return": -0.10557667215067801,
      "max_drawdown": -0.13983548766157458,
      "sharpe": -0.9362767676403154
    },
    "excess_return_vs_bh": 0.036823285914231674,
    "trades": {
      "chosen_buys": 88,
      "chosen_sells": 26,
      "chosen_holds": 1,
      "executed_buys": 27,
      "executed_sells": 27,
      "invalid_actions": 61
    }
  },
  "TATASTEEL": {
    "return": 0.0,
    "max_drawdown": 0.0,
    "sharpe": 0.0,
    "buy_hold": {
      "return": -0.17918507609229273,
      "max_drawdown": -0.18790601663529852,
      "sharpe": -1.433688647656228
    },
    "excess_return_vs_bh": 0.17918507609229273,
    "trades": {
      "chosen_buys": 0,
      "chosen_sells": 0,
      "chosen_holds": 115,
      "executed_buys": 0,
      "executed_sells": 0,
      "invalid_actions": 0
    }
  },
  "TCS": {
    "return": 0.0014423716413038967,
    "max_drawdown": -0.042658709342100476,
    "sharpe": 0.03329433114831214,
    "buy_hold": {
      "return": -0.0024944833541206135,
      "max_drawdown": -0.1294757068350261,
      "sharpe": -0.019791651245629243
    },
    "excess_return_vs_bh": 0.00393685499542451,
    "trades": {
      "chosen_buys": 4,
      "chosen_sells": 74,
      "chosen_holds": 37,
      "executed_buys": 1,
      "executed_sells": 1,
      "invalid_actions": 76
    }
  },
  "TMPV": {
    "return": 0.0,
    "max_drawdown": 0.0,
    "sharpe": 0.0,
    "buy_hold": {
      "return": -0.283901609130219,
      "max_drawdown": -0.3783986499156197,
      "sharpe": -2.045231768323485
    },
    "excess_return_vs_bh": 0.283901609130219,
    "trades": {
      "chosen_buys": 0,
      "chosen_sells": 0,
      "chosen_holds": 115,
      "executed_buys": 0,
      "executed_sells": 0,
      "invalid_actions": 0
    }
  }
}