{
  "HCLTECH": {
    "return": 0.24632116211831057,
    "max_drawdown": -0.061092560438092525,
    "sharpe": 2.1563288746797284,
    "buy_hold": {
      "return": 0.22894367991845077,
      "max_drawdown": -0.0610925604380926,
      "sharpe": 2.0682029457179767
    },
    "excess_return_vs_bh": 0.017377482199859795,
    "trades": {
      "chosen_buys": 110,
      "chosen_sells": 5,
      "chosen_holds": 0,
      "executed_buys": 6,
      "executed_sells": 6,
      "invalid_actions": 104
    }
  },
  "HDFCBANK": {
    "return": 0.08610236733812515,
    "max_drawdown": -0.0928563418189975,
    "sharpe": 0.9312025235892529,
    "buy_hold": {
      "return": 0.09617755856966714,
      "max_drawdown": -0.09285634181899745,
      "sharpe": 1.0276887181776813
    },
    "excess_return_vs_bh": -0.010075191231541991,
    "trades": {
      "chosen_buys": 114,
      "chosen_sells": 1,
      "chosen_holds": 0,
      "executed_buys": 2,
      "executed_sells": 2,
      "invalid_actions": 112
    }
  },
  "HINDUNILVR": {
    "return": -0.09195413219854676,
    "max_drawdown": -0.2029355280034204,
    "sharpe": -1.0402005094944209,
    "buy_hold": {
      "return": -0.10563675914971571,
      "max_drawdown": -0.22974690858661734,
      "sharpe": -1.133894334827567
    },
    "excess_return_vs_bh": 0.013682626951168952,
    "trades": {
      "chosen_buys": 43,
      "chosen_sells": 27,
      "chosen_holds": 45,
      "executed_buys": 9,
      "executed_sells": 9,
      "invalid_actions": 53
    }
  },
  "ICICIBANK": {
    "return": 0.06267428722391277,
    "max_drawdown": -0.07979383770362287,
    "sharpe": 0.6419028772169953,
    "buy_hold": {
      "return": 0.05260376438066583,
      "max_drawdown": -0.08625649071687407,
      "sharpe": 0.5525340074306977
    },
    "excess_return_vs_bh": 0.010070522843246943,
    "trades": {
      "chosen_buys": 114,
      "chosen_sells": 1,
      "chosen_holds": 0,
      "executed_buys": 2,
      "executed_sells": 2,
      "invalid_actions": 112
    }
  },
  "INFY": {
    "return": 0.09464214238860658,
    "max_drawdown": -0.1086835018545804,
    "sharpe": 0.8355132112297885,
    "buy_hold": {
      "return": 0.11654608828095259,
      "max_drawdown": -0.10868350185458055,
      "sharpe": 1.031910981822248
    },
    "excess_return_vs_bh": -0.02190394589234601,
    "trades": {
      "chosen_buys": 111,
      "chosen_sells": 4,
      "chosen_holds": 0,
      "executed_buys": 5,
      "executed_sells": 5,
      "invalid_actions": 106
    }
  },
  "ITC": {
    "return": 0.037542214611417046,
    "max_drawdown": -0.12551144531681982,
    "sharpe": 0.3345262909072981,
    "buy_hold": {
      "return": 0.029316367265469045,
      "max_drawdown": -0.12551144531681957,
      "sharpe": 0.2538486653051062
    },
    "excess_return_vs_bh": 0.008225847345948,
    "trades": {
      "chosen_buys": 114,
      "chosen_sells": 1,
      "chosen_holds": 0,
      "executed_buys": 2,
      "executed_sells": 2,
      "invalid_actions": 112
    }
  },
  "JSWSTEEL": {
    "return": -0.03537518362284198,
    "max_drawdown": -0.13487633529015486,
    "sharpe": -0.2848272517305398,
    "buy_hold": {
      "return": -0.03515079961360956,
      "max_drawdown": -0.1348763352901549,
      "sharpe": -0.28952041678134377
    },
    "excess_return_vs_bh": -0.00022438400923241453,
    "trades": {
      "chosen_buys": 113,
      "chosen_sells": 1,
      "chosen_holds": 1,
      "executed_buys": 2,
      "executed_sells": 2,
      "invalid_actions": 111
    }
  },
  "MARUTI": {
    "return": 0.0,
    "max_drawdown": 0.0,
    "sharpe": 0.0,
    "buy_hold": {
      "return": -0.1459195900015422,
      "max_drawdown": -0.20443700168943946,
      "sharpe": -1.4169504754754652
    },
    "excess_return_vs_bh": 0.1459195900015422,
    "trades": {
      "chosen_buys": 0,
      "chosen_sells": 115,
      "chosen_holds": 0,
      "executed_buys": 0,
      "executed_sells": 0,
      "invalid_actions": 115
    }
  },
  "NTPC": {
    "return": -0.13551471314596764,
    "max_drawdown": -0.25225631768953066,
    "sharpe": -1.1676535816534344,
    "buy_hold": {
      "return": -0.14067159341371716,
      "max_drawdown": -0.2522563176895308,
      "sharpe": -1.2211789984020982
    },
    "excess_return_vs_bh": 0.00515688026774952,
    "trades": {
      "chosen_buys": 84,
      "chosen_sells": 1,
      "chosen_holds": 30,
      "executed_buys": 2,
      "executed_sells": 2,
      "invalid_actions": 82
    }
  },
  "RELIANCE": {
    "return": -0.2427439894815927,
    "max_drawdown": -0.24536689206110696,
    "sharpe": -3.0111436936730853,
    "buy_hold": {
      "return": -0.2419859754570498,
      "max_drawdown": -0.24536689206110696,
      "sharpe": -3.011143693673078
    },
    "excess_return_vs_bh": -0.0007580140245428968,
    "trades": {
      "chosen_buys": 56,
      "chosen_sells": 0,
      "chosen_holds": 59,
      "executed_buys": 1,
      "executed_sells": 1,
      "invalid_actions": 55
    }
  },
  "SBIN": {
    "return": -0.10647109547852729,
    "max_drawdown": -0.13983548766157458,
    "sharpe": -0.936276767640314,
    "buy_hold": {
      "return": -0.10557667215067801,
      "max_drawdown": -0.13983548766157458,
      "sharpe": -0.9362767676403154
    },
    "excess_return_vs_bh": -0.0008944233278492808,
    "trades": {
      "chosen_buys": 115,
      "chosen_sells": 0,
      "chosen_holds": 0,
      "executed_buys": 1,
      "executed_sells": 1,
      "invalid_actions": 114
    }
  },
  "TATASTEEL": {
    "return": -0.18000589101620035,
    "max_drawdown": -0.18790601663529838,
    "sharpe": -1.4336886476562274,
    "buy_hold": {
      "return": -0.17918507609229273,
      "max_drawdown": -0.18790601663529852,
      "sharpe": -1.433688647656228
    },
    "excess_return_vs_bh": -0.0008208149239076201,
    "trades": {
      "chosen_buys": 115,
      "chosen_sells": 0,
      "chosen_holds": 0,
      "executed_buys": 1,
      "executed_sells": 1,
      "invalid_actions": 114
    }
  },
  "TCS": {
    "return": 0.008907266838467987,
    "max_drawdown": -0.07996611506951047,
    "sharpe": 0.12782884854179616,
    "buy_hold": {
      "return": -0.0024944833541206135,
      "max_drawdown": -0.1294757068350261,
      "sharpe": -0.019791651245629243
    },
    "excess_return_vs_bh": 0.0114017501925886,
    "trades": {
      "chosen_buys": 42,
      "chosen_sells": 73,
      "chosen_holds": 0,
      "executed_buys": 1,
      "executed_sells": 1,
      "invalid_actions": 113
    }
  },
  "TMPV": {
    "return": -0.2895862283479439,
    "max_drawdown": -0.3783986499156197,
    "sharpe": -2.1281335457408095,
    "buy_hold": {
      "return": -0.283901609130219,
      "max_drawdown": -0.3783986499156197,
      "sharpe": -2.045231768323485
    },
    "excess_return_vs_bh": -0.0056846192177248955,
    "trades": {
      "chosen_buys": 54,
      "chosen_sells": 1,
      "chosen_holds": 60,
      "executed_buys": 2,
      "executed_sells": 2,
      "invalid_actions": 52
    }
  }
}