{
  "HCLTECH": {
    "return": 0.2462470462040578,
    "max_drawdown": -0.03293845150065228,
    "sharpe": 3.0787694039500098,
    "buy_hold": {
      "return": 0.22894367991845077,
      "max_drawdown": -0.0610925604380926,
      "sharpe": 2.0682029457179767
    },
    "excess_return_vs_bh": 0.017303366285607025,
    "trades": {
      "chosen_buys": 11,
      "chosen_sells": 84,
      "chosen_holds": 20,
      "executed_buys": 8,
      "executed_sells": 8,
      "invalid_actions": 80
    }
  },
  "HDFCBANK": {
    "return": 0.08060874258067763,
    "max_drawdown": -0.0928563418189975,
    "sharpe": 0.8697469574599483,
    "buy_hold": {
      "return": 0.09617755856966714,
      "max_drawdown": -0.09285634181899745,
      "sharpe": 1.0276887181776813
    },
    "excess_return_vs_bh": -0.015568815988989515,
    "trades": {
      "chosen_buys": 26,
      "chosen_sells": 2,
      "chosen_holds": 87,
      "executed_buys": 3,
      "executed_sells": 3,
      "invalid_actions": 23
    }
  },
  "HINDUNILVR": {
    "return": -0.14514213207237148,
    "max_drawdown": -0.149063498439012,
    "sharpe": -1.7407812414246386,
    "buy_hold": {
      "return": -0.10563675914971571,
      "max_drawdown": -0.22974690858661734,
      "sharpe": -1.133894334827567
    },
    "excess_return_vs_bh": -0.03950537292265577,
    "trades": {
      "chosen_buys": 5,
      "chosen_sells": 65,
      "chosen_holds": 45,
      "executed_buys": 1,
      "executed_sells": 1,
      "invalid_actions": 69
    }
  },
  "ICICIBANK": {
    "return": 0.08232700222304934,
    "max_drawdown": -0.03169832491784867,
    "sharpe": 1.4319233573043901,
    "buy_hold": {
      "return": 0.05260376438066583,
      "max_drawdown": -0.08625649071687407,
      "sharpe": 0.5525340074306977
    },
    "excess_return_vs_bh": 0.02972323784238351,
    "trades": {
      "chosen_buys": 16,
      "chosen_sells": 90,
      "chosen_holds": 9,
      "executed_buys": 2,
      "executed_sells": 2,
      "invalid_actions": 102
    }
  },
  "INFY": {
    "return": 0.029803573179428833,
    "max_drawdown": -0.10868350185458052,
    "sharpe": 0.3201885559774226,
    "buy_hold": {
      "return": 0.11654608828095259,
      "max_drawdown": -0.10868350185458055,
      "sharpe": 1.031910981822248
    },
    "excess_return_vs_bh": -0.08674251510152375,
    "trades": {
      "chosen_buys": 4,
      "chosen_sells": 65,
      "chosen_holds": 46,
      "executed_buys": 3,
      "executed_sells": 3,
      "invalid_actions": 64
    }
  },
  "ITC": {
    "return": 0.028796454392589377,
    "max_drawdown": -0.12551144531681957,
    "sharpe": 0.25883512072868287,
    "buy_hold": {
      "return": 0.029316367265469045,
      "max_drawdown": -0.12551144531681957,
      "sharpe": 0.2538486653051062
    },
    "excess_return_vs_bh": -0.0005199128728796687,
    "trades": {
      "chosen_buys": 57,
      "chosen_sells": 1,
      "chosen_holds": 57,
      "executed_buys": 2,
      "executed_sells": 2,
      "invalid_actions": 55
    }
  },
  "JSWSTEEL": {
    "return": -0.045380380438996615,
    "max_drawdown": -0.13487633529015478,
    "sharpe": -0.36848828011164014,
    "buy_hold": {
      "return": -0.03515079961360956,
      "max_drawdown": -0.1348763352901549,
      "sharpe": -0.28952041678134377
    },
    "excess_return_vs_bh": -0.010229580825387052,
    "trades": {
      "chosen_buys": 20,
      "chosen_sells": 1,
      "chosen_holds": 94,
      "executed_buys": 2,
      "executed_sells": 2,
      "invalid_actions": 18
    }
  },
  "MARUTI": {
    "return": 0.0,
    "max_drawdown": 0.0,
    "sharpe": 0.0,
    "buy_hold": {
      "return": -0.1459195900015422,
      "max_drawdown": -0.20443700168943946,
      "sharpe": -1.4169504754754652
    },
    "excess_return_vs_bh": 0.1459195900015422,
    "trades": {
      "chosen_buys": 0,
      "chosen_sells": 115,
      "chosen_holds": 0,
      "executed_buys": 0,
      "executed_sells": 0,
      "invalid_actions": 115
    }
  },
  "NTPC": {
    "return": -0.15825888332782845,
    "max_drawdown": -0.25225631768953066,
    "sharpe": -1.3586665359961576,
    "buy_hold": {
      "return": -0.14067159341371716,
      "max_drawdown": -0.2522563176895308,
      "sharpe": -1.2211789984020982
    },
    "excess_return_vs_bh": -0.017587289914111293,
    "trades": {
      "chosen_buys": 22,
      "chosen_sells": 1,
      "chosen_holds": 92,
      "executed_buys": 2,
      "executed_sells": 2,
      "invalid_actions": 20
    }
  },
  "RELIANCE": {
    "return": -0.15390806516656286,
    "max_drawdown": -0.21026077840387894,
    "sharpe": -1.843110310526813,
    "buy_hold": {
      "return": -0.2419859754570498,
      "max_drawdown": -0.24536689206110696,
      "sharpe": -3.011143693673078
    },
    "excess_return_vs_bh": 0.08807791029048695,
    "trades": {
      "chosen_buys": 14,
      "chosen_sells": 15,
      "chosen_holds": 86,
      "executed_buys": 2,
      "executed_sells": 2,
      "invalid_actions": 26
    }
  },
  "SBIN": {
    "return": 0.0,
    "max_drawdown": 0.0,
    "sharpe": 0.0,
    "buy_hold": {
      "return": -0.10557667215067801,
      "max_drawdown": -0.13983548766157458,
      "sharpe": -0.9362767676403154
    },
    "excess_return_vs_bh": 0.10557667215067801,
    "trades": {
      "chosen_buys": 0,
      "chosen_sells": 115,
      "chosen_holds": 0,
      "executed_buys": 0,
      "executed_sells": 0,
      "invalid_actions": 115
    }
  },
  "TATASTEEL": {
    "return": 0.0,
    "max_drawdown": 0.0,
    "sharpe": 0.0,
    "buy_hold": {
      "return": -0.17918507609229273,
      "max_drawdown": -0.18790601663529852,
      "sharpe": -1.433688647656228
    },
    "excess_return_vs_bh": 0.17918507609229273,
    "trades": {
      "chosen_buys": 0,
      "chosen_sells": 115,
      "chosen_holds": 0,
      "executed_buys": 0,
      "executed_sells": 0,
      "invalid_actions": 115
    }
  },
  "TCS": {
    "return": 0.03458054410027778,
    "max_drawdown": -0.009284893326078958,
    "sharpe": 1.1766193924056179,
    "buy_hold": {
      "return": -0.0024944833541206135,
      "max_drawdown": -0.1294757068350261,
      "sharpe": -0.019791651245629243
    },
    "excess_return_vs_bh": 0.03707502745439839,
    "trades": {
      "chosen_buys": 5,
      "chosen_sells": 110,
      "chosen_holds": 0,
      "executed_buys": 5,
      "executed_sells": 5,
      "invalid_actions": 105
    }
  },
  "TMPV": {
    "return": 0.0,
    "max_drawdown": 0.0,
    "sharpe": 0.0,
    "buy_hold": {
      "return": -0.283901609130219,
      "max_drawdown": -0.3783986499156197,
      "sharpe": -2.045231768323485
    },
    "excess_return_vs_bh": 0.283901609130219,
    "trades": {
      "chosen_buys": 0,
      "chosen_sells": 115,
      "chosen_holds": 0,
      "executed_buys": 0,
      "executed_sells": 0,
      "invalid_actions": 115
    }
  }
}