{
  "HCLTECH": {
    "return": 0.21517855687433696,
    "max_drawdown": -0.061092560438092705,
    "sharpe": 1.944798016402492,
    "buy_hold": {
      "return": 0.22894367991845077,
      "max_drawdown": -0.0610925604380926,
      "sharpe": 2.0682029457179767
    },
    "excess_return_vs_bh": -0.013765123044113814,
    "trades": {
      "chosen_buys": 8,
      "chosen_sells": 6,
      "chosen_holds": 101,
      "executed_buys": 7,
      "executed_sells": 7,
      "invalid_actions": 1
    }
  },
  "HDFCBANK": {
    "return": 0.07196806086711494,
    "max_drawdown": -0.07783738445737758,
    "sharpe": 0.728605180497614,
    "buy_hold": {
      "return": 0.09617755856966714,
      "max_drawdown": -0.09285634181899745,
      "sharpe": 1.0276887181776813
    },
    "excess_return_vs_bh": -0.024209497702552207,
    "trades": {
      "chosen_buys": 5,
      "chosen_sells": 4,
      "chosen_holds": 106,
      "executed_buys": 5,
      "executed_sells": 5,
      "invalid_actions": 0
    }
  },
  "HINDUNILVR": {
    "return": -0.0991280629252812,
    "max_drawdown": -0.22974690858661725,
    "sharpe": -1.0852561815392399,
    "buy_hold": {
      "return": -0.10563675914971571,
      "max_drawdown": -0.22974690858661734,
      "sharpe": -1.133894334827567
    },
    "excess_return_vs_bh": 0.006508696224434507,
    "trades": {
      "chosen_buys": 42,
      "chosen_sells": 2,
      "chosen_holds": 71,
      "executed_buys": 3,
      "executed_sells": 3,
      "invalid_actions": 39
    }
  },
  "ICICIBANK": {
    "return": 0.07567402056934647,
    "max_drawdown": -0.07090298328401157,
    "sharpe": 0.8322512132187657,
    "buy_hold": {
      "return": 0.05260376438066583,
      "max_drawdown": -0.08625649071687407,
      "sharpe": 0.5525340074306977
    },
    "excess_return_vs_bh": 0.023070256188680638,
    "trades": {
      "chosen_buys": 8,
      "chosen_sells": 7,
      "chosen_holds": 100,
      "executed_buys": 8,
      "executed_sells": 8,
      "invalid_actions": 0
    }
  },
  "INFY": {
    "return": 0.0956780323837334,
    "max_drawdown": -0.10868350185458069,
    "sharpe": 0.8423412370769779,
    "buy_hold": {
      "return": 0.11654608828095259,
      "max_drawdown": -0.10868350185458055,
      "sharpe": 1.031910981822248
    },
    "excess_return_vs_bh": -0.020868055897219184,
    "trades": {
      "chosen_buys": 11,
      "chosen_sells": 5,
      "chosen_holds": 99,
      "executed_buys": 6,
      "executed_sells": 6,
      "invalid_actions": 5
    }
  },
  "ITC": {
    "return": 0.01803705001636846,
    "max_drawdown": -0.12551144531681963,
    "sharpe": 0.16639237678144908,
    "buy_hold": {
      "return": 0.029316367265469045,
      "max_drawdown": -0.12551144531681957,
      "sharpe": 0.2538486653051062
    },
    "excess_return_vs_bh": -0.011279317249100584,
    "trades": {
      "chosen_buys": 41,
      "chosen_sells": 4,
      "chosen_holds": 70,
      "executed_buys": 5,
      "executed_sells": 5,
      "invalid_actions": 36
    }
  },
  "JSWSTEEL": {
    "return": -0.03784081124750771,
    "max_drawdown": -0.13487633529015478,
    "sharpe": -0.30483060065821405,
    "buy_hold": {
      "return": -0.03515079961360956,
      "max_drawdown": -0.1348763352901549,
      "sharpe": -0.28952041678134377
    },
    "excess_return_vs_bh": -0.0026900116338981483,
    "trades": {
      "chosen_buys": 13,
      "chosen_sells": 2,
      "chosen_holds": 100,
      "executed_buys": 3,
      "executed_sells": 3,
      "invalid_actions": 10
    }
  },
  "MARUTI": {
    "return": -0.00042757269417204036,
    "max_drawdown": -0.015282295603093354,
    "sharpe": -0.031173237160291096,
    "buy_hold": {
      "return": -0.1459195900015422,
      "max_drawdown": -0.20443700168943946,
      "sharpe": -1.4169504754754652
    },
    "excess_return_vs_bh": 0.14549201730737016,
    "trades": {
      "chosen_buys": 7,
      "chosen_sells": 108,
      "chosen_holds": 0,
      "executed_buys": 7,
      "executed_sells": 7,
      "invalid_actions": 101
    }
  },
  "NTPC": {
    "return": -0.15876500085333112,
    "max_drawdown": -0.24774233128834378,
    "sharpe": -1.2952599654754906,
    "buy_hold": {
      "return": -0.14067159341371716,
      "max_drawdown": -0.2522563176895308,
      "sharpe": -1.2211789984020982
    },
    "excess_return_vs_bh": -0.018093407439613962,
    "trades": {
      "chosen_buys": 38,
      "chosen_sells": 3,
      "chosen_holds": 74,
      "executed_buys": 4,
      "executed_sells": 4,
      "invalid_actions": 34
    }
  },
  "RELIANCE": {
    "return": -0.2427439894815927,
    "max_drawdown": -0.24536689206110696,
    "sharpe": -3.0111436936730853,
    "buy_hold": {
      "return": -0.2419859754570498,
      "max_drawdown": -0.24536689206110696,
      "sharpe": -3.011143693673078
    },
    "excess_return_vs_bh": -0.0007580140245428968,
    "trades": {
      "chosen_buys": 63,
      "chosen_sells": 0,
      "chosen_holds": 52,
      "executed_buys": 1,
      "executed_sells": 1,
      "invalid_actions": 62
    }
  },
  "SBIN": {
    "return": -0.13543323410548558,
    "max_drawdown": -0.1488222720672762,
    "sharpe": -1.515901467404643,
    "buy_hold": {
      "return": -0.10557667215067801,
      "max_drawdown": -0.13983548766157458,
      "sharpe": -0.9362767676403154
    },
    "excess_return_vs_bh": -0.02985656195480757,
    "trades": {
      "chosen_buys": 45,
      "chosen_sells": 45,
      "chosen_holds": 25,
      "executed_buys": 45,
      "executed_sells": 45,
      "invalid_actions": 0
    }
  },
  "TATASTEEL": {
    "return": -0.261599467140753,
    "max_drawdown": -0.26613923570690035,
    "sharpe": -4.289579624276368,
    "buy_hold": {
      "return": -0.17918507609229273,
      "max_drawdown": -0.18790601663529852,
      "sharpe": -1.433688647656228
    },
    "excess_return_vs_bh": -0.08241439104846027,
    "trades": {
      "chosen_buys": 41,
      "chosen_sells": 74,
      "chosen_holds": 0,
      "executed_buys": 41,
      "executed_sells": 41,
      "invalid_actions": 33
    }
  },
  "TCS": {
    "return": -0.007363728675904957,
    "max_drawdown": -0.12947570683502616,
    "sharpe": -0.05064824957289489,
    "buy_hold": {
      "return": -0.0024944833541206135,
      "max_drawdown": -0.1294757068350261,
      "sharpe": -0.019791651245629243
    },
    "excess_return_vs_bh": -0.0048692453217843434,
    "trades": {
      "chosen_buys": 3,
      "chosen_sells": 2,
      "chosen_holds": 110,
      "executed_buys": 3,
      "executed_sells": 3,
      "invalid_actions": 0
    }
  },
  "TMPV": {
    "return": -0.2764262048308689,
    "max_drawdown": -0.30751526316516214,
    "sharpe": -3.0844296171471757,
    "buy_hold": {
      "return": -0.283901609130219,
      "max_drawdown": -0.3783986499156197,
      "sharpe": -2.045231768323485
    },
    "excess_return_vs_bh": 0.007475404299350119,
    "trades": {
      "chosen_buys": 58,
      "chosen_sells": 57,
      "chosen_holds": 0,
      "executed_buys": 58,
      "executed_sells": 58,
      "invalid_actions": 0
    }
  }
}