{
  "HCLTECH": {
    "return": 0.0,
    "max_drawdown": 0.0,
    "sharpe": 0.0,
    "buy_hold": {
      "return": 0.22894367991845077,
      "max_drawdown": -0.0610925604380926,
      "sharpe": 2.0682029457179767
    },
    "excess_return_vs_bh": -0.22894367991845077,
    "trades": {
      "chosen_buys": 0,
      "chosen_sells": 115,
      "chosen_holds": 0,
      "executed_buys": 0,
      "executed_sells": 0,
      "invalid_actions": 115
    }
  },
  "HDFCBANK": {
    "return": 0.06472743930931668,
    "max_drawdown": -0.09285634181899752,
    "sharpe": 0.6814105322191955,
    "buy_hold": {
      "return": 0.09617755856966714,
      "max_drawdown": -0.09285634181899745,
      "sharpe": 1.0276887181776813
    },
    "excess_return_vs_bh": -0.03145011926035046,
    "trades": {
      "chosen_buys": 63,
      "chosen_sells": 4,
      "chosen_holds": 48,
      "executed_buys": 5,
      "executed_sells": 5,
      "invalid_actions": 58
    }
  },
  "HINDUNILVR": {
    "return": 0.0,
    "max_drawdown": 0.0,
    "sharpe": 0.0,
    "buy_hold": {
      "return": -0.10563675914971571,
      "max_drawdown": -0.22974690858661734,
      "sharpe": -1.133894334827567
    },
    "excess_return_vs_bh": 0.10563675914971571,
    "trades": {
      "chosen_buys": 0,
      "chosen_sells": 92,
      "chosen_holds": 23,
      "executed_buys": 0,
      "executed_sells": 0,
      "invalid_actions": 92
    }
  },
  "ICICIBANK": {
    "return": 0.1013613288817441,
    "max_drawdown": -0.04900285790496531,
    "sharpe": 1.2590488641194522,
    "buy_hold": {
      "return": 0.05260376438066583,
      "max_drawdown": -0.08625649071687407,
      "sharpe": 0.5525340074306977
    },
    "excess_return_vs_bh": 0.048757564501078265,
    "trades": {
      "chosen_buys": 3,
      "chosen_sells": 2,
      "chosen_holds": 110,
      "executed_buys": 3,
      "executed_sells": 3,
      "invalid_actions": 0
    }
  },
  "INFY": {
    "return": 0.0,
    "max_drawdown": 0.0,
    "sharpe": 0.0,
    "buy_hold": {
      "return": 0.11654608828095259,
      "max_drawdown": -0.10868350185458055,
      "sharpe": 1.031910981822248
    },
    "excess_return_vs_bh": -0.11654608828095259,
    "trades": {
      "chosen_buys": 0,
      "chosen_sells": 115,
      "chosen_holds": 0,
      "executed_buys": 0,
      "executed_sells": 0,
      "invalid_actions": 115
    }
  },
  "ITC": {
    "return": 0.018952650046219377,
    "max_drawdown": -0.12551144531681957,
    "sharpe": 0.17001463044521384,
    "buy_hold": {
      "return": 0.029316367265469045,
      "max_drawdown": -0.12551144531681957,
      "sharpe": 0.2538486653051062
    },
    "excess_return_vs_bh": -0.010363717219249668,
    "trades": {
      "chosen_buys": 113,
      "chosen_sells": 2,
      "chosen_holds": 0,
      "executed_buys": 3,
      "executed_sells": 3,
      "invalid_actions": 110
    }
  },
  "JSWSTEEL": {
    "return": -0.016975671413770543,
    "max_drawdown": -0.13126863361547755,
    "sharpe": -0.13978587683243582,
    "buy_hold": {
      "return": -0.03515079961360956,
      "max_drawdown": -0.1348763352901549,
      "sharpe": -0.28952041678134377
    },
    "excess_return_vs_bh": 0.01817512819983902,
    "trades": {
      "chosen_buys": 13,
      "chosen_sells": 6,
      "chosen_holds": 96,
      "executed_buys": 7,
      "executed_sells": 7,
      "invalid_actions": 6
    }
  },
  "MARUTI": {
    "return": 0.0,
    "max_drawdown": 0.0,
    "sharpe": 0.0,
    "buy_hold": {
      "return": -0.1459195900015422,
      "max_drawdown": -0.20443700168943946,
      "sharpe": -1.4169504754754652
    },
    "excess_return_vs_bh": 0.1459195900015422,
    "trades": {
      "chosen_buys": 0,
      "chosen_sells": 115,
      "chosen_holds": 0,
      "executed_buys": 0,
      "executed_sells": 0,
      "invalid_actions": 115
    }
  },
  "NTPC": {
    "return": -0.16059126130800883,
    "max_drawdown": -0.2522563176895308,
    "sharpe": -1.314842731664115,
    "buy_hold": {
      "return": -0.14067159341371716,
      "max_drawdown": -0.2522563176895308,
      "sharpe": -1.2211789984020982
    },
    "excess_return_vs_bh": -0.01991966789429167,
    "trades": {
      "chosen_buys": 109,
      "chosen_sells": 2,
      "chosen_holds": 4,
      "executed_buys": 3,
      "executed_sells": 3,
      "invalid_actions": 106
    }
  },
  "RELIANCE": {
    "return": -0.16598640388486186,
    "max_drawdown": -0.1845491670052824,
    "sharpe": -2.361582306491167,
    "buy_hold": {
      "return": -0.2419859754570498,
      "max_drawdown": -0.24536689206110696,
      "sharpe": -3.011143693673078
    },
    "excess_return_vs_bh": 0.07599957157218795,
    "trades": {
      "chosen_buys": 12,
      "chosen_sells": 1,
      "chosen_holds": 102,
      "executed_buys": 2,
      "executed_sells": 2,
      "invalid_actions": 10
    }
  },
  "SBIN": {
    "return": -0.08842261835860632,
    "max_drawdown": -0.11938588450962415,
    "sharpe": -0.8054374194620733,
    "buy_hold": {
      "return": -0.10557667215067801,
      "max_drawdown": -0.13983548766157458,
      "sharpe": -0.9362767676403154
    },
    "excess_return_vs_bh": 0.01715405379207169,
    "trades": {
      "chosen_buys": 1,
      "chosen_sells": 0,
      "chosen_holds": 114,
      "executed_buys": 1,
      "executed_sells": 1,
      "invalid_actions": 0
    }
  },
  "TATASTEEL": {
    "return": -0.18000589101620035,
    "max_drawdown": -0.18790601663529838,
    "sharpe": -1.4336886476562274,
    "buy_hold": {
      "return": -0.17918507609229273,
      "max_drawdown": -0.18790601663529852,
      "sharpe": -1.433688647656228
    },
    "excess_return_vs_bh": -0.0008208149239076201,
    "trades": {
      "chosen_buys": 3,
      "chosen_sells": 0,
      "chosen_holds": 112,
      "executed_buys": 1,
      "executed_sells": 1,
      "invalid_actions": 2
    }
  },
  "TCS": {
    "return": 0.0027222804634567943,
    "max_drawdown": -0.07642765689498354,
    "sharpe": 0.03696607073084288,
    "buy_hold": {
      "return": -0.0024944833541206135,
      "max_drawdown": -0.1294757068350261,
      "sharpe": -0.019791651245629243
    },
    "excess_return_vs_bh": 0.005216763817577408,
    "trades": {
      "chosen_buys": 2,
      "chosen_sells": 51,
      "chosen_holds": 62,
      "executed_buys": 2,
      "executed_sells": 2,
      "invalid_actions": 49
    }
  },
  "TMPV": {
    "return": -0.20833871971929951,
    "max_drawdown": -0.35610229847847186,
    "sharpe": -1.8375026455649335,
    "buy_hold": {
      "return": -0.283901609130219,
      "max_drawdown": -0.3783986499156197,
      "sharpe": -2.045231768323485
    },
    "excess_return_vs_bh": 0.07556288941091949,
    "trades": {
      "chosen_buys": 3,
      "chosen_sells": 2,
      "chosen_holds": 110,
      "executed_buys": 3,
      "executed_sells": 3,
      "invalid_actions": 0
    }
  }
}