{
  "HCLTECH": {
    "return": 0.10500527857117037,
    "max_drawdown": -0.27299629207073584,
    "sharpe": 0.24358829396687806,
    "buy_hold": {
      "return": 0.1095644926026258,
      "max_drawdown": -0.36292443457425044,
      "sharpe": 0.18032071336732836
    },
    "excess_return_vs_bh": -0.0045592140314554275,
    "trades": {
      "buys": 229,
      "sells": 239,
      "holds": 0
    }
  },
  "HDFCBANK": {
    "return": 0.7199513381995137,
    "max_drawdown": -0.185611290075165,
    "sharpe": 0.9331579805847594,
    "buy_hold": {
      "return": 0.2511504424778763,
      "max_drawdown": -0.2786421499292786,
      "sharpe": 0.3591545188371405
    },
    "excess_return_vs_bh": 0.4688008957216374,
    "trades": {
      "buys": 314,
      "sells": 0,
      "holds": 154
    }
  },
  "HINDUNILVR": {
    "return": 0.0,
    "max_drawdown": 0.0,
    "sharpe": 0.0,
    "buy_hold": {
      "return": -0.1537699040388062,
      "max_drawdown": -0.3174290867355305,
      "sharpe": -0.38462604075359774
    },
    "excess_return_vs_bh": 0.1537699040388062,
    "trades": {
      "buys": 0,
      "sells": 468,
      "holds": 0
    }
  },
  "ICICIBANK": {
    "return": 0.48644853250947895,
    "max_drawdown": -0.14118256284718925,
    "sharpe": 0.75859555235564,
    "buy_hold": {
      "return": 0.4795918367346941,
      "max_drawdown": -0.14118256284718933,
      "sharpe": 0.6678983956683344
    },
    "excess_return_vs_bh": 0.006856695774784871,
    "trades": {
      "buys": 441,
      "sells": 0,
      "holds": 27
    }
  },
  "INFY": {
    "return": 0.18519726380631796,
    "max_drawdown": -0.21726096003950202,
    "sharpe": 0.47718362121076946,
    "buy_hold": {
      "return": 0.05543062295340673,
      "max_drawdown": -0.3514309028384916,
      "sharpe": 0.0880434713684405
    },
    "excess_return_vs_bh": 0.12976664085291123,
    "trades": {
      "buys": 229,
      "sells": 239,
      "holds": 0
    }
  },
  "ITC": {
    "return": 1.2523136966126667,
    "max_drawdown": -0.337496283080583,
    "sharpe": 0.5767779799208149,
    "buy_hold": {
      "return": -0.0347682119205297,
      "max_drawdown": -0.4963106796116504,
      "sharpe": -0.02249449839209485
    },
    "excess_return_vs_bh": 1.2870819085331964,
    "trades": {
      "buys": 114,
      "sells": 233,
      "holds": 121
    }
  }
}