{
  "HCLTECH": {
    "return": -0.03742000795401146,
    "max_drawdown": -0.36292443457425033,
    "sharpe": -0.06869097333791284,
    "buy_hold": {
      "return": 0.1095644926026258,
      "max_drawdown": -0.36292443457425044,
      "sharpe": 0.18032071336732836
    },
    "excess_return_vs_bh": -0.14698450055663725,
    "trades": {
      "buys": 229,
      "sells": 0,
      "holds": 239
    }
  },
  "HDFCBANK": {
    "return": 0.7199513381995137,
    "max_drawdown": -0.185611290075165,
    "sharpe": 0.9331579805847594,
    "buy_hold": {
      "return": 0.2511504424778763,
      "max_drawdown": -0.2786421499292786,
      "sharpe": 0.3591545188371405
    },
    "excess_return_vs_bh": 0.4688008957216374,
    "trades": {
      "buys": 468,
      "sells": 0,
      "holds": 0
    }
  },
  "HINDUNILVR": {
    "return": 0.0,
    "max_drawdown": 0.0,
    "sharpe": 0.0,
    "buy_hold": {
      "return": -0.1537699040388062,
      "max_drawdown": -0.3174290867355305,
      "sharpe": -0.38462604075359774
    },
    "excess_return_vs_bh": 0.1537699040388062,
    "trades": {
      "buys": 0,
      "sells": 0,
      "holds": 468
    }
  },
  "ICICIBANK": {
    "return": 0.48644853250947895,
    "max_drawdown": -0.14118256284718925,
    "sharpe": 0.75859555235564,
    "buy_hold": {
      "return": 0.4795918367346941,
      "max_drawdown": -0.14118256284718933,
      "sharpe": 0.6678983956683344
    },
    "excess_return_vs_bh": 0.006856695774784871,
    "trades": {
      "buys": 468,
      "sells": 0,
      "holds": 0
    }
  },
  "INFY": {
    "return": -0.041902442518444105,
    "max_drawdown": -0.35143090283849154,
    "sharpe": -0.07620197578235866,
    "buy_hold": {
      "return": 0.05543062295340673,
      "max_drawdown": -0.3514309028384916,
      "sharpe": 0.0880434713684405
    },
    "excess_return_vs_bh": -0.09733306547185083,
    "trades": {
      "buys": 229,
      "sells": 0,
      "holds": 239
    }
  },
  "ITC": {
    "return": 0.7172312223858621,
    "max_drawdown": -0.37916549985998327,
    "sharpe": 0.36553009649746143,
    "buy_hold": {
      "return": -0.0347682119205297,
      "max_drawdown": -0.4963106796116504,
      "sharpe": -0.02249449839209485
    },
    "excess_return_vs_bh": 0.7519994343063918,
    "trades": {
      "buys": 235,
      "sells": 0,
      "holds": 233
    }
  }
}