{
  "HCLTECH": {
    "return": 0.03043743650072206,
    "max_drawdown": -0.061203892839954976,
    "sharpe": 0.36307141824982586,
    "buy_hold": {
      "return": 0.22894367991845077,
      "max_drawdown": -0.0610925604380926,
      "sharpe": 2.0682029457179767
    },
    "excess_return_vs_bh": -0.1985062434177287,
    "trades": {
      "chosen_buys": 37,
      "chosen_sells": 0,
      "chosen_holds": 78,
      "executed_buys": 1,
      "executed_sells": 1,
      "invalid_actions": 36
    }
  },
  "HDFCBANK": {
    "return": 0.07900487962457303,
    "max_drawdown": -0.09285634181899753,
    "sharpe": 1.0233332778933153,
    "buy_hold": {
      "return": 0.09617755856966714,
      "max_drawdown": -0.09285634181899745,
      "sharpe": 1.0276887181776813
    },
    "excess_return_vs_bh": -0.01717267894509411,
    "trades": {
      "chosen_buys": 75,
      "chosen_sells": 2,
      "chosen_holds": 38,
      "executed_buys": 3,
      "executed_sells": 3,
      "invalid_actions": 72
    }
  },
  "HINDUNILVR": {
    "return": -0.06595440491253346,
    "max_drawdown": -0.21879709319848628,
    "sharpe": -0.7643124197990255,
    "buy_hold": {
      "return": -0.10563675914971571,
      "max_drawdown": -0.22974690858661734,
      "sharpe": -1.133894334827567
    },
    "excess_return_vs_bh": 0.03968235423718225,
    "trades": {
      "chosen_buys": 108,
      "chosen_sells": 5,
      "chosen_holds": 2,
      "executed_buys": 6,
      "executed_sells": 6,
      "invalid_actions": 102
    }
  },
  "ICICIBANK": {
    "return": 0.013077390580204407,
    "max_drawdown": -0.08717023422615724,
    "sharpe": 0.14903812830301338,
    "buy_hold": {
      "return": 0.05260376438066583,
      "max_drawdown": -0.08625649071687407,
      "sharpe": 0.5525340074306977
    },
    "excess_return_vs_bh": -0.03952637380046142,
    "trades": {
      "chosen_buys": 107,
      "chosen_sells": 1,
      "chosen_holds": 7,
      "executed_buys": 2,
      "executed_sells": 2,
      "invalid_actions": 105
    }
  },
  "INFY": {
    "return": -0.022814913653742552,
    "max_drawdown": -0.10868350185458044,
    "sharpe": -0.2608537249864525,
    "buy_hold": {
      "return": 0.11654608828095259,
      "max_drawdown": -0.10868350185458055,
      "sharpe": 1.031910981822248
    },
    "excess_return_vs_bh": -0.13936100193469514,
    "trades": {
      "chosen_buys": 49,
      "chosen_sells": 0,
      "chosen_holds": 66,
      "executed_buys": 1,
      "executed_sells": 1,
      "invalid_actions": 48
    }
  },
  "ITC": {
    "return": 0.03898873969124139,
    "max_drawdown": -0.12551144531681954,
    "sharpe": 0.3505876613642195,
    "buy_hold": {
      "return": 0.029316367265469045,
      "max_drawdown": -0.12551144531681957,
      "sharpe": 0.2538486653051062
    },
    "excess_return_vs_bh": 0.009672372425772346,
    "trades": {
      "chosen_buys": 114,
      "chosen_sells": 1,
      "chosen_holds": 0,
      "executed_buys": 2,
      "executed_sells": 2,
      "invalid_actions": 112
    }
  },
  "JSWSTEEL": {
    "return": 0.0,
    "max_drawdown": 0.0,
    "sharpe": 0.0,
    "buy_hold": {
      "return": -0.03515079961360956,
      "max_drawdown": -0.1348763352901549,
      "sharpe": -0.28952041678134377
    },
    "excess_return_vs_bh": 0.03515079961360956,
    "trades": {
      "chosen_buys": 0,
      "chosen_sells": 0,
      "chosen_holds": 115,
      "executed_buys": 0,
      "executed_sells": 0,
      "invalid_actions": 0
    }
  },
  "MARUTI": {
    "return": -0.060531552478610084,
    "max_drawdown": -0.06595577036117817,
    "sharpe": -0.812692249617741,
    "buy_hold": {
      "return": -0.1459195900015422,
      "max_drawdown": -0.20443700168943946,
      "sharpe": -1.4169504754754652
    },
    "excess_return_vs_bh": 0.08538803752293211,
    "trades": {
      "chosen_buys": 43,
      "chosen_sells": 72,
      "chosen_holds": 0,
      "executed_buys": 1,
      "executed_sells": 1,
      "invalid_actions": 114
    }
  },
  "NTPC": {
    "return": -0.13551471314596764,
    "max_drawdown": -0.25225631768953066,
    "sharpe": -1.1676535816534344,
    "buy_hold": {
      "return": -0.14067159341371716,
      "max_drawdown": -0.2522563176895308,
      "sharpe": -1.2211789984020982
    },
    "excess_return_vs_bh": 0.00515688026774952,
    "trades": {
      "chosen_buys": 114,
      "chosen_sells": 1,
      "chosen_holds": 0,
      "executed_buys": 2,
      "executed_sells": 2,
      "invalid_actions": 112
    }
  },
  "RELIANCE": {
    "return": -0.2427439894815927,
    "max_drawdown": -0.24536689206110696,
    "sharpe": -3.0111436936730853,
    "buy_hold": {
      "return": -0.2419859754570498,
      "max_drawdown": -0.24536689206110696,
      "sharpe": -3.011143693673078
    },
    "excess_return_vs_bh": -0.0007580140245428968,
    "trades": {
      "chosen_buys": 115,
      "chosen_sells": 0,
      "chosen_holds": 0,
      "executed_buys": 1,
      "executed_sells": 1,
      "invalid_actions": 114
    }
  },
  "SBIN": {
    "return": -0.10647109547852729,
    "max_drawdown": -0.13983548766157458,
    "sharpe": -0.936276767640314,
    "buy_hold": {
      "return": -0.10557667215067801,
      "max_drawdown": -0.13983548766157458,
      "sharpe": -0.9362767676403154
    },
    "excess_return_vs_bh": -0.0008944233278492808,
    "trades": {
      "chosen_buys": 105,
      "chosen_sells": 0,
      "chosen_holds": 10,
      "executed_buys": 1,
      "executed_sells": 1,
      "invalid_actions": 104
    }
  },
  "TATASTEEL": {
    "return": -0.18000589101620035,
    "max_drawdown": -0.18790601663529838,
    "sharpe": -1.4336886476562274,
    "buy_hold": {
      "return": -0.17918507609229273,
      "max_drawdown": -0.18790601663529852,
      "sharpe": -1.433688647656228
    },
    "excess_return_vs_bh": -0.0008208149239076201,
    "trades": {
      "chosen_buys": 115,
      "chosen_sells": 0,
      "chosen_holds": 0,
      "executed_buys": 1,
      "executed_sells": 1,
      "invalid_actions": 114
    }
  },
  "TCS": {
    "return": 0.12565426799704338,
    "max_drawdown": -0.030971558478066746,
    "sharpe": 2.3207607836500186,
    "buy_hold": {
      "return": -0.0024944833541206135,
      "max_drawdown": -0.1294757068350261,
      "sharpe": -0.019791651245629243
    },
    "excess_return_vs_bh": 0.128148751351164,
    "trades": {
      "chosen_buys": 34,
      "chosen_sells": 35,
      "chosen_holds": 46,
      "executed_buys": 4,
      "executed_sells": 4,
      "invalid_actions": 61
    }
  },
  "TMPV": {
    "return": -0.2493381434096995,
    "max_drawdown": -0.2728136882129278,
    "sharpe": -2.5318476087680706,
    "buy_hold": {
      "return": -0.283901609130219,
      "max_drawdown": -0.3783986499156197,
      "sharpe": -2.045231768323485
    },
    "excess_return_vs_bh": 0.03456346572051949,
    "trades": {
      "chosen_buys": 75,
      "chosen_sells": 34,
      "chosen_holds": 6,
      "executed_buys": 1,
      "executed_sells": 1,
      "invalid_actions": 108
    }
  }
}