{
  "HCLTECH": {
    "return": 0.0,
    "max_drawdown": 0.0,
    "sharpe": 0.0,
    "buy_hold": {
      "return": 0.22894367991845077,
      "max_drawdown": -0.0610925604380926,
      "sharpe": 2.0682029457179767
    },
    "excess_return_vs_bh": -0.22894367991845077,
    "trades": {
      "chosen_buys": 0,
      "chosen_sells": 115,
      "chosen_holds": 0,
      "executed_buys": 0,
      "executed_sells": 0,
      "invalid_actions": 115
    }
  },
  "HDFCBANK": {
    "return": 0.08633094587536205,
    "max_drawdown": -0.09285634181899746,
    "sharpe": 0.9455745021644262,
    "buy_hold": {
      "return": 0.09617755856966714,
      "max_drawdown": -0.09285634181899745,
      "sharpe": 1.0276887181776813
    },
    "excess_return_vs_bh": -0.00984661269430509,
    "trades": {
      "chosen_buys": 63,
      "chosen_sells": 4,
      "chosen_holds": 48,
      "executed_buys": 4,
      "executed_sells": 4,
      "invalid_actions": 59
    }
  },
  "HINDUNILVR": {
    "return": 0.0,
    "max_drawdown": 0.0,
    "sharpe": 0.0,
    "buy_hold": {
      "return": -0.10563675914971571,
      "max_drawdown": -0.22974690858661734,
      "sharpe": -1.133894334827567
    },
    "excess_return_vs_bh": 0.10563675914971571,
    "trades": {
      "chosen_buys": 0,
      "chosen_sells": 104,
      "chosen_holds": 11,
      "executed_buys": 0,
      "executed_sells": 0,
      "invalid_actions": 104
    }
  },
  "ICICIBANK": {
    "return": 0.0,
    "max_drawdown": 0.0,
    "sharpe": 0.0,
    "buy_hold": {
      "return": 0.05260376438066583,
      "max_drawdown": -0.08625649071687407,
      "sharpe": 0.5525340074306977
    },
    "excess_return_vs_bh": -0.05260376438066583,
    "trades": {
      "chosen_buys": 0,
      "chosen_sells": 114,
      "chosen_holds": 1,
      "executed_buys": 0,
      "executed_sells": 0,
      "invalid_actions": 114
    }
  },
  "INFY": {
    "return": 0.0,
    "max_drawdown": 0.0,
    "sharpe": 0.0,
    "buy_hold": {
      "return": 0.11654608828095259,
      "max_drawdown": -0.10868350185458055,
      "sharpe": 1.031910981822248
    },
    "excess_return_vs_bh": -0.11654608828095259,
    "trades": {
      "chosen_buys": 0,
      "chosen_sells": 115,
      "chosen_holds": 0,
      "executed_buys": 0,
      "executed_sells": 0,
      "invalid_actions": 115
    }
  },
  "ITC": {
    "return": 0.03221674739327618,
    "max_drawdown": -0.12551144531681974,
    "sharpe": 0.2873525921134892,
    "buy_hold": {
      "return": 0.029316367265469045,
      "max_drawdown": -0.12551144531681957,
      "sharpe": 0.2538486653051062
    },
    "excess_return_vs_bh": 0.002900380127807134,
    "trades": {
      "chosen_buys": 112,
      "chosen_sells": 3,
      "chosen_holds": 0,
      "executed_buys": 4,
      "executed_sells": 4,
      "invalid_actions": 108
    }
  },
  "JSWSTEEL": {
    "return": 0.0,
    "max_drawdown": 0.0,
    "sharpe": 0.0,
    "buy_hold": {
      "return": -0.03515079961360956,
      "max_drawdown": -0.1348763352901549,
      "sharpe": -0.28952041678134377
    },
    "excess_return_vs_bh": 0.03515079961360956,
    "trades": {
      "chosen_buys": 0,
      "chosen_sells": 44,
      "chosen_holds": 71,
      "executed_buys": 0,
      "executed_sells": 0,
      "invalid_actions": 44
    }
  },
  "MARUTI": {
    "return": -0.02879229358867408,
    "max_drawdown": -0.11820892090112413,
    "sharpe": -0.33554830088521437,
    "buy_hold": {
      "return": -0.1459195900015422,
      "max_drawdown": -0.20443700168943946,
      "sharpe": -1.4169504754754652
    },
    "excess_return_vs_bh": 0.11712729641286812,
    "trades": {
      "chosen_buys": 84,
      "chosen_sells": 31,
      "chosen_holds": 0,
      "executed_buys": 2,
      "executed_sells": 2,
      "invalid_actions": 112
    }
  },
  "NTPC": {
    "return": -0.1570176280736898,
    "max_drawdown": -0.2522563176895308,
    "sharpe": -1.3533466199565656,
    "buy_hold": {
      "return": -0.14067159341371716,
      "max_drawdown": -0.2522563176895308,
      "sharpe": -1.2211789984020982
    },
    "excess_return_vs_bh": -0.01634603465997264,
    "trades": {
      "chosen_buys": 104,
      "chosen_sells": 2,
      "chosen_holds": 9,
      "executed_buys": 3,
      "executed_sells": 3,
      "invalid_actions": 101
    }
  },
  "RELIANCE": {
    "return": 0.0,
    "max_drawdown": 0.0,
    "sharpe": 0.0,
    "buy_hold": {
      "return": -0.2419859754570498,
      "max_drawdown": -0.24536689206110696,
      "sharpe": -3.011143693673078
    },
    "excess_return_vs_bh": 0.2419859754570498,
    "trades": {
      "chosen_buys": 0,
      "chosen_sells": 111,
      "chosen_holds": 4,
      "executed_buys": 0,
      "executed_sells": 0,
      "invalid_actions": 111
    }
  },
  "SBIN": {
    "return": 0.0,
    "max_drawdown": 0.0,
    "sharpe": 0.0,
    "buy_hold": {
      "return": -0.10557667215067801,
      "max_drawdown": -0.13983548766157458,
      "sharpe": -0.9362767676403154
    },
    "excess_return_vs_bh": 0.10557667215067801,
    "trades": {
      "chosen_buys": 0,
      "chosen_sells": 112,
      "chosen_holds": 3,
      "executed_buys": 0,
      "executed_sells": 0,
      "invalid_actions": 112
    }
  },
  "TATASTEEL": {
    "return": -0.15145024258341755,
    "max_drawdown": -0.15216166510375215,
    "sharpe": -1.2449082118615138,
    "buy_hold": {
      "return": -0.17918507609229273,
      "max_drawdown": -0.18790601663529852,
      "sharpe": -1.433688647656228
    },
    "excess_return_vs_bh": 0.02773483350887518,
    "trades": {
      "chosen_buys": 106,
      "chosen_sells": 5,
      "chosen_holds": 4,
      "executed_buys": 2,
      "executed_sells": 2,
      "invalid_actions": 108
    }
  },
  "TCS": {
    "return": 0.0,
    "max_drawdown": 0.0,
    "sharpe": 0.0,
    "buy_hold": {
      "return": -0.0024944833541206135,
      "max_drawdown": -0.1294757068350261,
      "sharpe": -0.019791651245629243
    },
    "excess_return_vs_bh": 0.0024944833541206135,
    "trades": {
      "chosen_buys": 0,
      "chosen_sells": 115,
      "chosen_holds": 0,
      "executed_buys": 0,
      "executed_sells": 0,
      "invalid_actions": 115
    }
  },
  "TMPV": {
    "return": 0.0,
    "max_drawdown": 0.0,
    "sharpe": 0.0,
    "buy_hold": {
      "return": -0.283901609130219,
      "max_drawdown": -0.3783986499156197,
      "sharpe": -2.045231768323485
    },
    "excess_return_vs_bh": 0.283901609130219,
    "trades": {
      "chosen_buys": 0,
      "chosen_sells": 115,
      "chosen_holds": 0,
      "executed_buys": 0,
      "executed_sells": 0,
      "invalid_actions": 115
    }
  }
}