{
  "HCLTECH": {
    "return": 0.1610885716476902,
    "max_drawdown": -0.06109256043809252,
    "sharpe": 1.546613439527701,
    "buy_hold": {
      "return": 0.22894367991845077,
      "max_drawdown": -0.0610925604380926,
      "sharpe": 2.0682029457179767
    },
    "excess_return_vs_bh": -0.06785510827076058,
    "trades": {
      "chosen_buys": 30,
      "chosen_sells": 11,
      "chosen_holds": 74,
      "executed_buys": 10,
      "executed_sells": 10,
      "invalid_actions": 22
    }
  },
  "HDFCBANK": {
    "return": 0.06589850555811627,
    "max_drawdown": -0.09376348547717857,
    "sharpe": 0.7333482059758275,
    "buy_hold": {
      "return": 0.09617755856966714,
      "max_drawdown": -0.09285634181899745,
      "sharpe": 1.0276887181776813
    },
    "excess_return_vs_bh": -0.03027905301155087,
    "trades": {
      "chosen_buys": 97,
      "chosen_sells": 4,
      "chosen_holds": 14,
      "executed_buys": 5,
      "executed_sells": 5,
      "invalid_actions": 92
    }
  },
  "HINDUNILVR": {
    "return": -0.09824093080432716,
    "max_drawdown": -0.21879709319848634,
    "sharpe": -1.099221564534546,
    "buy_hold": {
      "return": -0.10563675914971571,
      "max_drawdown": -0.22974690858661734,
      "sharpe": -1.133894334827567
    },
    "excess_return_vs_bh": 0.007395828345388544,
    "trades": {
      "chosen_buys": 66,
      "chosen_sells": 6,
      "chosen_holds": 43,
      "executed_buys": 7,
      "executed_sells": 7,
      "invalid_actions": 59
    }
  },
  "ICICIBANK": {
    "return": -0.07358318434421107,
    "max_drawdown": -0.09683102178963691,
    "sharpe": -0.940581303472089,
    "buy_hold": {
      "return": 0.05260376438066583,
      "max_drawdown": -0.08625649071687407,
      "sharpe": 0.5525340074306977
    },
    "excess_return_vs_bh": -0.1261869487248769,
    "trades": {
      "chosen_buys": 70,
      "chosen_sells": 13,
      "chosen_holds": 32,
      "executed_buys": 6,
      "executed_sells": 6,
      "invalid_actions": 72
    }
  },
  "INFY": {
    "return": 0.028588123493913598,
    "max_drawdown": -0.13094282622050085,
    "sharpe": 0.2859274141602646,
    "buy_hold": {
      "return": 0.11654608828095259,
      "max_drawdown": -0.10868350185458055,
      "sharpe": 1.031910981822248
    },
    "excess_return_vs_bh": -0.08795796478703899,
    "trades": {
      "chosen_buys": 58,
      "chosen_sells": 13,
      "chosen_holds": 44,
      "executed_buys": 7,
      "executed_sells": 7,
      "invalid_actions": 58
    }
  },
  "ITC": {
    "return": 0.03305474691971555,
    "max_drawdown": -0.12551144531681965,
    "sharpe": 0.2958635657573092,
    "buy_hold": {
      "return": 0.029316367265469045,
      "max_drawdown": -0.12551144531681957,
      "sharpe": 0.2538486653051062
    },
    "excess_return_vs_bh": 0.003738379654246504,
    "trades": {
      "chosen_buys": 113,
      "chosen_sells": 2,
      "chosen_holds": 0,
      "executed_buys": 3,
      "executed_sells": 3,
      "invalid_actions": 110
    }
  },
  "JSWSTEEL": {
    "return": -0.046842085564381075,
    "max_drawdown": -0.14085574375049772,
    "sharpe": -0.3746478390446455,
    "buy_hold": {
      "return": -0.03515079961360956,
      "max_drawdown": -0.1348763352901549,
      "sharpe": -0.28952041678134377
    },
    "excess_return_vs_bh": -0.011691285950771513,
    "trades": {
      "chosen_buys": 91,
      "chosen_sells": 5,
      "chosen_holds": 19,
      "executed_buys": 6,
      "executed_sells": 6,
      "invalid_actions": 85
    }
  },
  "MARUTI": {
    "return": 0.0,
    "max_drawdown": 0.0,
    "sharpe": 0.0,
    "buy_hold": {
      "return": -0.1459195900015422,
      "max_drawdown": -0.20443700168943946,
      "sharpe": -1.4169504754754652
    },
    "excess_return_vs_bh": 0.1459195900015422,
    "trades": {
      "chosen_buys": 0,
      "chosen_sells": 115,
      "chosen_holds": 0,
      "executed_buys": 0,
      "executed_sells": 0,
      "invalid_actions": 115
    }
  },
  "NTPC": {
    "return": -0.1570176280736898,
    "max_drawdown": -0.2522563176895308,
    "sharpe": -1.3533466199565656,
    "buy_hold": {
      "return": -0.14067159341371716,
      "max_drawdown": -0.2522563176895308,
      "sharpe": -1.2211789984020982
    },
    "excess_return_vs_bh": -0.01634603465997264,
    "trades": {
      "chosen_buys": 113,
      "chosen_sells": 2,
      "chosen_holds": 0,
      "executed_buys": 3,
      "executed_sells": 3,
      "invalid_actions": 110
    }
  },
  "RELIANCE": {
    "return": -0.24692001315663203,
    "max_drawdown": -0.24952845127087006,
    "sharpe": -3.1377046922882035,
    "buy_hold": {
      "return": -0.2419859754570498,
      "max_drawdown": -0.24536689206110696,
      "sharpe": -3.011143693673078
    },
    "excess_return_vs_bh": -0.004934037699582228,
    "trades": {
      "chosen_buys": 92,
      "chosen_sells": 21,
      "chosen_holds": 2,
      "executed_buys": 2,
      "executed_sells": 2,
      "invalid_actions": 110
    }
  },
  "SBIN": {
    "return": -0.00856525174499767,
    "max_drawdown": -0.09263698231735695,
    "sharpe": -0.13471306137643124,
    "buy_hold": {
      "return": -0.10557667215067801,
      "max_drawdown": -0.13983548766157458,
      "sharpe": -0.9362767676403154
    },
    "excess_return_vs_bh": 0.09701142040568034,
    "trades": {
      "chosen_buys": 16,
      "chosen_sells": 89,
      "chosen_holds": 10,
      "executed_buys": 1,
      "executed_sells": 1,
      "invalid_actions": 103
    }
  },
  "TATASTEEL": {
    "return": -0.18000589101620035,
    "max_drawdown": -0.18790601663529838,
    "sharpe": -1.4336886476562274,
    "buy_hold": {
      "return": -0.17918507609229273,
      "max_drawdown": -0.18790601663529852,
      "sharpe": -1.433688647656228
    },
    "excess_return_vs_bh": -0.0008208149239076201,
    "trades": {
      "chosen_buys": 115,
      "chosen_sells": 0,
      "chosen_holds": 0,
      "executed_buys": 1,
      "executed_sells": 1,
      "invalid_actions": 114
    }
  },
  "TCS": {
    "return": 0.0,
    "max_drawdown": 0.0,
    "sharpe": 0.0,
    "buy_hold": {
      "return": -0.0024944833541206135,
      "max_drawdown": -0.1294757068350261,
      "sharpe": -0.019791651245629243
    },
    "excess_return_vs_bh": 0.0024944833541206135,
    "trades": {
      "chosen_buys": 0,
      "chosen_sells": 115,
      "chosen_holds": 0,
      "executed_buys": 0,
      "executed_sells": 0,
      "invalid_actions": 115
    }
  },
  "TMPV": {
    "return": -0.3015987543252595,
    "max_drawdown": -0.3124529411764706,
    "sharpe": -2.8402718348926617,
    "buy_hold": {
      "return": -0.283901609130219,
      "max_drawdown": -0.3783986499156197,
      "sharpe": -2.045231768323485
    },
    "excess_return_vs_bh": -0.01769714519504051,
    "trades": {
      "chosen_buys": 78,
      "chosen_sells": 20,
      "chosen_holds": 17,
      "executed_buys": 1,
      "executed_sells": 1,
      "invalid_actions": 97
    }
  }
}