{
  "HCLTECH": {
    "return": -0.06155483633765868,
    "max_drawdown": -0.20748623006603803,
    "sharpe": -0.30007001276706663,
    "buy_hold": {
      "return": -0.06843152521844442,
      "max_drawdown": -0.20748623006603806,
      "sharpe": -0.3370285751323063
    },
    "excess_return_vs_bh": 0.006876688880785742,
    "trades": {
      "chosen_buys": 192,
      "chosen_sells": 1,
      "chosen_holds": 26,
      "executed_buys": 2,
      "executed_sells": 2,
      "invalid_actions": 190
    }
  },
  "HDFCBANK": {
    "return": 0.13949264212822543,
    "max_drawdown": -0.06752887748050143,
    "sharpe": 0.795714899656924,
    "buy_hold": {
      "return": 0.15502972374402613,
      "max_drawdown": -0.06752887748050138,
      "sharpe": 0.8970790373759403
    },
    "excess_return_vs_bh": -0.015537081615800696,
    "trades": {
      "chosen_buys": 81,
      "chosen_sells": 1,
      "chosen_holds": 137,
      "executed_buys": 2,
      "executed_sells": 2,
      "invalid_actions": 79
    }
  },
  "HINDUNILVR": {
    "return": -0.04038056745383445,
    "max_drawdown": -0.16782416265923103,
    "sharpe": -0.23665124169360083,
    "buy_hold": {
      "return": -0.030172139998729586,
      "max_drawdown": -0.1604397236871426,
      "sharpe": -0.1793430696107278
    },
    "excess_return_vs_bh": -0.010208427455104863,
    "trades": {
      "chosen_buys": 199,
      "chosen_sells": 2,
      "chosen_holds": 18,
      "executed_buys": 3,
      "executed_sells": 3,
      "invalid_actions": 196
    }
  },
  "ICICIBANK": {
    "return": 0.057872885816971475,
    "max_drawdown": -0.11299207308880808,
    "sharpe": 0.3572001912111395,
    "buy_hold": {
      "return": 0.06328211626801838,
      "max_drawdown": -0.11299207308880804,
      "sharpe": 0.3863406143377085
    },
    "excess_return_vs_bh": -0.005409230451046909,
    "trades": {
      "chosen_buys": 144,
      "chosen_sells": 1,
      "chosen_holds": 74,
      "executed_buys": 2,
      "executed_sells": 2,
      "invalid_actions": 142
    }
  },
  "INFY": {
    "return": -0.138446843588789,
    "max_drawdown": -0.25716640961548687,
    "sharpe": -0.5957437939577173,
    "buy_hold": {
      "return": -0.13758442801680582,
      "max_drawdown": -0.25716640961548687,
      "sharpe": -0.5957437939577157
    },
    "excess_return_vs_bh": -0.0008624155719831883,
    "trades": {
      "chosen_buys": 150,
      "chosen_sells": 0,
      "chosen_holds": 69,
      "executed_buys": 1,
      "executed_sells": 1,
      "invalid_actions": 149
    }
  },
  "ITC": {
    "return": -0.06320365168539321,
    "max_drawdown": -0.10408670128697213,
    "sharpe": -0.5216782441483881,
    "buy_hold": {
      "return": -0.06226591760299616,
      "max_drawdown": -0.1040867012869721,
      "sharpe": -0.5216782441483879
    },
    "excess_return_vs_bh": -0.000937734082397057,
    "trades": {
      "chosen_buys": 218,
      "chosen_sells": 0,
      "chosen_holds": 1,
      "executed_buys": 1,
      "executed_sells": 1,
      "invalid_actions": 217
    }
  }
}