{
  "HCLTECH": {
    "return": 0.05560430073349654,
    "max_drawdown": -0.07917830075787789,
    "sharpe": 0.5338789532093515,
    "buy_hold": {
      "return": -0.06843152521844442,
      "max_drawdown": -0.20748623006603806,
      "sharpe": -0.3370285751323063
    },
    "excess_return_vs_bh": 0.12403582595194096,
    "trades": {
      "chosen_buys": 62,
      "chosen_sells": 157,
      "chosen_holds": 0,
      "executed_buys": 1,
      "executed_sells": 1,
      "invalid_actions": 217
    }
  },
  "HDFCBANK": {
    "return": 0.1653977506202413,
    "max_drawdown": -0.06752887748050151,
    "sharpe": 0.9563690362090709,
    "buy_hold": {
      "return": 0.15502972374402613,
      "max_drawdown": -0.06752887748050138,
      "sharpe": 0.8970790373759403
    },
    "excess_return_vs_bh": 0.010368026876215186,
    "trades": {
      "chosen_buys": 202,
      "chosen_sells": 3,
      "chosen_holds": 14,
      "executed_buys": 4,
      "executed_sells": 4,
      "invalid_actions": 198
    }
  },
  "HINDUNILVR": {
    "return": 0.0,
    "max_drawdown": 0.0,
    "sharpe": 0.0,
    "buy_hold": {
      "return": -0.030172139998729586,
      "max_drawdown": -0.1604397236871426,
      "sharpe": -0.1793430696107278
    },
    "excess_return_vs_bh": 0.030172139998729586,
    "trades": {
      "chosen_buys": 0,
      "chosen_sells": 217,
      "chosen_holds": 2,
      "executed_buys": 0,
      "executed_sells": 0,
      "invalid_actions": 217
    }
  },
  "ICICIBANK": {
    "return": 0.050472879822684336,
    "max_drawdown": -0.08088542391758292,
    "sharpe": 0.4569671585902217,
    "buy_hold": {
      "return": 0.06328211626801838,
      "max_drawdown": -0.11299207308880804,
      "sharpe": 0.3863406143377085
    },
    "excess_return_vs_bh": -0.012809236445334049,
    "trades": {
      "chosen_buys": 109,
      "chosen_sells": 110,
      "chosen_holds": 0,
      "executed_buys": 3,
      "executed_sells": 3,
      "invalid_actions": 214
    }
  },
  "INFY": {
    "return": 0.0706771658031089,
    "max_drawdown": -0.008219935069420469,
    "sharpe": 1.2493171572420212,
    "buy_hold": {
      "return": -0.13758442801680582,
      "max_drawdown": -0.25716640961548687,
      "sharpe": -0.5957437939577157
    },
    "excess_return_vs_bh": 0.20826159381991471,
    "trades": {
      "chosen_buys": 9,
      "chosen_sells": 210,
      "chosen_holds": 0,
      "executed_buys": 1,
      "executed_sells": 1,
      "invalid_actions": 217
    }
  },
  "ITC": {
    "return": -0.06320365168539321,
    "max_drawdown": -0.10408670128697213,
    "sharpe": -0.5216782441483881,
    "buy_hold": {
      "return": -0.06226591760299616,
      "max_drawdown": -0.1040867012869721,
      "sharpe": -0.5216782441483879
    },
    "excess_return_vs_bh": -0.000937734082397057,
    "trades": {
      "chosen_buys": 1,
      "chosen_sells": 0,
      "chosen_holds": 218,
      "executed_buys": 1,
      "executed_sells": 1,
      "invalid_actions": 0
    }
  }
}