{
  "HCLTECH": {
    "return": -0.0638102498165114,
    "max_drawdown": -0.20748623006603803,
    "sharpe": -0.3090207838754949,
    "buy_hold": {
      "return": -0.06843152521844442,
      "max_drawdown": -0.20748623006603806,
      "sharpe": -0.3370285751323063
    },
    "excess_return_vs_bh": 0.004621275401933023,
    "trades": {
      "chosen_buys": 138,
      "chosen_sells": 1,
      "chosen_holds": 80,
      "executed_buys": 2,
      "executed_sells": 2,
      "invalid_actions": 136
    }
  },
  "HDFCBANK": {
    "return": 0.1280345707369399,
    "max_drawdown": -0.0675288774805015,
    "sharpe": 0.7728631858196565,
    "buy_hold": {
      "return": 0.15502972374402613,
      "max_drawdown": -0.06752887748050138,
      "sharpe": 0.8970790373759403
    },
    "excess_return_vs_bh": -0.026995153007086214,
    "trades": {
      "chosen_buys": 99,
      "chosen_sells": 2,
      "chosen_holds": 118,
      "executed_buys": 3,
      "executed_sells": 3,
      "invalid_actions": 96
    }
  },
  "HINDUNILVR": {
    "return": 0.0,
    "max_drawdown": 0.0,
    "sharpe": 0.0,
    "buy_hold": {
      "return": -0.030172139998729586,
      "max_drawdown": -0.1604397236871426,
      "sharpe": -0.1793430696107278
    },
    "excess_return_vs_bh": 0.030172139998729586,
    "trades": {
      "chosen_buys": 0,
      "chosen_sells": 219,
      "chosen_holds": 0,
      "executed_buys": 0,
      "executed_sells": 0,
      "invalid_actions": 219
    }
  },
  "ICICIBANK": {
    "return": 0.0781732354211302,
    "max_drawdown": -0.11299207308880815,
    "sharpe": 0.47952037380287726,
    "buy_hold": {
      "return": 0.06328211626801838,
      "max_drawdown": -0.11299207308880804,
      "sharpe": 0.3863406143377085
    },
    "excess_return_vs_bh": 0.01489111915311181,
    "trades": {
      "chosen_buys": 130,
      "chosen_sells": 3,
      "chosen_holds": 86,
      "executed_buys": 4,
      "executed_sells": 4,
      "invalid_actions": 126
    }
  },
  "INFY": {
    "return": -0.138446843588789,
    "max_drawdown": -0.25716640961548687,
    "sharpe": -0.5957437939577173,
    "buy_hold": {
      "return": -0.13758442801680582,
      "max_drawdown": -0.25716640961548687,
      "sharpe": -0.5957437939577157
    },
    "excess_return_vs_bh": -0.0008624155719831883,
    "trades": {
      "chosen_buys": 170,
      "chosen_sells": 0,
      "chosen_holds": 49,
      "executed_buys": 1,
      "executed_sells": 1,
      "invalid_actions": 169
    }
  },
  "ITC": {
    "return": -0.06320365168539321,
    "max_drawdown": -0.10408670128697213,
    "sharpe": -0.5216782441483881,
    "buy_hold": {
      "return": -0.06226591760299616,
      "max_drawdown": -0.1040867012869721,
      "sharpe": -0.5216782441483879
    },
    "excess_return_vs_bh": -0.000937734082397057,
    "trades": {
      "chosen_buys": 2,
      "chosen_sells": 0,
      "chosen_holds": 217,
      "executed_buys": 1,
      "executed_sells": 1,
      "invalid_actions": 1
    }
  }
}