{
  "HCLTECH": {
    "return": -0.06936309369322602,
    "max_drawdown": -0.20748623006603803,
    "sharpe": -0.3370285751323062,
    "buy_hold": {
      "return": -0.06843152521844442,
      "max_drawdown": -0.20748623006603806,
      "sharpe": -0.3370285751323063
    },
    "excess_return_vs_bh": -0.0009315684747815967,
    "trades": {
      "chosen_buys": 152,
      "chosen_sells": 0,
      "chosen_holds": 67,
      "executed_buys": 1,
      "executed_sells": 1,
      "invalid_actions": 151
    }
  },
  "HDFCBANK": {
    "return": 0.15969169494250313,
    "max_drawdown": -0.06752887748050128,
    "sharpe": 0.9242175983458826,
    "buy_hold": {
      "return": 0.15502972374402613,
      "max_drawdown": -0.06752887748050138,
      "sharpe": 0.8970790373759403
    },
    "excess_return_vs_bh": 0.004661971198477,
    "trades": {
      "chosen_buys": 210,
      "chosen_sells": 1,
      "chosen_holds": 8,
      "executed_buys": 2,
      "executed_sells": 2,
      "invalid_actions": 208
    }
  },
  "HINDUNILVR": {
    "return": 0.0,
    "max_drawdown": 0.0,
    "sharpe": 0.0,
    "buy_hold": {
      "return": -0.030172139998729586,
      "max_drawdown": -0.1604397236871426,
      "sharpe": -0.1793430696107278
    },
    "excess_return_vs_bh": 0.030172139998729586,
    "trades": {
      "chosen_buys": 0,
      "chosen_sells": 219,
      "chosen_holds": 0,
      "executed_buys": 0,
      "executed_sells": 0,
      "invalid_actions": 219
    }
  },
  "ICICIBANK": {
    "return": 0.054330615876775123,
    "max_drawdown": -0.11299207308880797,
    "sharpe": 0.34155706898134264,
    "buy_hold": {
      "return": 0.06328211626801838,
      "max_drawdown": -0.11299207308880804,
      "sharpe": 0.3863406143377085
    },
    "excess_return_vs_bh": -0.008951500391243261,
    "trades": {
      "chosen_buys": 139,
      "chosen_sells": 1,
      "chosen_holds": 79,
      "executed_buys": 2,
      "executed_sells": 2,
      "invalid_actions": 137
    }
  },
  "INFY": {
    "return": -0.138446843588789,
    "max_drawdown": -0.25716640961548687,
    "sharpe": -0.5957437939577173,
    "buy_hold": {
      "return": -0.13758442801680582,
      "max_drawdown": -0.25716640961548687,
      "sharpe": -0.5957437939577157
    },
    "excess_return_vs_bh": -0.0008624155719831883,
    "trades": {
      "chosen_buys": 212,
      "chosen_sells": 0,
      "chosen_holds": 7,
      "executed_buys": 1,
      "executed_sells": 1,
      "invalid_actions": 211
    }
  },
  "ITC": {
    "return": -0.06320365168539321,
    "max_drawdown": -0.10408670128697213,
    "sharpe": -0.5216782441483881,
    "buy_hold": {
      "return": -0.06226591760299616,
      "max_drawdown": -0.1040867012869721,
      "sharpe": -0.5216782441483879
    },
    "excess_return_vs_bh": -0.000937734082397057,
    "trades": {
      "chosen_buys": 219,
      "chosen_sells": 0,
      "chosen_holds": 0,
      "executed_buys": 1,
      "executed_sells": 1,
      "invalid_actions": 218
    }
  }
}