{
  "HCLTECH": {
    "return": 0.13978395693367984,
    "max_drawdown": -0.158748622505204,
    "sharpe": 0.7129355850739449,
    "buy_hold": {
      "return": -0.06843152521844442,
      "max_drawdown": -0.20748623006603806,
      "sharpe": -0.3370285751323063
    },
    "excess_return_vs_bh": 0.20821548215212426,
    "trades": {
      "chosen_buys": 19,
      "chosen_sells": 77,
      "chosen_holds": 123,
      "executed_buys": 6,
      "executed_sells": 6,
      "invalid_actions": 85
    }
  },
  "HDFCBANK": {
    "return": 0.17276409717708652,
    "max_drawdown": -0.06752887748050132,
    "sharpe": 1.0473550764270663,
    "buy_hold": {
      "return": 0.15502972374402613,
      "max_drawdown": -0.06752887748050138,
      "sharpe": 0.8970790373759403
    },
    "excess_return_vs_bh": 0.01773437343306039,
    "trades": {
      "chosen_buys": 7,
      "chosen_sells": 6,
      "chosen_holds": 206,
      "executed_buys": 7,
      "executed_sells": 7,
      "invalid_actions": 0
    }
  },
  "HINDUNILVR": {
    "return": 0.0,
    "max_drawdown": 0.0,
    "sharpe": 0.0,
    "buy_hold": {
      "return": -0.030172139998729586,
      "max_drawdown": -0.1604397236871426,
      "sharpe": -0.1793430696107278
    },
    "excess_return_vs_bh": 0.030172139998729586,
    "trades": {
      "chosen_buys": 0,
      "chosen_sells": 219,
      "chosen_holds": 0,
      "executed_buys": 0,
      "executed_sells": 0,
      "invalid_actions": 219
    }
  },
  "ICICIBANK": {
    "return": 0.07106209579747946,
    "max_drawdown": -0.11287288363343188,
    "sharpe": 0.4360736244122461,
    "buy_hold": {
      "return": 0.06328211626801838,
      "max_drawdown": -0.11299207308880804,
      "sharpe": 0.3863406143377085
    },
    "excess_return_vs_bh": 0.0077799795294610785,
    "trades": {
      "chosen_buys": 57,
      "chosen_sells": 6,
      "chosen_holds": 156,
      "executed_buys": 7,
      "executed_sells": 7,
      "invalid_actions": 50
    }
  },
  "INFY": {
    "return": 0.12362389048384648,
    "max_drawdown": -0.133070979937801,
    "sharpe": 0.645102492989065,
    "buy_hold": {
      "return": -0.13758442801680582,
      "max_drawdown": -0.25716640961548687,
      "sharpe": -0.5957437939577157
    },
    "excess_return_vs_bh": 0.2612083185006523,
    "trades": {
      "chosen_buys": 53,
      "chosen_sells": 56,
      "chosen_holds": 110,
      "executed_buys": 4,
      "executed_sells": 4,
      "invalid_actions": 102
    }
  },
  "ITC": {
    "return": -0.06320365168539321,
    "max_drawdown": -0.10408670128697213,
    "sharpe": -0.5216782441483881,
    "buy_hold": {
      "return": -0.06226591760299616,
      "max_drawdown": -0.1040867012869721,
      "sharpe": -0.5216782441483879
    },
    "excess_return_vs_bh": -0.000937734082397057,
    "trades": {
      "chosen_buys": 82,
      "chosen_sells": 0,
      "chosen_holds": 137,
      "executed_buys": 1,
      "executed_sells": 1,
      "invalid_actions": 81
    }
  }
}