{
  "HCLTECH": {
    "return": 0.047668532912366945,
    "max_drawdown": -0.06727828746177374,
    "sharpe": 0.4315953766008355,
    "buy_hold": {
      "return": -0.06843152521844442,
      "max_drawdown": -0.20748623006603806,
      "sharpe": -0.3370285751323063
    },
    "excess_return_vs_bh": 0.11610005813081137,
    "trades": {
      "chosen_buys": 54,
      "chosen_sells": 125,
      "chosen_holds": 40,
      "executed_buys": 3,
      "executed_sells": 3,
      "invalid_actions": 173
    }
  },
  "HDFCBANK": {
    "return": 0.1414870958330725,
    "max_drawdown": -0.0675288774805015,
    "sharpe": 0.8588504445102134,
    "buy_hold": {
      "return": 0.15502972374402613,
      "max_drawdown": -0.06752887748050138,
      "sharpe": 0.8970790373759403
    },
    "excess_return_vs_bh": -0.01354262791095362,
    "trades": {
      "chosen_buys": 13,
      "chosen_sells": 2,
      "chosen_holds": 204,
      "executed_buys": 3,
      "executed_sells": 3,
      "invalid_actions": 10
    }
  },
  "HINDUNILVR": {
    "return": 0.0,
    "max_drawdown": 0.0,
    "sharpe": 0.0,
    "buy_hold": {
      "return": -0.030172139998729586,
      "max_drawdown": -0.1604397236871426,
      "sharpe": -0.1793430696107278
    },
    "excess_return_vs_bh": 0.030172139998729586,
    "trades": {
      "chosen_buys": 0,
      "chosen_sells": 219,
      "chosen_holds": 0,
      "executed_buys": 0,
      "executed_sells": 0,
      "invalid_actions": 219
    }
  },
  "ICICIBANK": {
    "return": -0.00031198620579730996,
    "max_drawdown": -0.12243727751723832,
    "sharpe": -0.0032132849559376076,
    "buy_hold": {
      "return": 0.06328211626801838,
      "max_drawdown": -0.11299207308880804,
      "sharpe": 0.3863406143377085
    },
    "excess_return_vs_bh": -0.0635941024738157,
    "trades": {
      "chosen_buys": 30,
      "chosen_sells": 41,
      "chosen_holds": 148,
      "executed_buys": 8,
      "executed_sells": 8,
      "invalid_actions": 56
    }
  },
  "INFY": {
    "return": 0.01159260265904316,
    "max_drawdown": -0.03878121448007443,
    "sharpe": 0.08637219791270304,
    "buy_hold": {
      "return": -0.13758442801680582,
      "max_drawdown": -0.25716640961548687,
      "sharpe": -0.5957437939577157
    },
    "excess_return_vs_bh": 0.14917703067584898,
    "trades": {
      "chosen_buys": 11,
      "chosen_sells": 123,
      "chosen_holds": 85,
      "executed_buys": 1,
      "executed_sells": 1,
      "invalid_actions": 132
    }
  },
  "ITC": {
    "return": -0.06320365168539321,
    "max_drawdown": -0.10408670128697213,
    "sharpe": -0.5216782441483881,
    "buy_hold": {
      "return": -0.06226591760299616,
      "max_drawdown": -0.1040867012869721,
      "sharpe": -0.5216782441483879
    },
    "excess_return_vs_bh": -0.000937734082397057,
    "trades": {
      "chosen_buys": 101,
      "chosen_sells": 0,
      "chosen_holds": 118,
      "executed_buys": 1,
      "executed_sells": 1,
      "invalid_actions": 100
    }
  }
}