{
  "HCLTECH": {
    "return": 0.03771451858576125,
    "max_drawdown": -0.07369467130807339,
    "sharpe": 0.3647515982933328,
    "buy_hold": {
      "return": -0.06843152521844442,
      "max_drawdown": -0.20748623006603806,
      "sharpe": -0.3370285751323063
    },
    "excess_return_vs_bh": 0.10614604380420567,
    "trades": {
      "chosen_buys": 5,
      "chosen_sells": 199,
      "chosen_holds": 15,
      "executed_buys": 4,
      "executed_sells": 4,
      "invalid_actions": 196
    }
  },
  "HDFCBANK": {
    "return": 0.08816326530149765,
    "max_drawdown": -0.06846134860302101,
    "sharpe": 0.5998611721448397,
    "buy_hold": {
      "return": 0.15502972374402613,
      "max_drawdown": -0.06752887748050138,
      "sharpe": 0.8970790373759403
    },
    "excess_return_vs_bh": -0.06686645844252848,
    "trades": {
      "chosen_buys": 71,
      "chosen_sells": 28,
      "chosen_holds": 120,
      "executed_buys": 15,
      "executed_sells": 15,
      "invalid_actions": 70
    }
  },
  "HINDUNILVR": {
    "return": 0.0,
    "max_drawdown": 0.0,
    "sharpe": 0.0,
    "buy_hold": {
      "return": -0.030172139998729586,
      "max_drawdown": -0.1604397236871426,
      "sharpe": -0.1793430696107278
    },
    "excess_return_vs_bh": 0.030172139998729586,
    "trades": {
      "chosen_buys": 0,
      "chosen_sells": 219,
      "chosen_holds": 0,
      "executed_buys": 0,
      "executed_sells": 0,
      "invalid_actions": 219
    }
  },
  "ICICIBANK": {
    "return": 0.051185379775043005,
    "max_drawdown": -0.0463329637256455,
    "sharpe": 0.764919722922865,
    "buy_hold": {
      "return": 0.06328211626801838,
      "max_drawdown": -0.11299207308880804,
      "sharpe": 0.3863406143377085
    },
    "excess_return_vs_bh": -0.01209673649297538,
    "trades": {
      "chosen_buys": 7,
      "chosen_sells": 190,
      "chosen_holds": 22,
      "executed_buys": 4,
      "executed_sells": 4,
      "invalid_actions": 189
    }
  },
  "INFY": {
    "return": 0.0,
    "max_drawdown": 0.0,
    "sharpe": 0.0,
    "buy_hold": {
      "return": -0.13758442801680582,
      "max_drawdown": -0.25716640961548687,
      "sharpe": -0.5957437939577157
    },
    "excess_return_vs_bh": 0.13758442801680582,
    "trades": {
      "chosen_buys": 0,
      "chosen_sells": 219,
      "chosen_holds": 0,
      "executed_buys": 0,
      "executed_sells": 0,
      "invalid_actions": 219
    }
  },
  "ITC": {
    "return": -0.06320365168539321,
    "max_drawdown": -0.10408670128697213,
    "sharpe": -0.5216782441483881,
    "buy_hold": {
      "return": -0.06226591760299616,
      "max_drawdown": -0.1040867012869721,
      "sharpe": -0.5216782441483879
    },
    "excess_return_vs_bh": -0.000937734082397057,
    "trades": {
      "chosen_buys": 219,
      "chosen_sells": 0,
      "chosen_holds": 0,
      "executed_buys": 1,
      "executed_sells": 1,
      "invalid_actions": 218
    }
  }
}