{
  "HCLTECH": {
    "return": -0.04730624518353177,
    "max_drawdown": -0.20391976550376475,
    "sharpe": -0.3256934925127177,
    "buy_hold": {
      "return": -0.06843152521844442,
      "max_drawdown": -0.20748623006603806,
      "sharpe": -0.3370285751323063
    },
    "excess_return_vs_bh": 0.021125280034912652,
    "trades": {
      "chosen_buys": 115,
      "chosen_sells": 1,
      "chosen_holds": 103,
      "executed_buys": 2,
      "executed_sells": 2,
      "invalid_actions": 113
    }
  },
  "HDFCBANK": {
    "return": 0.1255466580690805,
    "max_drawdown": -0.06752887748050158,
    "sharpe": 0.7194710152320476,
    "buy_hold": {
      "return": 0.15502972374402613,
      "max_drawdown": -0.06752887748050138,
      "sharpe": 0.8970790373759403
    },
    "excess_return_vs_bh": -0.02948306567494563,
    "trades": {
      "chosen_buys": 116,
      "chosen_sells": 3,
      "chosen_holds": 100,
      "executed_buys": 4,
      "executed_sells": 4,
      "invalid_actions": 112
    }
  },
  "HINDUNILVR": {
    "return": 0.05653837202367207,
    "max_drawdown": -0.04412521271122722,
    "sharpe": 0.7929663177351999,
    "buy_hold": {
      "return": -0.030172139998729586,
      "max_drawdown": -0.1604397236871426,
      "sharpe": -0.1793430696107278
    },
    "excess_return_vs_bh": 0.08671051202240165,
    "trades": {
      "chosen_buys": 8,
      "chosen_sells": 93,
      "chosen_holds": 118,
      "executed_buys": 2,
      "executed_sells": 2,
      "invalid_actions": 97
    }
  },
  "ICICIBANK": {
    "return": 0.04626293171949558,
    "max_drawdown": -0.1128728836334319,
    "sharpe": 0.2837035575879995,
    "buy_hold": {
      "return": 0.06328211626801838,
      "max_drawdown": -0.11299207308880804,
      "sharpe": 0.3863406143377085
    },
    "excess_return_vs_bh": -0.017019184548522803,
    "trades": {
      "chosen_buys": 198,
      "chosen_sells": 4,
      "chosen_holds": 17,
      "executed_buys": 5,
      "executed_sells": 5,
      "invalid_actions": 193
    }
  },
  "INFY": {
    "return": -0.0074279917507007465,
    "max_drawdown": -0.13262631803498512,
    "sharpe": -0.04551323209529359,
    "buy_hold": {
      "return": -0.13758442801680582,
      "max_drawdown": -0.25716640961548687,
      "sharpe": -0.5957437939577157
    },
    "excess_return_vs_bh": 0.13015643626610507,
    "trades": {
      "chosen_buys": 148,
      "chosen_sells": 2,
      "chosen_holds": 69,
      "executed_buys": 3,
      "executed_sells": 3,
      "invalid_actions": 145
    }
  },
  "ITC": {
    "return": -0.04565015818098461,
    "max_drawdown": -0.08641806867941917,
    "sharpe": -0.3605217488235266,
    "buy_hold": {
      "return": -0.06226591760299616,
      "max_drawdown": -0.1040867012869721,
      "sharpe": -0.5216782441483879
    },
    "excess_return_vs_bh": 0.016615759422011545,
    "trades": {
      "chosen_buys": 3,
      "chosen_sells": 1,
      "chosen_holds": 215,
      "executed_buys": 2,
      "executed_sells": 2,
      "invalid_actions": 1
    }
  }
}