{
  "HCLTECH": {
    "return": -0.05120509698385012,
    "max_drawdown": -0.20748623006603803,
    "sharpe": -0.24830641646162704,
    "buy_hold": {
      "return": -0.06843152521844442,
      "max_drawdown": -0.20748623006603806,
      "sharpe": -0.3370285751323063
    },
    "excess_return_vs_bh": 0.017226428234594304,
    "trades": {
      "chosen_buys": 217,
      "chosen_sells": 2,
      "chosen_holds": 0,
      "executed_buys": 3,
      "executed_sells": 3,
      "invalid_actions": 214
    }
  },
  "HDFCBANK": {
    "return": 0.1360245357278902,
    "max_drawdown": -0.06752887748050143,
    "sharpe": 0.7788476625602497,
    "buy_hold": {
      "return": 0.15502972374402613,
      "max_drawdown": -0.06752887748050138,
      "sharpe": 0.8970790373759403
    },
    "excess_return_vs_bh": -0.019005188016135932,
    "trades": {
      "chosen_buys": 217,
      "chosen_sells": 2,
      "chosen_holds": 0,
      "executed_buys": 3,
      "executed_sells": 3,
      "invalid_actions": 214
    }
  },
  "HINDUNILVR": {
    "return": 0.014048531766150285,
    "max_drawdown": -0.1604397236871426,
    "sharpe": 0.08154423802761708,
    "buy_hold": {
      "return": -0.030172139998729586,
      "max_drawdown": -0.1604397236871426,
      "sharpe": -0.1793430696107278
    },
    "excess_return_vs_bh": 0.04422067176487987,
    "trades": {
      "chosen_buys": 200,
      "chosen_sells": 19,
      "chosen_holds": 0,
      "executed_buys": 5,
      "executed_sells": 5,
      "invalid_actions": 210
    }
  },
  "ICICIBANK": {
    "return": 0.057872885816971475,
    "max_drawdown": -0.11299207308880808,
    "sharpe": 0.3572001912111395,
    "buy_hold": {
      "return": 0.06328211626801838,
      "max_drawdown": -0.11299207308880804,
      "sharpe": 0.3863406143377085
    },
    "excess_return_vs_bh": -0.005409230451046909,
    "trades": {
      "chosen_buys": 218,
      "chosen_sells": 1,
      "chosen_holds": 0,
      "executed_buys": 2,
      "executed_sells": 2,
      "invalid_actions": 216
    }
  },
  "INFY": {
    "return": -0.15050358310168233,
    "max_drawdown": -0.25716640961548687,
    "sharpe": -0.6466635393455484,
    "buy_hold": {
      "return": -0.13758442801680582,
      "max_drawdown": -0.25716640961548687,
      "sharpe": -0.5957437939577157
    },
    "excess_return_vs_bh": -0.01291915508487651,
    "trades": {
      "chosen_buys": 218,
      "chosen_sells": 1,
      "chosen_holds": 0,
      "executed_buys": 2,
      "executed_sells": 2,
      "invalid_actions": 216
    }
  },
  "ITC": {
    "return": -0.06320365168539321,
    "max_drawdown": -0.10408670128697213,
    "sharpe": -0.5216782441483881,
    "buy_hold": {
      "return": -0.06226591760299616,
      "max_drawdown": -0.1040867012869721,
      "sharpe": -0.5216782441483879
    },
    "excess_return_vs_bh": -0.000937734082397057,
    "trades": {
      "chosen_buys": 39,
      "chosen_sells": 0,
      "chosen_holds": 180,
      "executed_buys": 1,
      "executed_sells": 1,
      "invalid_actions": 38
    }
  }
}