{
  "HCLTECH": {
    "return": 0.0,
    "max_drawdown": 0.0,
    "sharpe": 0.0,
    "buy_hold": {
      "return": -0.06843152521844442,
      "max_drawdown": -0.20748623006603806,
      "sharpe": -0.3370285751323063
    },
    "excess_return_vs_bh": 0.06843152521844442,
    "trades": {
      "chosen_buys": 0,
      "chosen_sells": 13,
      "chosen_holds": 206,
      "executed_buys": 0,
      "executed_sells": 0,
      "invalid_actions": 13
    }
  },
  "HDFCBANK": {
    "return": 0.007779637934126837,
    "max_drawdown": -0.10499831541338024,
    "sharpe": 0.07375976409922841,
    "buy_hold": {
      "return": 0.15502972374402613,
      "max_drawdown": -0.06752887748050138,
      "sharpe": 0.8970790373759403
    },
    "excess_return_vs_bh": -0.1472500858098993,
    "trades": {
      "chosen_buys": 64,
      "chosen_sells": 64,
      "chosen_holds": 91,
      "executed_buys": 64,
      "executed_sells": 64,
      "invalid_actions": 0
    }
  },
  "HINDUNILVR": {
    "return": 0.0,
    "max_drawdown": 0.0,
    "sharpe": 0.0,
    "buy_hold": {
      "return": -0.030172139998729586,
      "max_drawdown": -0.1604397236871426,
      "sharpe": -0.1793430696107278
    },
    "excess_return_vs_bh": 0.030172139998729586,
    "trades": {
      "chosen_buys": 0,
      "chosen_sells": 27,
      "chosen_holds": 192,
      "executed_buys": 0,
      "executed_sells": 0,
      "invalid_actions": 27
    }
  },
  "ICICIBANK": {
    "return": -0.04878099205917885,
    "max_drawdown": -0.04782882088005891,
    "sharpe": -1.258387489904862,
    "buy_hold": {
      "return": 0.06328211626801838,
      "max_drawdown": -0.11299207308880804,
      "sharpe": 0.3863406143377085
    },
    "excess_return_vs_bh": -0.11206310832719724,
    "trades": {
      "chosen_buys": 19,
      "chosen_sells": 51,
      "chosen_holds": 149,
      "executed_buys": 19,
      "executed_sells": 19,
      "invalid_actions": 32
    }
  },
  "INFY": {
    "return": 0.0,
    "max_drawdown": 0.0,
    "sharpe": 0.0,
    "buy_hold": {
      "return": -0.13758442801680582,
      "max_drawdown": -0.25716640961548687,
      "sharpe": -0.5957437939577157
    },
    "excess_return_vs_bh": 0.13758442801680582,
    "trades": {
      "chosen_buys": 0,
      "chosen_sells": 10,
      "chosen_holds": 209,
      "executed_buys": 0,
      "executed_sells": 0,
      "invalid_actions": 10
    }
  },
  "ITC": {
    "return": -0.06320365168539321,
    "max_drawdown": -0.10408670128697213,
    "sharpe": -0.5216782441483881,
    "buy_hold": {
      "return": -0.06226591760299616,
      "max_drawdown": -0.1040867012869721,
      "sharpe": -0.5216782441483879
    },
    "excess_return_vs_bh": -0.000937734082397057,
    "trades": {
      "chosen_buys": 45,
      "chosen_sells": 0,
      "chosen_holds": 174,
      "executed_buys": 1,
      "executed_sells": 1,
      "invalid_actions": 44
    }
  }
}