{
  "HCLTECH": {
    "return": -0.06936309369322602,
    "max_drawdown": -0.20748623006603803,
    "sharpe": -0.3370285751323062,
    "buy_hold": {
      "return": -0.06843152521844442,
      "max_drawdown": -0.20748623006603806,
      "sharpe": -0.3370285751323063
    },
    "excess_return_vs_bh": -0.0009315684747815967,
    "trades": {
      "chosen_buys": 101,
      "chosen_sells": 0,
      "chosen_holds": 118,
      "executed_buys": 1,
      "executed_sells": 1,
      "invalid_actions": 100
    }
  },
  "HDFCBANK": {
    "return": 0.14563881839234538,
    "max_drawdown": -0.06752887748050136,
    "sharpe": 0.8501004789265185,
    "buy_hold": {
      "return": 0.15502972374402613,
      "max_drawdown": -0.06752887748050138,
      "sharpe": 0.8970790373759403
    },
    "excess_return_vs_bh": -0.009390905351680745,
    "trades": {
      "chosen_buys": 6,
      "chosen_sells": 5,
      "chosen_holds": 208,
      "executed_buys": 6,
      "executed_sells": 6,
      "invalid_actions": 0
    }
  },
  "HINDUNILVR": {
    "return": 0.08646820201187433,
    "max_drawdown": -0.13107318573185736,
    "sharpe": 0.6302965661928043,
    "buy_hold": {
      "return": -0.030172139998729586,
      "max_drawdown": -0.1604397236871426,
      "sharpe": -0.1793430696107278
    },
    "excess_return_vs_bh": 0.11664034201060391,
    "trades": {
      "chosen_buys": 32,
      "chosen_sells": 73,
      "chosen_holds": 114,
      "executed_buys": 22,
      "executed_sells": 22,
      "invalid_actions": 62
    }
  },
  "ICICIBANK": {
    "return": 0.04998231858287361,
    "max_drawdown": -0.11287288363343184,
    "sharpe": 0.3107779866350219,
    "buy_hold": {
      "return": 0.06328211626801838,
      "max_drawdown": -0.11299207308880804,
      "sharpe": 0.3863406143377085
    },
    "excess_return_vs_bh": -0.013299797685144776,
    "trades": {
      "chosen_buys": 15,
      "chosen_sells": 7,
      "chosen_holds": 197,
      "executed_buys": 8,
      "executed_sells": 8,
      "invalid_actions": 7
    }
  },
  "INFY": {
    "return": -0.138446843588789,
    "max_drawdown": -0.25716640961548687,
    "sharpe": -0.5957437939577173,
    "buy_hold": {
      "return": -0.13758442801680582,
      "max_drawdown": -0.25716640961548687,
      "sharpe": -0.5957437939577157
    },
    "excess_return_vs_bh": -0.0008624155719831883,
    "trades": {
      "chosen_buys": 179,
      "chosen_sells": 0,
      "chosen_holds": 40,
      "executed_buys": 1,
      "executed_sells": 1,
      "invalid_actions": 178
    }
  },
  "ITC": {
    "return": 0.04686568713510986,
    "max_drawdown": -0.07072599531615914,
    "sharpe": 0.35648226998000243,
    "buy_hold": {
      "return": -0.06226591760299616,
      "max_drawdown": -0.1040867012869721,
      "sharpe": -0.5216782441483879
    },
    "excess_return_vs_bh": 0.10913160473810601,
    "trades": {
      "chosen_buys": 72,
      "chosen_sells": 13,
      "chosen_holds": 134,
      "executed_buys": 2,
      "executed_sells": 2,
      "invalid_actions": 82
    }
  }
}