{
  "HCLTECH": {
    "return": 0.028475164825253696,
    "max_drawdown": -0.0010000000000000666,
    "sharpe": 1.4575188616712373,
    "buy_hold": {
      "return": -0.06843152521844442,
      "max_drawdown": -0.20748623006603806,
      "sharpe": -0.3370285751323063
    },
    "excess_return_vs_bh": 0.09690669004369812,
    "trades": {
      "chosen_buys": 4,
      "chosen_sells": 215,
      "chosen_holds": 0,
      "executed_buys": 2,
      "executed_sells": 2,
      "invalid_actions": 215
    }
  },
  "HDFCBANK": {
    "return": 0.14391682804318107,
    "max_drawdown": -0.06752887748050135,
    "sharpe": 0.8355045626538778,
    "buy_hold": {
      "return": 0.15502972374402613,
      "max_drawdown": -0.06752887748050138,
      "sharpe": 0.8970790373759403
    },
    "excess_return_vs_bh": -0.01111289570084506,
    "trades": {
      "chosen_buys": 97,
      "chosen_sells": 5,
      "chosen_holds": 117,
      "executed_buys": 6,
      "executed_sells": 6,
      "invalid_actions": 91
    }
  },
  "HINDUNILVR": {
    "return": 0.0,
    "max_drawdown": 0.0,
    "sharpe": 0.0,
    "buy_hold": {
      "return": -0.030172139998729586,
      "max_drawdown": -0.1604397236871426,
      "sharpe": -0.1793430696107278
    },
    "excess_return_vs_bh": 0.030172139998729586,
    "trades": {
      "chosen_buys": 0,
      "chosen_sells": 219,
      "chosen_holds": 0,
      "executed_buys": 0,
      "executed_sells": 0,
      "invalid_actions": 219
    }
  },
  "ICICIBANK": {
    "return": 0.009599851093198053,
    "max_drawdown": -0.08088542391758305,
    "sharpe": 0.11534880107297715,
    "buy_hold": {
      "return": 0.06328211626801838,
      "max_drawdown": -0.11299207308880804,
      "sharpe": 0.3863406143377085
    },
    "excess_return_vs_bh": -0.05368226517482033,
    "trades": {
      "chosen_buys": 33,
      "chosen_sells": 109,
      "chosen_holds": 77,
      "executed_buys": 4,
      "executed_sells": 4,
      "invalid_actions": 135
    }
  },
  "INFY": {
    "return": 0.0,
    "max_drawdown": 0.0,
    "sharpe": 0.0,
    "buy_hold": {
      "return": -0.13758442801680582,
      "max_drawdown": -0.25716640961548687,
      "sharpe": -0.5957437939577157
    },
    "excess_return_vs_bh": 0.13758442801680582,
    "trades": {
      "chosen_buys": 0,
      "chosen_sells": 219,
      "chosen_holds": 0,
      "executed_buys": 0,
      "executed_sells": 0,
      "invalid_actions": 219
    }
  },
  "ITC": {
    "return": -0.06320365168539321,
    "max_drawdown": -0.10408670128697213,
    "sharpe": -0.5216782441483881,
    "buy_hold": {
      "return": -0.06226591760299616,
      "max_drawdown": -0.1040867012869721,
      "sharpe": -0.5216782441483879
    },
    "excess_return_vs_bh": -0.000937734082397057,
    "trades": {
      "chosen_buys": 196,
      "chosen_sells": 0,
      "chosen_holds": 23,
      "executed_buys": 1,
      "executed_sells": 1,
      "invalid_actions": 195
    }
  }
}