{
  "HCLTECH": {
    "return": -0.03166956802589038,
    "max_drawdown": -0.20058445043860468,
    "sharpe": -0.16227303517225097,
    "buy_hold": {
      "return": -0.06843152521844442,
      "max_drawdown": -0.20748623006603806,
      "sharpe": -0.3370285751323063
    },
    "excess_return_vs_bh": 0.03676195719255404,
    "trades": {
      "chosen_buys": 102,
      "chosen_sells": 33,
      "chosen_holds": 84,
      "executed_buys": 4,
      "executed_sells": 4,
      "invalid_actions": 128
    }
  },
  "HDFCBANK": {
    "return": 0.13966776118471835,
    "max_drawdown": -0.0784734976962667,
    "sharpe": 0.8217416176279426,
    "buy_hold": {
      "return": 0.15502972374402613,
      "max_drawdown": -0.06752887748050138,
      "sharpe": 0.8970790373759403
    },
    "excess_return_vs_bh": -0.015361962559307774,
    "trades": {
      "chosen_buys": 159,
      "chosen_sells": 1,
      "chosen_holds": 59,
      "executed_buys": 2,
      "executed_sells": 2,
      "invalid_actions": 157
    }
  },
  "HINDUNILVR": {
    "return": 0.0,
    "max_drawdown": 0.0,
    "sharpe": 0.0,
    "buy_hold": {
      "return": -0.030172139998729586,
      "max_drawdown": -0.1604397236871426,
      "sharpe": -0.1793430696107278
    },
    "excess_return_vs_bh": 0.030172139998729586,
    "trades": {
      "chosen_buys": 0,
      "chosen_sells": 219,
      "chosen_holds": 0,
      "executed_buys": 0,
      "executed_sells": 0,
      "invalid_actions": 219
    }
  },
  "ICICIBANK": {
    "return": 0.06024140709729586,
    "max_drawdown": -0.11464332744035687,
    "sharpe": 0.3746276547815583,
    "buy_hold": {
      "return": 0.06328211626801838,
      "max_drawdown": -0.11299207308880804,
      "sharpe": 0.3863406143377085
    },
    "excess_return_vs_bh": -0.003040709170722522,
    "trades": {
      "chosen_buys": 149,
      "chosen_sells": 1,
      "chosen_holds": 69,
      "executed_buys": 2,
      "executed_sells": 2,
      "invalid_actions": 147
    }
  },
  "INFY": {
    "return": 0.10359025252752474,
    "max_drawdown": -0.11329678285450469,
    "sharpe": 0.49823715261949925,
    "buy_hold": {
      "return": -0.13758442801680582,
      "max_drawdown": -0.25716640961548687,
      "sharpe": -0.5957437939577157
    },
    "excess_return_vs_bh": 0.24117468054433056,
    "trades": {
      "chosen_buys": 148,
      "chosen_sells": 49,
      "chosen_holds": 22,
      "executed_buys": 3,
      "executed_sells": 3,
      "invalid_actions": 192
    }
  },
  "ITC": {
    "return": -0.06320365168539321,
    "max_drawdown": -0.10408670128697213,
    "sharpe": -0.5216782441483881,
    "buy_hold": {
      "return": -0.06226591760299616,
      "max_drawdown": -0.1040867012869721,
      "sharpe": -0.5216782441483879
    },
    "excess_return_vs_bh": -0.000937734082397057,
    "trades": {
      "chosen_buys": 29,
      "chosen_sells": 0,
      "chosen_holds": 190,
      "executed_buys": 1,
      "executed_sells": 1,
      "invalid_actions": 28
    }
  }
}