{
  "HCLTECH": {
    "return": 0.0,
    "max_drawdown": 0.0,
    "sharpe": 0.0,
    "buy_hold": {
      "return": -0.06843152521844442,
      "max_drawdown": -0.20748623006603806,
      "sharpe": -0.3370285751323063
    },
    "excess_return_vs_bh": 0.06843152521844442,
    "trades": {
      "chosen_buys": 0,
      "chosen_sells": 219,
      "chosen_holds": 0,
      "executed_buys": 0,
      "executed_sells": 0,
      "invalid_actions": 219
    }
  },
  "HDFCBANK": {
    "return": -0.09537554202571696,
    "max_drawdown": -0.15304576532450187,
    "sharpe": -0.9366071238390672,
    "buy_hold": {
      "return": 0.15502972374402613,
      "max_drawdown": -0.06752887748050138,
      "sharpe": 0.8970790373759403
    },
    "excess_return_vs_bh": -0.2504052657697431,
    "trades": {
      "chosen_buys": 111,
      "chosen_sells": 108,
      "chosen_holds": 0,
      "executed_buys": 109,
      "executed_sells": 109,
      "invalid_actions": 2
    }
  },
  "HINDUNILVR": {
    "return": 0.0,
    "max_drawdown": 0.0,
    "sharpe": 0.0,
    "buy_hold": {
      "return": -0.030172139998729586,
      "max_drawdown": -0.1604397236871426,
      "sharpe": -0.1793430696107278
    },
    "excess_return_vs_bh": 0.030172139998729586,
    "trades": {
      "chosen_buys": 0,
      "chosen_sells": 219,
      "chosen_holds": 0,
      "executed_buys": 0,
      "executed_sells": 0,
      "invalid_actions": 219
    }
  },
  "ICICIBANK": {
    "return": -0.059950532319447025,
    "max_drawdown": -0.059009541861308336,
    "sharpe": -1.246155866549597,
    "buy_hold": {
      "return": 0.06328211626801838,
      "max_drawdown": -0.11299207308880804,
      "sharpe": 0.3863406143377085
    },
    "excess_return_vs_bh": -0.12323264858746541,
    "trades": {
      "chosen_buys": 38,
      "chosen_sells": 181,
      "chosen_holds": 0,
      "executed_buys": 38,
      "executed_sells": 38,
      "invalid_actions": 143
    }
  },
  "INFY": {
    "return": 0.0,
    "max_drawdown": 0.0,
    "sharpe": 0.0,
    "buy_hold": {
      "return": -0.13758442801680582,
      "max_drawdown": -0.25716640961548687,
      "sharpe": -0.5957437939577157
    },
    "excess_return_vs_bh": 0.13758442801680582,
    "trades": {
      "chosen_buys": 0,
      "chosen_sells": 219,
      "chosen_holds": 0,
      "executed_buys": 0,
      "executed_sells": 0,
      "invalid_actions": 219
    }
  },
  "ITC": {
    "return": -0.06320365168539321,
    "max_drawdown": -0.10408670128697213,
    "sharpe": -0.5216782441483881,
    "buy_hold": {
      "return": -0.06226591760299616,
      "max_drawdown": -0.1040867012869721,
      "sharpe": -0.5216782441483879
    },
    "excess_return_vs_bh": -0.000937734082397057,
    "trades": {
      "chosen_buys": 219,
      "chosen_sells": 0,
      "chosen_holds": 0,
      "executed_buys": 1,
      "executed_sells": 1,
      "invalid_actions": 218
    }
  }
}