{
  "HCLTECH": {
    "return": -0.05594519995620184,
    "max_drawdown": -0.20748623006603803,
    "sharpe": -0.27171074824094793,
    "buy_hold": {
      "return": -0.06843152521844442,
      "max_drawdown": -0.20748623006603806,
      "sharpe": -0.3370285751323063
    },
    "excess_return_vs_bh": 0.012486325262242581,
    "trades": {
      "chosen_buys": 117,
      "chosen_sells": 2,
      "chosen_holds": 100,
      "executed_buys": 3,
      "executed_sells": 3,
      "invalid_actions": 114
    }
  },
  "HDFCBANK": {
    "return": 0.1908173358809564,
    "max_drawdown": -0.06752887748050133,
    "sharpe": 1.156118306191321,
    "buy_hold": {
      "return": 0.15502972374402613,
      "max_drawdown": -0.06752887748050138,
      "sharpe": 0.8970790373759403
    },
    "excess_return_vs_bh": 0.03578761213693027,
    "trades": {
      "chosen_buys": 195,
      "chosen_sells": 7,
      "chosen_holds": 17,
      "executed_buys": 8,
      "executed_sells": 8,
      "invalid_actions": 187
    }
  },
  "HINDUNILVR": {
    "return": -0.01611335372293099,
    "max_drawdown": -0.1604397236871426,
    "sharpe": -0.09779165223110739,
    "buy_hold": {
      "return": -0.030172139998729586,
      "max_drawdown": -0.1604397236871426,
      "sharpe": -0.1793430696107278
    },
    "excess_return_vs_bh": 0.014058786275798596,
    "trades": {
      "chosen_buys": 8,
      "chosen_sells": 7,
      "chosen_holds": 204,
      "executed_buys": 8,
      "executed_sells": 8,
      "invalid_actions": 0
    }
  },
  "ICICIBANK": {
    "return": 0.05071276366291122,
    "max_drawdown": -0.11287288363343193,
    "sharpe": 0.3133325224866602,
    "buy_hold": {
      "return": 0.06328211626801838,
      "max_drawdown": -0.11299207308880804,
      "sharpe": 0.3863406143377085
    },
    "excess_return_vs_bh": -0.012569352605107165,
    "trades": {
      "chosen_buys": 141,
      "chosen_sells": 5,
      "chosen_holds": 73,
      "executed_buys": 6,
      "executed_sells": 6,
      "invalid_actions": 135
    }
  },
  "INFY": {
    "return": -0.1661949740577413,
    "max_drawdown": -0.25716640961548687,
    "sharpe": -0.7351281238647759,
    "buy_hold": {
      "return": -0.13758442801680582,
      "max_drawdown": -0.25716640961548687,
      "sharpe": -0.5957437939577157
    },
    "excess_return_vs_bh": -0.02861054604093549,
    "trades": {
      "chosen_buys": 182,
      "chosen_sells": 1,
      "chosen_holds": 36,
      "executed_buys": 2,
      "executed_sells": 2,
      "invalid_actions": 180
    }
  },
  "ITC": {
    "return": -0.06320365168539321,
    "max_drawdown": -0.10408670128697213,
    "sharpe": -0.5216782441483881,
    "buy_hold": {
      "return": -0.06226591760299616,
      "max_drawdown": -0.1040867012869721,
      "sharpe": -0.5216782441483879
    },
    "excess_return_vs_bh": -0.000937734082397057,
    "trades": {
      "chosen_buys": 202,
      "chosen_sells": 0,
      "chosen_holds": 17,
      "executed_buys": 1,
      "executed_sells": 1,
      "invalid_actions": 201
    }
  }
}