{
  "HCLTECH": {
    "return": -0.001459490035061961,
    "max_drawdown": -0.16568606495468152,
    "sharpe": -0.0021500676740695106,
    "buy_hold": {
      "return": -0.06843152521844442,
      "max_drawdown": -0.20748623006603806,
      "sharpe": -0.3370285751323063
    },
    "excess_return_vs_bh": 0.06697203518338246,
    "trades": {
      "chosen_buys": 190,
      "chosen_sells": 10,
      "chosen_holds": 19,
      "executed_buys": 11,
      "executed_sells": 11,
      "invalid_actions": 179
    }
  },
  "HDFCBANK": {
    "return": 0.17422002121028868,
    "max_drawdown": -0.0675288774805014,
    "sharpe": 1.0322179334152384,
    "buy_hold": {
      "return": 0.15502972374402613,
      "max_drawdown": -0.06752887748050138,
      "sharpe": 0.8970790373759403
    },
    "excess_return_vs_bh": 0.01919029746626255,
    "trades": {
      "chosen_buys": 217,
      "chosen_sells": 1,
      "chosen_holds": 1,
      "executed_buys": 2,
      "executed_sells": 2,
      "invalid_actions": 215
    }
  },
  "HINDUNILVR": {
    "return": -0.009661499763595871,
    "max_drawdown": -0.15680076802593282,
    "sharpe": -0.07694944034262788,
    "buy_hold": {
      "return": -0.030172139998729586,
      "max_drawdown": -0.1604397236871426,
      "sharpe": -0.1793430696107278
    },
    "excess_return_vs_bh": 0.020510640235133715,
    "trades": {
      "chosen_buys": 112,
      "chosen_sells": 25,
      "chosen_holds": 82,
      "executed_buys": 19,
      "executed_sells": 19,
      "invalid_actions": 100
    }
  },
  "ICICIBANK": {
    "return": 0.06321028918039939,
    "max_drawdown": -0.10851675364735494,
    "sharpe": 0.3871394853958108,
    "buy_hold": {
      "return": 0.06328211626801838,
      "max_drawdown": -0.11299207308880804,
      "sharpe": 0.3863406143377085
    },
    "excess_return_vs_bh": -7.182708761899192e-05,
    "trades": {
      "chosen_buys": 216,
      "chosen_sells": 2,
      "chosen_holds": 1,
      "executed_buys": 3,
      "executed_sells": 3,
      "invalid_actions": 213
    }
  },
  "INFY": {
    "return": 0.006470099623948844,
    "max_drawdown": -0.2057985152919472,
    "sharpe": 0.03736463418060552,
    "buy_hold": {
      "return": -0.13758442801680582,
      "max_drawdown": -0.25716640961548687,
      "sharpe": -0.5957437939577157
    },
    "excess_return_vs_bh": 0.14405452764075466,
    "trades": {
      "chosen_buys": 204,
      "chosen_sells": 15,
      "chosen_holds": 0,
      "executed_buys": 16,
      "executed_sells": 16,
      "invalid_actions": 188
    }
  },
  "ITC": {
    "return": -0.06320365168539321,
    "max_drawdown": -0.10408670128697213,
    "sharpe": -0.5216782441483881,
    "buy_hold": {
      "return": -0.06226591760299616,
      "max_drawdown": -0.1040867012869721,
      "sharpe": -0.5216782441483879
    },
    "excess_return_vs_bh": -0.000937734082397057,
    "trades": {
      "chosen_buys": 219,
      "chosen_sells": 0,
      "chosen_holds": 0,
      "executed_buys": 1,
      "executed_sells": 1,
      "invalid_actions": 218
    }
  }
}