{
  "HCLTECH": {
    "return": 0.0,
    "max_drawdown": 0.0,
    "sharpe": 0.0,
    "buy_hold": {
      "return": -0.06843152521844442,
      "max_drawdown": -0.20748623006603806,
      "sharpe": -0.3370285751323063
    },
    "excess_return_vs_bh": 0.06843152521844442,
    "trades": {
      "chosen_buys": 0,
      "chosen_sells": 59,
      "chosen_holds": 160,
      "executed_buys": 0,
      "executed_sells": 0,
      "invalid_actions": 59
    }
  },
  "HDFCBANK": {
    "return": 0.06305151015791188,
    "max_drawdown": -0.08158179719122102,
    "sharpe": 0.44672042886309776,
    "buy_hold": {
      "return": 0.15502972374402613,
      "max_drawdown": -0.06752887748050138,
      "sharpe": 0.8970790373759403
    },
    "excess_return_vs_bh": -0.09197821358611424,
    "trades": {
      "chosen_buys": 52,
      "chosen_sells": 13,
      "chosen_holds": 154,
      "executed_buys": 14,
      "executed_sells": 14,
      "invalid_actions": 38
    }
  },
  "HINDUNILVR": {
    "return": 0.0,
    "max_drawdown": 0.0,
    "sharpe": 0.0,
    "buy_hold": {
      "return": -0.030172139998729586,
      "max_drawdown": -0.1604397236871426,
      "sharpe": -0.1793430696107278
    },
    "excess_return_vs_bh": 0.030172139998729586,
    "trades": {
      "chosen_buys": 0,
      "chosen_sells": 150,
      "chosen_holds": 69,
      "executed_buys": 0,
      "executed_sells": 0,
      "invalid_actions": 150
    }
  },
  "ICICIBANK": {
    "return": 0.009195214876033253,
    "max_drawdown": -0.0010000000000000009,
    "sharpe": 0.8030347608171535,
    "buy_hold": {
      "return": 0.06328211626801838,
      "max_drawdown": -0.11299207308880804,
      "sharpe": 0.3863406143377085
    },
    "excess_return_vs_bh": -0.05408690139198513,
    "trades": {
      "chosen_buys": 1,
      "chosen_sells": 63,
      "chosen_holds": 155,
      "executed_buys": 1,
      "executed_sells": 1,
      "invalid_actions": 62
    }
  },
  "INFY": {
    "return": 0.0,
    "max_drawdown": 0.0,
    "sharpe": 0.0,
    "buy_hold": {
      "return": -0.13758442801680582,
      "max_drawdown": -0.25716640961548687,
      "sharpe": -0.5957437939577157
    },
    "excess_return_vs_bh": 0.13758442801680582,
    "trades": {
      "chosen_buys": 0,
      "chosen_sells": 37,
      "chosen_holds": 182,
      "executed_buys": 0,
      "executed_sells": 0,
      "invalid_actions": 37
    }
  },
  "ITC": {
    "return": -0.06320365168539321,
    "max_drawdown": -0.10408670128697213,
    "sharpe": -0.5216782441483881,
    "buy_hold": {
      "return": -0.06226591760299616,
      "max_drawdown": -0.1040867012869721,
      "sharpe": -0.5216782441483879
    },
    "excess_return_vs_bh": -0.000937734082397057,
    "trades": {
      "chosen_buys": 61,
      "chosen_sells": 0,
      "chosen_holds": 158,
      "executed_buys": 1,
      "executed_sells": 1,
      "invalid_actions": 60
    }
  }
}