{
  "HCLTECH": {
    "return": -0.06155483633765868,
    "max_drawdown": -0.20748623006603803,
    "sharpe": -0.30007001276706663,
    "buy_hold": {
      "return": -0.06843152521844442,
      "max_drawdown": -0.20748623006603806,
      "sharpe": -0.3370285751323063
    },
    "excess_return_vs_bh": 0.006876688880785742,
    "trades": {
      "chosen_buys": 210,
      "chosen_sells": 1,
      "chosen_holds": 8,
      "executed_buys": 2,
      "executed_sells": 2,
      "invalid_actions": 208
    }
  },
  "HDFCBANK": {
    "return": 0.1556590243131959,
    "max_drawdown": -0.06752887748050149,
    "sharpe": 0.9247229808071802,
    "buy_hold": {
      "return": 0.15502972374402613,
      "max_drawdown": -0.06752887748050138,
      "sharpe": 0.8970790373759403
    },
    "excess_return_vs_bh": 0.0006293005691697662,
    "trades": {
      "chosen_buys": 213,
      "chosen_sells": 4,
      "chosen_holds": 2,
      "executed_buys": 5,
      "executed_sells": 5,
      "invalid_actions": 208
    }
  },
  "HINDUNILVR": {
    "return": -0.051772747680846165,
    "max_drawdown": -0.16738958675330246,
    "sharpe": -0.3278725275812535,
    "buy_hold": {
      "return": -0.030172139998729586,
      "max_drawdown": -0.1604397236871426,
      "sharpe": -0.1793430696107278
    },
    "excess_return_vs_bh": -0.02160060768211658,
    "trades": {
      "chosen_buys": 207,
      "chosen_sells": 12,
      "chosen_holds": 0,
      "executed_buys": 13,
      "executed_sells": 13,
      "invalid_actions": 194
    }
  },
  "ICICIBANK": {
    "return": 0.0736834948829217,
    "max_drawdown": -0.09445116216579326,
    "sharpe": 0.4628227150974196,
    "buy_hold": {
      "return": 0.06328211626801838,
      "max_drawdown": -0.11299207308880804,
      "sharpe": 0.3863406143377085
    },
    "excess_return_vs_bh": 0.010401378614903312,
    "trades": {
      "chosen_buys": 216,
      "chosen_sells": 3,
      "chosen_holds": 0,
      "executed_buys": 4,
      "executed_sells": 4,
      "invalid_actions": 212
    }
  },
  "INFY": {
    "return": -0.138446843588789,
    "max_drawdown": -0.25716640961548687,
    "sharpe": -0.5957437939577173,
    "buy_hold": {
      "return": -0.13758442801680582,
      "max_drawdown": -0.25716640961548687,
      "sharpe": -0.5957437939577157
    },
    "excess_return_vs_bh": -0.0008624155719831883,
    "trades": {
      "chosen_buys": 203,
      "chosen_sells": 0,
      "chosen_holds": 16,
      "executed_buys": 1,
      "executed_sells": 1,
      "invalid_actions": 202
    }
  },
  "ITC": {
    "return": -0.06320365168539321,
    "max_drawdown": -0.10408670128697213,
    "sharpe": -0.5216782441483881,
    "buy_hold": {
      "return": -0.06226591760299616,
      "max_drawdown": -0.1040867012869721,
      "sharpe": -0.5216782441483879
    },
    "excess_return_vs_bh": -0.000937734082397057,
    "trades": {
      "chosen_buys": 218,
      "chosen_sells": 0,
      "chosen_holds": 1,
      "executed_buys": 1,
      "executed_sells": 1,
      "invalid_actions": 217
    }
  }
}