{
  "HCLTECH": {
    "return": -0.06350272780034816,
    "max_drawdown": -0.2039197655037647,
    "sharpe": -0.4497711130136465,
    "buy_hold": {
      "return": -0.06843152521844442,
      "max_drawdown": -0.20748623006603806,
      "sharpe": -0.3370285751323063
    },
    "excess_return_vs_bh": 0.004928797418096265,
    "trades": {
      "chosen_buys": 81,
      "chosen_sells": 56,
      "chosen_holds": 82,
      "executed_buys": 1,
      "executed_sells": 1,
      "invalid_actions": 136
    }
  },
  "HDFCBANK": {
    "return": 0.14191209271200145,
    "max_drawdown": -0.07665874865028416,
    "sharpe": 0.8264838588196693,
    "buy_hold": {
      "return": 0.15502972374402613,
      "max_drawdown": -0.06752887748050138,
      "sharpe": 0.8970790373759403
    },
    "excess_return_vs_bh": -0.01311763103202468,
    "trades": {
      "chosen_buys": 94,
      "chosen_sells": 1,
      "chosen_holds": 124,
      "executed_buys": 2,
      "executed_sells": 2,
      "invalid_actions": 92
    }
  },
  "HINDUNILVR": {
    "return": -0.09750425329700874,
    "max_drawdown": -0.1707035707888893,
    "sharpe": -0.6407146778081645,
    "buy_hold": {
      "return": -0.030172139998729586,
      "max_drawdown": -0.1604397236871426,
      "sharpe": -0.1793430696107278
    },
    "excess_return_vs_bh": -0.06733211329827915,
    "trades": {
      "chosen_buys": 34,
      "chosen_sells": 58,
      "chosen_holds": 127,
      "executed_buys": 2,
      "executed_sells": 2,
      "invalid_actions": 89
    }
  },
  "ICICIBANK": {
    "return": 0.06215646797176655,
    "max_drawdown": -0.11304415209008223,
    "sharpe": 0.39307922185390454,
    "buy_hold": {
      "return": 0.06328211626801838,
      "max_drawdown": -0.11299207308880804,
      "sharpe": 0.3863406143377085
    },
    "excess_return_vs_bh": -0.0011256482962518355,
    "trades": {
      "chosen_buys": 82,
      "chosen_sells": 5,
      "chosen_holds": 132,
      "executed_buys": 2,
      "executed_sells": 2,
      "invalid_actions": 84
    }
  },
  "INFY": {
    "return": -0.03617536066810545,
    "max_drawdown": -0.13262631803498512,
    "sharpe": -0.22506418838799794,
    "buy_hold": {
      "return": -0.13758442801680582,
      "max_drawdown": -0.25716640961548687,
      "sharpe": -0.5957437939577157
    },
    "excess_return_vs_bh": 0.10140906734870037,
    "trades": {
      "chosen_buys": 35,
      "chosen_sells": 28,
      "chosen_holds": 156,
      "executed_buys": 2,
      "executed_sells": 2,
      "invalid_actions": 60
    }
  },
  "ITC": {
    "return": -0.06320365168539321,
    "max_drawdown": -0.10408670128697213,
    "sharpe": -0.5216782441483881,
    "buy_hold": {
      "return": -0.06226591760299616,
      "max_drawdown": -0.1040867012869721,
      "sharpe": -0.5216782441483879
    },
    "excess_return_vs_bh": -0.000937734082397057,
    "trades": {
      "chosen_buys": 11,
      "chosen_sells": 0,
      "chosen_holds": 208,
      "executed_buys": 1,
      "executed_sells": 1,
      "invalid_actions": 10
    }
  }
}