{
  "HCLTECH": {
    "return": 0.08382012936848571,
    "max_drawdown": -0.0791783007578779,
    "sharpe": 0.7198079463183539,
    "buy_hold": {
      "return": -0.06843152521844442,
      "max_drawdown": -0.20748623006603806,
      "sharpe": -0.3370285751323063
    },
    "excess_return_vs_bh": 0.15225165458693013,
    "trades": {
      "chosen_buys": 23,
      "chosen_sells": 67,
      "chosen_holds": 129,
      "executed_buys": 1,
      "executed_sells": 1,
      "invalid_actions": 88
    }
  },
  "HDFCBANK": {
    "return": 0.13427305449597227,
    "max_drawdown": -0.06752887748050143,
    "sharpe": 0.7740742199952553,
    "buy_hold": {
      "return": 0.15502972374402613,
      "max_drawdown": -0.06752887748050138,
      "sharpe": 0.8970790373759403
    },
    "excess_return_vs_bh": -0.02075666924805386,
    "trades": {
      "chosen_buys": 68,
      "chosen_sells": 1,
      "chosen_holds": 150,
      "executed_buys": 2,
      "executed_sells": 2,
      "invalid_actions": 66
    }
  },
  "HINDUNILVR": {
    "return": 0.0,
    "max_drawdown": 0.0,
    "sharpe": 0.0,
    "buy_hold": {
      "return": -0.030172139998729586,
      "max_drawdown": -0.1604397236871426,
      "sharpe": -0.1793430696107278
    },
    "excess_return_vs_bh": 0.030172139998729586,
    "trades": {
      "chosen_buys": 0,
      "chosen_sells": 219,
      "chosen_holds": 0,
      "executed_buys": 0,
      "executed_sells": 0,
      "invalid_actions": 219
    }
  },
  "ICICIBANK": {
    "return": 0.05329641328220225,
    "max_drawdown": -0.08686030428769012,
    "sharpe": 0.4502920724786862,
    "buy_hold": {
      "return": 0.06328211626801838,
      "max_drawdown": -0.11299207308880804,
      "sharpe": 0.3863406143377085
    },
    "excess_return_vs_bh": -0.009985702985816136,
    "trades": {
      "chosen_buys": 8,
      "chosen_sells": 55,
      "chosen_holds": 156,
      "executed_buys": 3,
      "executed_sells": 3,
      "invalid_actions": 58
    }
  },
  "INFY": {
    "return": 0.07598787872763424,
    "max_drawdown": -0.06474773187128752,
    "sharpe": 0.5507430185095913,
    "buy_hold": {
      "return": -0.13758442801680582,
      "max_drawdown": -0.25716640961548687,
      "sharpe": -0.5957437939577157
    },
    "excess_return_vs_bh": 0.21357230674444005,
    "trades": {
      "chosen_buys": 34,
      "chosen_sells": 59,
      "chosen_holds": 126,
      "executed_buys": 1,
      "executed_sells": 1,
      "invalid_actions": 91
    }
  },
  "ITC": {
    "return": -0.06320365168539321,
    "max_drawdown": -0.10408670128697213,
    "sharpe": -0.5216782441483881,
    "buy_hold": {
      "return": -0.06226591760299616,
      "max_drawdown": -0.1040867012869721,
      "sharpe": -0.5216782441483879
    },
    "excess_return_vs_bh": -0.000937734082397057,
    "trades": {
      "chosen_buys": 19,
      "chosen_sells": 0,
      "chosen_holds": 200,
      "executed_buys": 1,
      "executed_sells": 1,
      "invalid_actions": 18
    }
  }
}