{
  "HCLTECH": {
    "return": 0.0,
    "max_drawdown": 0.0,
    "sharpe": 0.0,
    "buy_hold": {
      "return": -0.06843152521844442,
      "max_drawdown": -0.20748623006603806,
      "sharpe": -0.3370285751323063
    },
    "excess_return_vs_bh": 0.06843152521844442,
    "trades": {
      "chosen_buys": 0,
      "chosen_sells": 194,
      "chosen_holds": 25,
      "executed_buys": 0,
      "executed_sells": 0,
      "invalid_actions": 194
    }
  },
  "HDFCBANK": {
    "return": 0.16306199692477596,
    "max_drawdown": -0.06752887748050142,
    "sharpe": 0.965994948447815,
    "buy_hold": {
      "return": 0.15502972374402613,
      "max_drawdown": -0.06752887748050138,
      "sharpe": 0.8970790373759403
    },
    "excess_return_vs_bh": 0.008032273180749838,
    "trades": {
      "chosen_buys": 58,
      "chosen_sells": 4,
      "chosen_holds": 157,
      "executed_buys": 5,
      "executed_sells": 5,
      "invalid_actions": 53
    }
  },
  "HINDUNILVR": {
    "return": 0.0,
    "max_drawdown": 0.0,
    "sharpe": 0.0,
    "buy_hold": {
      "return": -0.030172139998729586,
      "max_drawdown": -0.1604397236871426,
      "sharpe": -0.1793430696107278
    },
    "excess_return_vs_bh": 0.030172139998729586,
    "trades": {
      "chosen_buys": 0,
      "chosen_sells": 163,
      "chosen_holds": 56,
      "executed_buys": 0,
      "executed_sells": 0,
      "invalid_actions": 163
    }
  },
  "ICICIBANK": {
    "return": 0.12551692194748854,
    "max_drawdown": -0.04561486941703341,
    "sharpe": 1.3650003490920704,
    "buy_hold": {
      "return": 0.06328211626801838,
      "max_drawdown": -0.11299207308880804,
      "sharpe": 0.3863406143377085
    },
    "excess_return_vs_bh": 0.06223480567947015,
    "trades": {
      "chosen_buys": 33,
      "chosen_sells": 164,
      "chosen_holds": 22,
      "executed_buys": 3,
      "executed_sells": 3,
      "invalid_actions": 191
    }
  },
  "INFY": {
    "return": 0.0,
    "max_drawdown": 0.0,
    "sharpe": 0.0,
    "buy_hold": {
      "return": -0.13758442801680582,
      "max_drawdown": -0.25716640961548687,
      "sharpe": -0.5957437939577157
    },
    "excess_return_vs_bh": 0.13758442801680582,
    "trades": {
      "chosen_buys": 0,
      "chosen_sells": 204,
      "chosen_holds": 15,
      "executed_buys": 0,
      "executed_sells": 0,
      "invalid_actions": 204
    }
  },
  "ITC": {
    "return": -0.06320365168539321,
    "max_drawdown": -0.10408670128697213,
    "sharpe": -0.5216782441483881,
    "buy_hold": {
      "return": -0.06226591760299616,
      "max_drawdown": -0.1040867012869721,
      "sharpe": -0.5216782441483879
    },
    "excess_return_vs_bh": -0.000937734082397057,
    "trades": {
      "chosen_buys": 1,
      "chosen_sells": 0,
      "chosen_holds": 218,
      "executed_buys": 1,
      "executed_sells": 1,
      "invalid_actions": 0
    }
  }
}