{
  "HCLTECH": {
    "return": 0.09476318313307486,
    "max_drawdown": -0.043467961625014664,
    "sharpe": 0.9158699368887582,
    "buy_hold": {
      "return": -0.06843152521844442,
      "max_drawdown": -0.20748623006603806,
      "sharpe": -0.3370285751323063
    },
    "excess_return_vs_bh": 0.16319470835151928,
    "trades": {
      "chosen_buys": 38,
      "chosen_sells": 164,
      "chosen_holds": 17,
      "executed_buys": 2,
      "executed_sells": 2,
      "invalid_actions": 199
    }
  },
  "HDFCBANK": {
    "return": 0.17422002121028868,
    "max_drawdown": -0.0675288774805014,
    "sharpe": 1.0322179334152384,
    "buy_hold": {
      "return": 0.15502972374402613,
      "max_drawdown": -0.06752887748050138,
      "sharpe": 0.8970790373759403
    },
    "excess_return_vs_bh": 0.01919029746626255,
    "trades": {
      "chosen_buys": 218,
      "chosen_sells": 1,
      "chosen_holds": 0,
      "executed_buys": 2,
      "executed_sells": 2,
      "invalid_actions": 216
    }
  },
  "HINDUNILVR": {
    "return": -0.02642136170212772,
    "max_drawdown": -0.16043972368714257,
    "sharpe": -0.1613066080524607,
    "buy_hold": {
      "return": -0.030172139998729586,
      "max_drawdown": -0.1604397236871426,
      "sharpe": -0.1793430696107278
    },
    "excess_return_vs_bh": 0.0037507782966018643,
    "trades": {
      "chosen_buys": 86,
      "chosen_sells": 39,
      "chosen_holds": 94,
      "executed_buys": 1,
      "executed_sells": 1,
      "invalid_actions": 124
    }
  },
  "ICICIBANK": {
    "return": 0.054330615876775123,
    "max_drawdown": -0.11299207308880797,
    "sharpe": 0.34155706898134264,
    "buy_hold": {
      "return": 0.06328211626801838,
      "max_drawdown": -0.11299207308880804,
      "sharpe": 0.3863406143377085
    },
    "excess_return_vs_bh": -0.008951500391243261,
    "trades": {
      "chosen_buys": 65,
      "chosen_sells": 1,
      "chosen_holds": 153,
      "executed_buys": 2,
      "executed_sells": 2,
      "invalid_actions": 63
    }
  },
  "INFY": {
    "return": -0.012148057808403001,
    "max_drawdown": -0.13307097993780115,
    "sharpe": -0.07889744043570125,
    "buy_hold": {
      "return": -0.13758442801680582,
      "max_drawdown": -0.25716640961548687,
      "sharpe": -0.5957437939577157
    },
    "excess_return_vs_bh": 0.12543637020840281,
    "trades": {
      "chosen_buys": 24,
      "chosen_sells": 84,
      "chosen_holds": 111,
      "executed_buys": 1,
      "executed_sells": 1,
      "invalid_actions": 107
    }
  },
  "ITC": {
    "return": -0.06320365168539321,
    "max_drawdown": -0.10408670128697213,
    "sharpe": -0.5216782441483881,
    "buy_hold": {
      "return": -0.06226591760299616,
      "max_drawdown": -0.1040867012869721,
      "sharpe": -0.5216782441483879
    },
    "excess_return_vs_bh": -0.000937734082397057,
    "trades": {
      "chosen_buys": 219,
      "chosen_sells": 0,
      "chosen_holds": 0,
      "executed_buys": 1,
      "executed_sells": 1,
      "invalid_actions": 218
    }
  }
}