{
  "HCLTECH": {
    "return": -0.008141591728078379,
    "max_drawdown": -0.20070466628687011,
    "sharpe": -0.041854014171230434,
    "buy_hold": {
      "return": -0.06843152521844442,
      "max_drawdown": -0.20748623006603806,
      "sharpe": -0.3370285751323063
    },
    "excess_return_vs_bh": 0.06028993349036604,
    "trades": {
      "chosen_buys": 185,
      "chosen_sells": 3,
      "chosen_holds": 31,
      "executed_buys": 2,
      "executed_sells": 2,
      "invalid_actions": 185
    }
  },
  "HDFCBANK": {
    "return": 0.16619730498463592,
    "max_drawdown": -0.06752887748050142,
    "sharpe": 1.0412840077784224,
    "buy_hold": {
      "return": 0.15502972374402613,
      "max_drawdown": -0.06752887748050138,
      "sharpe": 0.8970790373759403
    },
    "excess_return_vs_bh": 0.011167581240609792,
    "trades": {
      "chosen_buys": 164,
      "chosen_sells": 15,
      "chosen_holds": 40,
      "executed_buys": 3,
      "executed_sells": 3,
      "invalid_actions": 174
    }
  },
  "HINDUNILVR": {
    "return": -0.011801559912205994,
    "max_drawdown": -0.1604397236871426,
    "sharpe": -0.07454113751079892,
    "buy_hold": {
      "return": -0.030172139998729586,
      "max_drawdown": -0.1604397236871426,
      "sharpe": -0.1793430696107278
    },
    "excess_return_vs_bh": 0.01837058008652359,
    "trades": {
      "chosen_buys": 187,
      "chosen_sells": 3,
      "chosen_holds": 29,
      "executed_buys": 4,
      "executed_sells": 4,
      "invalid_actions": 183
    }
  },
  "ICICIBANK": {
    "return": 0.07379162965279451,
    "max_drawdown": -0.11299207308880821,
    "sharpe": 0.5267717565946372,
    "buy_hold": {
      "return": 0.06328211626801838,
      "max_drawdown": -0.11299207308880804,
      "sharpe": 0.3863406143377085
    },
    "excess_return_vs_bh": 0.010509513384776126,
    "trades": {
      "chosen_buys": 174,
      "chosen_sells": 14,
      "chosen_holds": 31,
      "executed_buys": 2,
      "executed_sells": 2,
      "invalid_actions": 185
    }
  },
  "INFY": {
    "return": -0.138446843588789,
    "max_drawdown": -0.25716640961548687,
    "sharpe": -0.5957437939577173,
    "buy_hold": {
      "return": -0.13758442801680582,
      "max_drawdown": -0.25716640961548687,
      "sharpe": -0.5957437939577157
    },
    "excess_return_vs_bh": -0.0008624155719831883,
    "trades": {
      "chosen_buys": 219,
      "chosen_sells": 0,
      "chosen_holds": 0,
      "executed_buys": 1,
      "executed_sells": 1,
      "invalid_actions": 218
    }
  },
  "ITC": {
    "return": -0.06320365168539321,
    "max_drawdown": -0.10408670128697213,
    "sharpe": -0.5216782441483881,
    "buy_hold": {
      "return": -0.06226591760299616,
      "max_drawdown": -0.1040867012869721,
      "sharpe": -0.5216782441483879
    },
    "excess_return_vs_bh": -0.000937734082397057,
    "trades": {
      "chosen_buys": 92,
      "chosen_sells": 0,
      "chosen_holds": 127,
      "executed_buys": 1,
      "executed_sells": 1,
      "invalid_actions": 91
    }
  }
}