{
  "HCLTECH": {
    "return": -0.059246467003477576,
    "max_drawdown": -0.20391976550376475,
    "sharpe": -0.41185141403531456,
    "buy_hold": {
      "return": -0.06843152521844442,
      "max_drawdown": -0.20748623006603806,
      "sharpe": -0.3370285751323063
    },
    "excess_return_vs_bh": 0.009185058214966846,
    "trades": {
      "chosen_buys": 134,
      "chosen_sells": 1,
      "chosen_holds": 84,
      "executed_buys": 2,
      "executed_sells": 2,
      "invalid_actions": 132
    }
  },
  "HDFCBANK": {
    "return": 0.14532615175020425,
    "max_drawdown": -0.06752887748050149,
    "sharpe": 0.82761998478454,
    "buy_hold": {
      "return": 0.15502972374402613,
      "max_drawdown": -0.06752887748050138,
      "sharpe": 0.8970790373759403
    },
    "excess_return_vs_bh": -0.00970357199382188,
    "trades": {
      "chosen_buys": 48,
      "chosen_sells": 2,
      "chosen_holds": 169,
      "executed_buys": 3,
      "executed_sells": 3,
      "invalid_actions": 45
    }
  },
  "HINDUNILVR": {
    "return": 0.0,
    "max_drawdown": 0.0,
    "sharpe": 0.0,
    "buy_hold": {
      "return": -0.030172139998729586,
      "max_drawdown": -0.1604397236871426,
      "sharpe": -0.1793430696107278
    },
    "excess_return_vs_bh": 0.030172139998729586,
    "trades": {
      "chosen_buys": 0,
      "chosen_sells": 0,
      "chosen_holds": 219,
      "executed_buys": 0,
      "executed_sells": 0,
      "invalid_actions": 0
    }
  },
  "ICICIBANK": {
    "return": 0.009982014984324383,
    "max_drawdown": -0.11387908101571936,
    "sharpe": 0.06879079900241893,
    "buy_hold": {
      "return": 0.06328211626801838,
      "max_drawdown": -0.11299207308880804,
      "sharpe": 0.3863406143377085
    },
    "excess_return_vs_bh": -0.053300101283694,
    "trades": {
      "chosen_buys": 182,
      "chosen_sells": 2,
      "chosen_holds": 35,
      "executed_buys": 3,
      "executed_sells": 3,
      "invalid_actions": 179
    }
  },
  "INFY": {
    "return": -0.015822383985695354,
    "max_drawdown": -0.1326263180349852,
    "sharpe": -0.10447418252341638,
    "buy_hold": {
      "return": -0.13758442801680582,
      "max_drawdown": -0.25716640961548687,
      "sharpe": -0.5957437939577157
    },
    "excess_return_vs_bh": 0.12176204403111046,
    "trades": {
      "chosen_buys": 134,
      "chosen_sells": 1,
      "chosen_holds": 84,
      "executed_buys": 2,
      "executed_sells": 2,
      "invalid_actions": 132
    }
  },
  "ITC": {
    "return": -0.06320365168539321,
    "max_drawdown": -0.10408670128697213,
    "sharpe": -0.5216782441483881,
    "buy_hold": {
      "return": -0.06226591760299616,
      "max_drawdown": -0.1040867012869721,
      "sharpe": -0.5216782441483879
    },
    "excess_return_vs_bh": -0.000937734082397057,
    "trades": {
      "chosen_buys": 79,
      "chosen_sells": 0,
      "chosen_holds": 140,
      "executed_buys": 1,
      "executed_sells": 1,
      "invalid_actions": 78
    }
  }
}