{
  "HCLTECH": {
    "return": -0.0797106814672347,
    "max_drawdown": -0.20748623006603803,
    "sharpe": -0.38988384779689983,
    "buy_hold": {
      "return": -0.06843152521844442,
      "max_drawdown": -0.20748623006603806,
      "sharpe": -0.3370285751323063
    },
    "excess_return_vs_bh": -0.011279156248790279,
    "trades": {
      "chosen_buys": 205,
      "chosen_sells": 2,
      "chosen_holds": 12,
      "executed_buys": 3,
      "executed_sells": 3,
      "invalid_actions": 202
    }
  },
  "HDFCBANK": {
    "return": 0.11653319972164078,
    "max_drawdown": -0.06752887748050139,
    "sharpe": 0.6446693220791895,
    "buy_hold": {
      "return": 0.15502972374402613,
      "max_drawdown": -0.06752887748050138,
      "sharpe": 0.8970790373759403
    },
    "excess_return_vs_bh": -0.03849652402238535,
    "trades": {
      "chosen_buys": 104,
      "chosen_sells": 11,
      "chosen_holds": 104,
      "executed_buys": 12,
      "executed_sells": 12,
      "invalid_actions": 92
    }
  },
  "HINDUNILVR": {
    "return": 0.008396852105009733,
    "max_drawdown": -0.08642994770162397,
    "sharpe": 0.07741059865540328,
    "buy_hold": {
      "return": -0.030172139998729586,
      "max_drawdown": -0.1604397236871426,
      "sharpe": -0.1793430696107278
    },
    "excess_return_vs_bh": 0.03856899210373932,
    "trades": {
      "chosen_buys": 152,
      "chosen_sells": 67,
      "chosen_holds": 0,
      "executed_buys": 53,
      "executed_sells": 53,
      "invalid_actions": 114
    }
  },
  "ICICIBANK": {
    "return": 0.08048802333382499,
    "max_drawdown": -0.11287288363343183,
    "sharpe": 0.5755360010557691,
    "buy_hold": {
      "return": 0.06328211626801838,
      "max_drawdown": -0.11299207308880804,
      "sharpe": 0.3863406143377085
    },
    "excess_return_vs_bh": 0.017205907065806603,
    "trades": {
      "chosen_buys": 198,
      "chosen_sells": 8,
      "chosen_holds": 13,
      "executed_buys": 9,
      "executed_sells": 9,
      "invalid_actions": 189
    }
  },
  "INFY": {
    "return": -0.18164099955141444,
    "max_drawdown": -0.25716640961548687,
    "sharpe": -0.8001896553441251,
    "buy_hold": {
      "return": -0.13758442801680582,
      "max_drawdown": -0.25716640961548687,
      "sharpe": -0.5957437939577157
    },
    "excess_return_vs_bh": -0.044056571534608624,
    "trades": {
      "chosen_buys": 196,
      "chosen_sells": 5,
      "chosen_holds": 18,
      "executed_buys": 6,
      "executed_sells": 6,
      "invalid_actions": 190
    }
  },
  "ITC": {
    "return": -0.00072741956213207,
    "max_drawdown": -0.08641806867941913,
    "sharpe": -0.00617664001528858,
    "buy_hold": {
      "return": -0.06226591760299616,
      "max_drawdown": -0.1040867012869721,
      "sharpe": -0.5216782441483879
    },
    "excess_return_vs_bh": 0.06153849804086409,
    "trades": {
      "chosen_buys": 52,
      "chosen_sells": 4,
      "chosen_holds": 163,
      "executed_buys": 5,
      "executed_sells": 5,
      "invalid_actions": 47
    }
  }
}