{
  "HCLTECH": {
    "return": -0.04887622613533893,
    "max_drawdown": -0.20748623006603803,
    "sharpe": -0.23641944410708704,
    "buy_hold": {
      "return": -0.06843152521844442,
      "max_drawdown": -0.20748623006603806,
      "sharpe": -0.3370285751323063
    },
    "excess_return_vs_bh": 0.019555299083105493,
    "trades": {
      "chosen_buys": 205,
      "chosen_sells": 3,
      "chosen_holds": 11,
      "executed_buys": 4,
      "executed_sells": 4,
      "invalid_actions": 201
    }
  },
  "HDFCBANK": {
    "return": 0.14532615175020425,
    "max_drawdown": -0.06752887748050149,
    "sharpe": 0.82761998478454,
    "buy_hold": {
      "return": 0.15502972374402613,
      "max_drawdown": -0.06752887748050138,
      "sharpe": 0.8970790373759403
    },
    "excess_return_vs_bh": -0.00970357199382188,
    "trades": {
      "chosen_buys": 217,
      "chosen_sells": 2,
      "chosen_holds": 0,
      "executed_buys": 3,
      "executed_sells": 3,
      "invalid_actions": 214
    }
  },
  "HINDUNILVR": {
    "return": 0.0,
    "max_drawdown": 0.0,
    "sharpe": 0.0,
    "buy_hold": {
      "return": -0.030172139998729586,
      "max_drawdown": -0.1604397236871426,
      "sharpe": -0.1793430696107278
    },
    "excess_return_vs_bh": 0.030172139998729586,
    "trades": {
      "chosen_buys": 0,
      "chosen_sells": 219,
      "chosen_holds": 0,
      "executed_buys": 0,
      "executed_sells": 0,
      "invalid_actions": 219
    }
  },
  "ICICIBANK": {
    "return": 0.08995702969724495,
    "max_drawdown": -0.11287288363343188,
    "sharpe": 0.649856880887914,
    "buy_hold": {
      "return": 0.06328211626801838,
      "max_drawdown": -0.11299207308880804,
      "sharpe": 0.3863406143377085
    },
    "excess_return_vs_bh": 0.026674913429226565,
    "trades": {
      "chosen_buys": 214,
      "chosen_sells": 5,
      "chosen_holds": 0,
      "executed_buys": 6,
      "executed_sells": 6,
      "invalid_actions": 208
    }
  },
  "INFY": {
    "return": -0.12138228785787764,
    "max_drawdown": -0.2424533009609822,
    "sharpe": -0.5241227773004365,
    "buy_hold": {
      "return": -0.13758442801680582,
      "max_drawdown": -0.25716640961548687,
      "sharpe": -0.5957437939577157
    },
    "excess_return_vs_bh": 0.01620214015892818,
    "trades": {
      "chosen_buys": 122,
      "chosen_sells": 4,
      "chosen_holds": 93,
      "executed_buys": 5,
      "executed_sells": 5,
      "invalid_actions": 117
    }
  },
  "ITC": {
    "return": -0.06320365168539321,
    "max_drawdown": -0.10408670128697213,
    "sharpe": -0.5216782441483881,
    "buy_hold": {
      "return": -0.06226591760299616,
      "max_drawdown": -0.1040867012869721,
      "sharpe": -0.5216782441483879
    },
    "excess_return_vs_bh": -0.000937734082397057,
    "trades": {
      "chosen_buys": 219,
      "chosen_sells": 0,
      "chosen_holds": 0,
      "executed_buys": 1,
      "executed_sells": 1,
      "invalid_actions": 218
    }
  }
}