{
  "HCLTECH": {
    "return": -0.06936309369322602,
    "max_drawdown": -0.20748623006603803,
    "sharpe": -0.3370285751323062,
    "buy_hold": {
      "return": -0.06843152521844442,
      "max_drawdown": -0.20748623006603806,
      "sharpe": -0.3370285751323063
    },
    "excess_return_vs_bh": -0.0009315684747815967,
    "trades": {
      "chosen_buys": 207,
      "chosen_sells": 0,
      "chosen_holds": 12,
      "executed_buys": 1,
      "executed_sells": 1,
      "invalid_actions": 206
    }
  },
  "HDFCBANK": {
    "return": 0.11359311073277256,
    "max_drawdown": -0.09830086635152223,
    "sharpe": 0.7000683956715885,
    "buy_hold": {
      "return": 0.15502972374402613,
      "max_drawdown": -0.06752887748050138,
      "sharpe": 0.8970790373759403
    },
    "excess_return_vs_bh": -0.041436613011253565,
    "trades": {
      "chosen_buys": 68,
      "chosen_sells": 1,
      "chosen_holds": 150,
      "executed_buys": 2,
      "executed_sells": 2,
      "invalid_actions": 66
    }
  },
  "HINDUNILVR": {
    "return": -0.011702494167023514,
    "max_drawdown": -0.16223804475407683,
    "sharpe": -0.06333894952915473,
    "buy_hold": {
      "return": -0.030172139998729586,
      "max_drawdown": -0.1604397236871426,
      "sharpe": -0.1793430696107278
    },
    "excess_return_vs_bh": 0.018469645831706072,
    "trades": {
      "chosen_buys": 136,
      "chosen_sells": 2,
      "chosen_holds": 81,
      "executed_buys": 3,
      "executed_sells": 3,
      "invalid_actions": 133
    }
  },
  "ICICIBANK": {
    "return": 0.08907211845342577,
    "max_drawdown": -0.11192463484504654,
    "sharpe": 0.5429486313366202,
    "buy_hold": {
      "return": 0.06328211626801838,
      "max_drawdown": -0.11299207308880804,
      "sharpe": 0.3863406143377085
    },
    "excess_return_vs_bh": 0.02579000218540739,
    "trades": {
      "chosen_buys": 87,
      "chosen_sells": 1,
      "chosen_holds": 131,
      "executed_buys": 2,
      "executed_sells": 2,
      "invalid_actions": 85
    }
  },
  "INFY": {
    "return": -0.138446843588789,
    "max_drawdown": -0.25716640961548687,
    "sharpe": -0.5957437939577173,
    "buy_hold": {
      "return": -0.13758442801680582,
      "max_drawdown": -0.25716640961548687,
      "sharpe": -0.5957437939577157
    },
    "excess_return_vs_bh": -0.0008624155719831883,
    "trades": {
      "chosen_buys": 214,
      "chosen_sells": 0,
      "chosen_holds": 5,
      "executed_buys": 1,
      "executed_sells": 1,
      "invalid_actions": 213
    }
  },
  "ITC": {
    "return": -0.06320365168539321,
    "max_drawdown": -0.10408670128697213,
    "sharpe": -0.5216782441483881,
    "buy_hold": {
      "return": -0.06226591760299616,
      "max_drawdown": -0.1040867012869721,
      "sharpe": -0.5216782441483879
    },
    "excess_return_vs_bh": -0.000937734082397057,
    "trades": {
      "chosen_buys": 219,
      "chosen_sells": 0,
      "chosen_holds": 0,
      "executed_buys": 1,
      "executed_sells": 1,
      "invalid_actions": 218
    }
  }
}