{
  "HCLTECH": {
    "return": -0.05574232974801141,
    "max_drawdown": -0.20391976550376467,
    "sharpe": -0.27335867420900095,
    "buy_hold": {
      "return": -0.06843152521844442,
      "max_drawdown": -0.20748623006603806,
      "sharpe": -0.3370285751323063
    },
    "excess_return_vs_bh": 0.012689195470433012,
    "trades": {
      "chosen_buys": 100,
      "chosen_sells": 7,
      "chosen_holds": 112,
      "executed_buys": 3,
      "executed_sells": 3,
      "invalid_actions": 102
    }
  },
  "HDFCBANK": {
    "return": 0.13282129735615977,
    "max_drawdown": -0.0713063259807336,
    "sharpe": 0.7781789737585251,
    "buy_hold": {
      "return": 0.15502972374402613,
      "max_drawdown": -0.06752887748050138,
      "sharpe": 0.8970790373759403
    },
    "excess_return_vs_bh": -0.022208426387866353,
    "trades": {
      "chosen_buys": 35,
      "chosen_sells": 2,
      "chosen_holds": 182,
      "executed_buys": 3,
      "executed_sells": 3,
      "invalid_actions": 32
    }
  },
  "HINDUNILVR": {
    "return": 0.0,
    "max_drawdown": 0.0,
    "sharpe": 0.0,
    "buy_hold": {
      "return": -0.030172139998729586,
      "max_drawdown": -0.1604397236871426,
      "sharpe": -0.1793430696107278
    },
    "excess_return_vs_bh": 0.030172139998729586,
    "trades": {
      "chosen_buys": 0,
      "chosen_sells": 219,
      "chosen_holds": 0,
      "executed_buys": 0,
      "executed_sells": 0,
      "invalid_actions": 219
    }
  },
  "ICICIBANK": {
    "return": 0.03611222805916614,
    "max_drawdown": -0.1197623892591512,
    "sharpe": 0.2602544231599119,
    "buy_hold": {
      "return": 0.06328211626801838,
      "max_drawdown": -0.11299207308880804,
      "sharpe": 0.3863406143377085
    },
    "excess_return_vs_bh": -0.027169888208852244,
    "trades": {
      "chosen_buys": 47,
      "chosen_sells": 3,
      "chosen_holds": 169,
      "executed_buys": 4,
      "executed_sells": 4,
      "invalid_actions": 43
    }
  },
  "INFY": {
    "return": -0.010261910811899422,
    "max_drawdown": -0.1422825386103349,
    "sharpe": -0.04424304653117262,
    "buy_hold": {
      "return": -0.13758442801680582,
      "max_drawdown": -0.25716640961548687,
      "sharpe": -0.5957437939577157
    },
    "excess_return_vs_bh": 0.1273225172049064,
    "trades": {
      "chosen_buys": 84,
      "chosen_sells": 26,
      "chosen_holds": 109,
      "executed_buys": 2,
      "executed_sells": 2,
      "invalid_actions": 106
    }
  },
  "ITC": {
    "return": -0.030788043517361974,
    "max_drawdown": -0.08465540598436355,
    "sharpe": -0.24333713046309557,
    "buy_hold": {
      "return": -0.06226591760299616,
      "max_drawdown": -0.1040867012869721,
      "sharpe": -0.5216782441483879
    },
    "excess_return_vs_bh": 0.03147787408563418,
    "trades": {
      "chosen_buys": 179,
      "chosen_sells": 16,
      "chosen_holds": 24,
      "executed_buys": 17,
      "executed_sells": 17,
      "invalid_actions": 162
    }
  }
}