{
  "HCLTECH": {
    "return": -0.08259501999919672,
    "max_drawdown": -0.20748623006603803,
    "sharpe": -0.40470904650247946,
    "buy_hold": {
      "return": -0.06843152521844442,
      "max_drawdown": -0.20748623006603806,
      "sharpe": -0.3370285751323063
    },
    "excess_return_vs_bh": -0.014163494780752295,
    "trades": {
      "chosen_buys": 8,
      "chosen_sells": 3,
      "chosen_holds": 208,
      "executed_buys": 4,
      "executed_sells": 4,
      "invalid_actions": 4
    }
  },
  "HDFCBANK": {
    "return": 0.14532615175020425,
    "max_drawdown": -0.06752887748050149,
    "sharpe": 0.82761998478454,
    "buy_hold": {
      "return": 0.15502972374402613,
      "max_drawdown": -0.06752887748050138,
      "sharpe": 0.8970790373759403
    },
    "excess_return_vs_bh": -0.00970357199382188,
    "trades": {
      "chosen_buys": 3,
      "chosen_sells": 2,
      "chosen_holds": 214,
      "executed_buys": 3,
      "executed_sells": 3,
      "invalid_actions": 0
    }
  },
  "HINDUNILVR": {
    "return": -0.052089039399601855,
    "max_drawdown": -0.06450727418649671,
    "sharpe": -1.2280976064608673,
    "buy_hold": {
      "return": -0.030172139998729586,
      "max_drawdown": -0.1604397236871426,
      "sharpe": -0.1793430696107278
    },
    "excess_return_vs_bh": -0.02191689940087227,
    "trades": {
      "chosen_buys": 33,
      "chosen_sells": 186,
      "chosen_holds": 0,
      "executed_buys": 33,
      "executed_sells": 33,
      "invalid_actions": 153
    }
  },
  "ICICIBANK": {
    "return": 0.043428284819824636,
    "max_drawdown": -0.11299207308880801,
    "sharpe": 0.2709036990990306,
    "buy_hold": {
      "return": 0.06328211626801838,
      "max_drawdown": -0.11299207308880804,
      "sharpe": 0.3863406143377085
    },
    "excess_return_vs_bh": -0.01985383144819375,
    "trades": {
      "chosen_buys": 5,
      "chosen_sells": 4,
      "chosen_holds": 210,
      "executed_buys": 5,
      "executed_sells": 5,
      "invalid_actions": 0
    }
  },
  "INFY": {
    "return": -0.17585501570862172,
    "max_drawdown": -0.2657852191332546,
    "sharpe": -0.7896227453502089,
    "buy_hold": {
      "return": -0.13758442801680582,
      "max_drawdown": -0.25716640961548687,
      "sharpe": -0.5957437939577157
    },
    "excess_return_vs_bh": -0.038270587691815905,
    "trades": {
      "chosen_buys": 10,
      "chosen_sells": 4,
      "chosen_holds": 205,
      "executed_buys": 5,
      "executed_sells": 5,
      "invalid_actions": 5
    }
  },
  "ITC": {
    "return": -0.06320365168539321,
    "max_drawdown": -0.10408670128697213,
    "sharpe": -0.5216782441483881,
    "buy_hold": {
      "return": -0.06226591760299616,
      "max_drawdown": -0.1040867012869721,
      "sharpe": -0.5216782441483879
    },
    "excess_return_vs_bh": -0.000937734082397057,
    "trades": {
      "chosen_buys": 21,
      "chosen_sells": 0,
      "chosen_holds": 198,
      "executed_buys": 1,
      "executed_sells": 1,
      "invalid_actions": 20
    }
  }
}