{
  "HCLTECH": {
    "return": -0.03507603749591215,
    "max_drawdown": -0.20444746450304263,
    "sharpe": -0.17359812178020612,
    "buy_hold": {
      "return": -0.06843152521844442,
      "max_drawdown": -0.20748623006603806,
      "sharpe": -0.3370285751323063
    },
    "excess_return_vs_bh": 0.03335548772253227,
    "trades": {
      "chosen_buys": 211,
      "chosen_sells": 8,
      "chosen_holds": 0,
      "executed_buys": 2,
      "executed_sells": 2,
      "invalid_actions": 216
    }
  },
  "HDFCBANK": {
    "return": 0.13709919649823155,
    "max_drawdown": -0.06752887748050151,
    "sharpe": 0.8021913661795904,
    "buy_hold": {
      "return": 0.15502972374402613,
      "max_drawdown": -0.06752887748050138,
      "sharpe": 0.8970790373759403
    },
    "excess_return_vs_bh": -0.01793052724579458,
    "trades": {
      "chosen_buys": 212,
      "chosen_sells": 6,
      "chosen_holds": 1,
      "executed_buys": 3,
      "executed_sells": 3,
      "invalid_actions": 213
    }
  },
  "HINDUNILVR": {
    "return": 0.0010844319335687747,
    "max_drawdown": -0.0914906113489305,
    "sharpe": 0.008917867045716218,
    "buy_hold": {
      "return": -0.030172139998729586,
      "max_drawdown": -0.1604397236871426,
      "sharpe": -0.1793430696107278
    },
    "excess_return_vs_bh": 0.03125657193229836,
    "trades": {
      "chosen_buys": 81,
      "chosen_sells": 138,
      "chosen_holds": 0,
      "executed_buys": 3,
      "executed_sells": 3,
      "invalid_actions": 214
    }
  },
  "ICICIBANK": {
    "return": 0.057872885816971475,
    "max_drawdown": -0.11299207308880808,
    "sharpe": 0.3572001912111395,
    "buy_hold": {
      "return": 0.06328211626801838,
      "max_drawdown": -0.11299207308880804,
      "sharpe": 0.3863406143377085
    },
    "excess_return_vs_bh": -0.005409230451046909,
    "trades": {
      "chosen_buys": 216,
      "chosen_sells": 1,
      "chosen_holds": 2,
      "executed_buys": 2,
      "executed_sells": 2,
      "invalid_actions": 214
    }
  },
  "INFY": {
    "return": -0.138446843588789,
    "max_drawdown": -0.25716640961548687,
    "sharpe": -0.5957437939577173,
    "buy_hold": {
      "return": -0.13758442801680582,
      "max_drawdown": -0.25716640961548687,
      "sharpe": -0.5957437939577157
    },
    "excess_return_vs_bh": -0.0008624155719831883,
    "trades": {
      "chosen_buys": 219,
      "chosen_sells": 0,
      "chosen_holds": 0,
      "executed_buys": 1,
      "executed_sells": 1,
      "invalid_actions": 218
    }
  },
  "ITC": {
    "return": -0.06320365168539321,
    "max_drawdown": -0.10408670128697213,
    "sharpe": -0.5216782441483881,
    "buy_hold": {
      "return": -0.06226591760299616,
      "max_drawdown": -0.1040867012869721,
      "sharpe": -0.5216782441483879
    },
    "excess_return_vs_bh": -0.000937734082397057,
    "trades": {
      "chosen_buys": 218,
      "chosen_sells": 0,
      "chosen_holds": 1,
      "executed_buys": 1,
      "executed_sells": 1,
      "invalid_actions": 217
    }
  }
}