{
  "HCLTECH": {
    "return": -0.0863462024957865,
    "max_drawdown": -0.21255884071954026,
    "sharpe": -0.4336830674099831,
    "buy_hold": {
      "return": -0.06843152521844442,
      "max_drawdown": -0.20748623006603806,
      "sharpe": -0.3370285751323063
    },
    "excess_return_vs_bh": -0.017914677277342084,
    "trades": {
      "chosen_buys": 145,
      "chosen_sells": 6,
      "chosen_holds": 68,
      "executed_buys": 6,
      "executed_sells": 6,
      "invalid_actions": 140
    }
  },
  "HDFCBANK": {
    "return": 0.2066010034996546,
    "max_drawdown": -0.06752887748050139,
    "sharpe": 1.2511380501881526,
    "buy_hold": {
      "return": 0.15502972374402613,
      "max_drawdown": -0.06752887748050138,
      "sharpe": 0.8970790373759403
    },
    "excess_return_vs_bh": 0.051571279755628474,
    "trades": {
      "chosen_buys": 19,
      "chosen_sells": 5,
      "chosen_holds": 195,
      "executed_buys": 6,
      "executed_sells": 6,
      "invalid_actions": 13
    }
  },
  "HINDUNILVR": {
    "return": 0.017369241991002315,
    "max_drawdown": -0.08765840665106155,
    "sharpe": 0.20347836012220133,
    "buy_hold": {
      "return": -0.030172139998729586,
      "max_drawdown": -0.1604397236871426,
      "sharpe": -0.1793430696107278
    },
    "excess_return_vs_bh": 0.0475413819897319,
    "trades": {
      "chosen_buys": 19,
      "chosen_sells": 192,
      "chosen_holds": 8,
      "executed_buys": 3,
      "executed_sells": 3,
      "invalid_actions": 206
    }
  },
  "ICICIBANK": {
    "return": 0.04008707039069703,
    "max_drawdown": -0.11287288363343191,
    "sharpe": 0.3142141456382373,
    "buy_hold": {
      "return": 0.06328211626801838,
      "max_drawdown": -0.11299207308880804,
      "sharpe": 0.3863406143377085
    },
    "excess_return_vs_bh": -0.023195045877321352,
    "trades": {
      "chosen_buys": 105,
      "chosen_sells": 14,
      "chosen_holds": 100,
      "executed_buys": 15,
      "executed_sells": 15,
      "invalid_actions": 90
    }
  },
  "INFY": {
    "return": -0.09297826386145647,
    "max_drawdown": -0.20911792212208813,
    "sharpe": -0.40067148384029777,
    "buy_hold": {
      "return": -0.13758442801680582,
      "max_drawdown": -0.25716640961548687,
      "sharpe": -0.5957437939577157
    },
    "excess_return_vs_bh": 0.04460616415534935,
    "trades": {
      "chosen_buys": 185,
      "chosen_sells": 15,
      "chosen_holds": 19,
      "executed_buys": 4,
      "executed_sells": 4,
      "invalid_actions": 193
    }
  },
  "ITC": {
    "return": -0.12410923257748918,
    "max_drawdown": -0.12570502231882277,
    "sharpe": -1.071116118075223,
    "buy_hold": {
      "return": -0.06226591760299616,
      "max_drawdown": -0.1040867012869721,
      "sharpe": -0.5216782441483879
    },
    "excess_return_vs_bh": -0.061843314974493024,
    "trades": {
      "chosen_buys": 79,
      "chosen_sells": 34,
      "chosen_holds": 106,
      "executed_buys": 35,
      "executed_sells": 35,
      "invalid_actions": 44
    }
  }
}