{
  "HCLTECH": {
    "return": 0.0,
    "max_drawdown": 0.0,
    "sharpe": 0.0,
    "buy_hold": {
      "return": -0.06843152521844442,
      "max_drawdown": -0.20748623006603806,
      "sharpe": -0.3370285751323063
    },
    "excess_return_vs_bh": 0.06843152521844442,
    "trades": {
      "chosen_buys": 0,
      "chosen_sells": 17,
      "chosen_holds": 202,
      "executed_buys": 0,
      "executed_sells": 0,
      "invalid_actions": 17
    }
  },
  "HDFCBANK": {
    "return": 0.06341758083950699,
    "max_drawdown": -0.07365180128592776,
    "sharpe": 0.5443791483520588,
    "buy_hold": {
      "return": 0.15502972374402613,
      "max_drawdown": -0.06752887748050138,
      "sharpe": 0.8970790373759403
    },
    "excess_return_vs_bh": -0.09161214290451913,
    "trades": {
      "chosen_buys": 36,
      "chosen_sells": 36,
      "chosen_holds": 147,
      "executed_buys": 36,
      "executed_sells": 36,
      "invalid_actions": 0
    }
  },
  "HINDUNILVR": {
    "return": 0.0,
    "max_drawdown": 0.0,
    "sharpe": 0.0,
    "buy_hold": {
      "return": -0.030172139998729586,
      "max_drawdown": -0.1604397236871426,
      "sharpe": -0.1793430696107278
    },
    "excess_return_vs_bh": 0.030172139998729586,
    "trades": {
      "chosen_buys": 0,
      "chosen_sells": 3,
      "chosen_holds": 216,
      "executed_buys": 0,
      "executed_sells": 0,
      "invalid_actions": 3
    }
  },
  "ICICIBANK": {
    "return": 0.0,
    "max_drawdown": 0.0,
    "sharpe": 0.0,
    "buy_hold": {
      "return": 0.06328211626801838,
      "max_drawdown": -0.11299207308880804,
      "sharpe": 0.3863406143377085
    },
    "excess_return_vs_bh": -0.06328211626801838,
    "trades": {
      "chosen_buys": 0,
      "chosen_sells": 14,
      "chosen_holds": 205,
      "executed_buys": 0,
      "executed_sells": 0,
      "invalid_actions": 14
    }
  },
  "INFY": {
    "return": 0.0,
    "max_drawdown": 0.0,
    "sharpe": 0.0,
    "buy_hold": {
      "return": -0.13758442801680582,
      "max_drawdown": -0.25716640961548687,
      "sharpe": -0.5957437939577157
    },
    "excess_return_vs_bh": 0.13758442801680582,
    "trades": {
      "chosen_buys": 0,
      "chosen_sells": 12,
      "chosen_holds": 207,
      "executed_buys": 0,
      "executed_sells": 0,
      "invalid_actions": 12
    }
  },
  "ITC": {
    "return": -0.06320365168539321,
    "max_drawdown": -0.10408670128697213,
    "sharpe": -0.5216782441483881,
    "buy_hold": {
      "return": -0.06226591760299616,
      "max_drawdown": -0.1040867012869721,
      "sharpe": -0.5216782441483879
    },
    "excess_return_vs_bh": -0.000937734082397057,
    "trades": {
      "chosen_buys": 1,
      "chosen_sells": 0,
      "chosen_holds": 218,
      "executed_buys": 1,
      "executed_sells": 1,
      "invalid_actions": 0
    }
  }
}