{
  "HCLTECH": {
    "return": -0.06155483633765868,
    "max_drawdown": -0.20748623006603803,
    "sharpe": -0.30007001276706663,
    "buy_hold": {
      "return": -0.06843152521844442,
      "max_drawdown": -0.20748623006603806,
      "sharpe": -0.3370285751323063
    },
    "excess_return_vs_bh": 0.006876688880785742,
    "trades": {
      "chosen_buys": 214,
      "chosen_sells": 1,
      "chosen_holds": 4,
      "executed_buys": 2,
      "executed_sells": 2,
      "invalid_actions": 212
    }
  },
  "HDFCBANK": {
    "return": 0.15488925835945677,
    "max_drawdown": -0.06752887748050146,
    "sharpe": 0.9124615315328896,
    "buy_hold": {
      "return": 0.15502972374402613,
      "max_drawdown": -0.06752887748050138,
      "sharpe": 0.8970790373759403
    },
    "excess_return_vs_bh": -0.00014046538456935487,
    "trades": {
      "chosen_buys": 210,
      "chosen_sells": 4,
      "chosen_holds": 5,
      "executed_buys": 5,
      "executed_sells": 5,
      "invalid_actions": 205
    }
  },
  "HINDUNILVR": {
    "return": 0.07891924741813372,
    "max_drawdown": -0.16043972368714246,
    "sharpe": 0.4877721266718879,
    "buy_hold": {
      "return": -0.030172139998729586,
      "max_drawdown": -0.1604397236871426,
      "sharpe": -0.1793430696107278
    },
    "excess_return_vs_bh": 0.1090913874168633,
    "trades": {
      "chosen_buys": 187,
      "chosen_sells": 2,
      "chosen_holds": 30,
      "executed_buys": 3,
      "executed_sells": 3,
      "invalid_actions": 184
    }
  },
  "ICICIBANK": {
    "return": 0.04688276130506197,
    "max_drawdown": -0.11387908101571932,
    "sharpe": 0.29452889388527337,
    "buy_hold": {
      "return": 0.06328211626801838,
      "max_drawdown": -0.11299207308880804,
      "sharpe": 0.3863406143377085
    },
    "excess_return_vs_bh": -0.016399354962956414,
    "trades": {
      "chosen_buys": 214,
      "chosen_sells": 2,
      "chosen_holds": 3,
      "executed_buys": 3,
      "executed_sells": 3,
      "invalid_actions": 211
    }
  },
  "INFY": {
    "return": -0.138446843588789,
    "max_drawdown": -0.25716640961548687,
    "sharpe": -0.5957437939577173,
    "buy_hold": {
      "return": -0.13758442801680582,
      "max_drawdown": -0.25716640961548687,
      "sharpe": -0.5957437939577157
    },
    "excess_return_vs_bh": -0.0008624155719831883,
    "trades": {
      "chosen_buys": 219,
      "chosen_sells": 0,
      "chosen_holds": 0,
      "executed_buys": 1,
      "executed_sells": 1,
      "invalid_actions": 218
    }
  },
  "ITC": {
    "return": -0.06320365168539321,
    "max_drawdown": -0.10408670128697213,
    "sharpe": -0.5216782441483881,
    "buy_hold": {
      "return": -0.06226591760299616,
      "max_drawdown": -0.1040867012869721,
      "sharpe": -0.5216782441483879
    },
    "excess_return_vs_bh": -0.000937734082397057,
    "trades": {
      "chosen_buys": 214,
      "chosen_sells": 0,
      "chosen_holds": 5,
      "executed_buys": 1,
      "executed_sells": 1,
      "invalid_actions": 213
    }
  }
}