{
  "HCLTECH": {
    "return": -0.04001938208656519,
    "max_drawdown": -0.20748623006603803,
    "sharpe": -0.19133867885241929,
    "buy_hold": {
      "return": -0.06843152521844442,
      "max_drawdown": -0.20748623006603806,
      "sharpe": -0.3370285751323063
    },
    "excess_return_vs_bh": 0.02841214313187923,
    "trades": {
      "chosen_buys": 217,
      "chosen_sells": 2,
      "chosen_holds": 0,
      "executed_buys": 3,
      "executed_sells": 3,
      "invalid_actions": 214
    }
  },
  "HDFCBANK": {
    "return": 0.10854068254254456,
    "max_drawdown": -0.0675288774805015,
    "sharpe": 0.6236135511618066,
    "buy_hold": {
      "return": 0.15502972374402613,
      "max_drawdown": -0.06752887748050138,
      "sharpe": 0.8970790373759403
    },
    "excess_return_vs_bh": -0.04648904120148156,
    "trades": {
      "chosen_buys": 157,
      "chosen_sells": 4,
      "chosen_holds": 58,
      "executed_buys": 5,
      "executed_sells": 5,
      "invalid_actions": 152
    }
  },
  "HINDUNILVR": {
    "return": 0.005286822139966008,
    "max_drawdown": -0.16043972368714243,
    "sharpe": 0.03822753126151671,
    "buy_hold": {
      "return": -0.030172139998729586,
      "max_drawdown": -0.1604397236871426,
      "sharpe": -0.1793430696107278
    },
    "excess_return_vs_bh": 0.03545896213869559,
    "trades": {
      "chosen_buys": 209,
      "chosen_sells": 4,
      "chosen_holds": 6,
      "executed_buys": 5,
      "executed_sells": 5,
      "invalid_actions": 204
    }
  },
  "ICICIBANK": {
    "return": 0.05696397008195064,
    "max_drawdown": -0.11287288363343181,
    "sharpe": 0.3467466720854555,
    "buy_hold": {
      "return": 0.06328211626801838,
      "max_drawdown": -0.11299207308880804,
      "sharpe": 0.3863406143377085
    },
    "excess_return_vs_bh": -0.006318146186067741,
    "trades": {
      "chosen_buys": 212,
      "chosen_sells": 5,
      "chosen_holds": 2,
      "executed_buys": 6,
      "executed_sells": 6,
      "invalid_actions": 206
    }
  },
  "INFY": {
    "return": -0.138446843588789,
    "max_drawdown": -0.25716640961548687,
    "sharpe": -0.5957437939577173,
    "buy_hold": {
      "return": -0.13758442801680582,
      "max_drawdown": -0.25716640961548687,
      "sharpe": -0.5957437939577157
    },
    "excess_return_vs_bh": -0.0008624155719831883,
    "trades": {
      "chosen_buys": 219,
      "chosen_sells": 0,
      "chosen_holds": 0,
      "executed_buys": 1,
      "executed_sells": 1,
      "invalid_actions": 218
    }
  },
  "ITC": {
    "return": -0.06320365168539321,
    "max_drawdown": -0.10408670128697213,
    "sharpe": -0.5216782441483881,
    "buy_hold": {
      "return": -0.06226591760299616,
      "max_drawdown": -0.1040867012869721,
      "sharpe": -0.5216782441483879
    },
    "excess_return_vs_bh": -0.000937734082397057,
    "trades": {
      "chosen_buys": 210,
      "chosen_sells": 0,
      "chosen_holds": 9,
      "executed_buys": 1,
      "executed_sells": 1,
      "invalid_actions": 209
    }
  }
}