{
  "HCLTECH": {
    "return": 0.07479705194841957,
    "max_drawdown": -0.2047158457382609,
    "sharpe": 0.3909516233350475,
    "buy_hold": {
      "return": -0.06843152521844442,
      "max_drawdown": -0.20748623006603806,
      "sharpe": -0.3370285751323063
    },
    "excess_return_vs_bh": 0.143228577166864,
    "trades": {
      "chosen_buys": 119,
      "chosen_sells": 45,
      "chosen_holds": 55,
      "executed_buys": 3,
      "executed_sells": 3,
      "invalid_actions": 159
    }
  },
  "HDFCBANK": {
    "return": 0.13427305449597227,
    "max_drawdown": -0.06752887748050143,
    "sharpe": 0.7740742199952553,
    "buy_hold": {
      "return": 0.15502972374402613,
      "max_drawdown": -0.06752887748050138,
      "sharpe": 0.8970790373759403
    },
    "excess_return_vs_bh": -0.02075666924805386,
    "trades": {
      "chosen_buys": 218,
      "chosen_sells": 1,
      "chosen_holds": 0,
      "executed_buys": 2,
      "executed_sells": 2,
      "invalid_actions": 216
    }
  },
  "HINDUNILVR": {
    "return": 0.0,
    "max_drawdown": 0.0,
    "sharpe": 0.0,
    "buy_hold": {
      "return": -0.030172139998729586,
      "max_drawdown": -0.1604397236871426,
      "sharpe": -0.1793430696107278
    },
    "excess_return_vs_bh": 0.030172139998729586,
    "trades": {
      "chosen_buys": 0,
      "chosen_sells": 219,
      "chosen_holds": 0,
      "executed_buys": 0,
      "executed_sells": 0,
      "invalid_actions": 219
    }
  },
  "ICICIBANK": {
    "return": 0.009982014984324383,
    "max_drawdown": -0.11387908101571936,
    "sharpe": 0.06879079900241893,
    "buy_hold": {
      "return": 0.06328211626801838,
      "max_drawdown": -0.11299207308880804,
      "sharpe": 0.3863406143377085
    },
    "excess_return_vs_bh": -0.053300101283694,
    "trades": {
      "chosen_buys": 162,
      "chosen_sells": 2,
      "chosen_holds": 55,
      "executed_buys": 3,
      "executed_sells": 3,
      "invalid_actions": 159
    }
  },
  "INFY": {
    "return": 0.14372573072574735,
    "max_drawdown": -0.13262631803498517,
    "sharpe": 0.7461670177902372,
    "buy_hold": {
      "return": -0.13758442801680582,
      "max_drawdown": -0.25716640961548687,
      "sharpe": -0.5957437939577157
    },
    "excess_return_vs_bh": 0.28131015874255316,
    "trades": {
      "chosen_buys": 153,
      "chosen_sells": 51,
      "chosen_holds": 15,
      "executed_buys": 3,
      "executed_sells": 3,
      "invalid_actions": 199
    }
  },
  "ITC": {
    "return": -0.06320365168539321,
    "max_drawdown": -0.10408670128697213,
    "sharpe": -0.5216782441483881,
    "buy_hold": {
      "return": -0.06226591760299616,
      "max_drawdown": -0.1040867012869721,
      "sharpe": -0.5216782441483879
    },
    "excess_return_vs_bh": -0.000937734082397057,
    "trades": {
      "chosen_buys": 165,
      "chosen_sells": 0,
      "chosen_holds": 54,
      "executed_buys": 1,
      "executed_sells": 1,
      "invalid_actions": 164
    }
  }
}