{
  "HCLTECH": {
    "return": -0.19790619512735486,
    "max_drawdown": -0.3114832705854068,
    "sharpe": -1.086738767333136,
    "buy_hold": {
      "return": -0.06843152521844442,
      "max_drawdown": -0.20748623006603806,
      "sharpe": -0.3370285751323063
    },
    "excess_return_vs_bh": -0.12947466990891043,
    "trades": {
      "chosen_buys": 120,
      "chosen_sells": 46,
      "chosen_holds": 53,
      "executed_buys": 47,
      "executed_sells": 47,
      "invalid_actions": 73
    }
  },
  "HDFCBANK": {
    "return": 0.1591185724305395,
    "max_drawdown": -0.0632911858031395,
    "sharpe": 0.9299673358778866,
    "buy_hold": {
      "return": 0.15502972374402613,
      "max_drawdown": -0.06752887748050138,
      "sharpe": 0.8970790373759403
    },
    "excess_return_vs_bh": 0.00408884868651338,
    "trades": {
      "chosen_buys": 138,
      "chosen_sells": 1,
      "chosen_holds": 80,
      "executed_buys": 2,
      "executed_sells": 2,
      "invalid_actions": 136
    }
  },
  "HINDUNILVR": {
    "return": -0.19488886651576842,
    "max_drawdown": -0.2046409739720541,
    "sharpe": -1.8430396677607002,
    "buy_hold": {
      "return": -0.030172139998729586,
      "max_drawdown": -0.1604397236871426,
      "sharpe": -0.1793430696107278
    },
    "excess_return_vs_bh": -0.16471672651703884,
    "trades": {
      "chosen_buys": 100,
      "chosen_sells": 89,
      "chosen_holds": 30,
      "executed_buys": 89,
      "executed_sells": 89,
      "invalid_actions": 11
    }
  },
  "ICICIBANK": {
    "return": 0.05378582373261165,
    "max_drawdown": -0.12003407502758423,
    "sharpe": 0.33676485105152165,
    "buy_hold": {
      "return": 0.06328211626801838,
      "max_drawdown": -0.11299207308880804,
      "sharpe": 0.3863406143377085
    },
    "excess_return_vs_bh": -0.009496292535406736,
    "trades": {
      "chosen_buys": 151,
      "chosen_sells": 1,
      "chosen_holds": 67,
      "executed_buys": 2,
      "executed_sells": 2,
      "invalid_actions": 149
    }
  },
  "INFY": {
    "return": -0.3107691654406598,
    "max_drawdown": -0.3666615915834646,
    "sharpe": -1.99858028080602,
    "buy_hold": {
      "return": -0.13758442801680582,
      "max_drawdown": -0.25716640961548687,
      "sharpe": -0.5957437939577157
    },
    "excess_return_vs_bh": -0.17318473742385398,
    "trades": {
      "chosen_buys": 175,
      "chosen_sells": 42,
      "chosen_holds": 2,
      "executed_buys": 43,
      "executed_sells": 43,
      "invalid_actions": 132
    }
  },
  "ITC": {
    "return": -0.06320365168539321,
    "max_drawdown": -0.10408670128697213,
    "sharpe": -0.5216782441483881,
    "buy_hold": {
      "return": -0.06226591760299616,
      "max_drawdown": -0.1040867012869721,
      "sharpe": -0.5216782441483879
    },
    "excess_return_vs_bh": -0.000937734082397057,
    "trades": {
      "chosen_buys": 219,
      "chosen_sells": 0,
      "chosen_holds": 0,
      "executed_buys": 1,
      "executed_sells": 1,
      "invalid_actions": 218
    }
  }
}