{
  "HCLTECH": {
    "return": -0.08139524783308605,
    "max_drawdown": -0.20748623006603803,
    "sharpe": -0.41096196624247555,
    "buy_hold": {
      "return": -0.06843152521844442,
      "max_drawdown": -0.20748623006603806,
      "sharpe": -0.3370285751323063
    },
    "excess_return_vs_bh": -0.012963722614641626,
    "trades": {
      "chosen_buys": 199,
      "chosen_sells": 20,
      "chosen_holds": 0,
      "executed_buys": 3,
      "executed_sells": 3,
      "invalid_actions": 214
    }
  },
  "HDFCBANK": {
    "return": 0.14532615175020425,
    "max_drawdown": -0.06752887748050149,
    "sharpe": 0.82761998478454,
    "buy_hold": {
      "return": 0.15502972374402613,
      "max_drawdown": -0.06752887748050138,
      "sharpe": 0.8970790373759403
    },
    "excess_return_vs_bh": -0.00970357199382188,
    "trades": {
      "chosen_buys": 217,
      "chosen_sells": 2,
      "chosen_holds": 0,
      "executed_buys": 3,
      "executed_sells": 3,
      "invalid_actions": 214
    }
  },
  "HINDUNILVR": {
    "return": 0.0,
    "max_drawdown": 0.0,
    "sharpe": 0.0,
    "buy_hold": {
      "return": -0.030172139998729586,
      "max_drawdown": -0.1604397236871426,
      "sharpe": -0.1793430696107278
    },
    "excess_return_vs_bh": 0.030172139998729586,
    "trades": {
      "chosen_buys": 0,
      "chosen_sells": 219,
      "chosen_holds": 0,
      "executed_buys": 0,
      "executed_sells": 0,
      "invalid_actions": 219
    }
  },
  "ICICIBANK": {
    "return": 0.02671945126700792,
    "max_drawdown": -0.11387908101571947,
    "sharpe": 0.17005244361234317,
    "buy_hold": {
      "return": 0.06328211626801838,
      "max_drawdown": -0.11299207308880804,
      "sharpe": 0.3863406143377085
    },
    "excess_return_vs_bh": -0.036562665001010464,
    "trades": {
      "chosen_buys": 215,
      "chosen_sells": 4,
      "chosen_holds": 0,
      "executed_buys": 5,
      "executed_sells": 5,
      "invalid_actions": 210
    }
  },
  "INFY": {
    "return": -0.03868595567482802,
    "max_drawdown": -0.18597196724655404,
    "sharpe": -0.16918697692887152,
    "buy_hold": {
      "return": -0.13758442801680582,
      "max_drawdown": -0.25716640961548687,
      "sharpe": -0.5957437939577157
    },
    "excess_return_vs_bh": 0.0988984723419778,
    "trades": {
      "chosen_buys": 203,
      "chosen_sells": 16,
      "chosen_holds": 0,
      "executed_buys": 4,
      "executed_sells": 4,
      "invalid_actions": 212
    }
  },
  "ITC": {
    "return": -0.06320365168539321,
    "max_drawdown": -0.10408670128697213,
    "sharpe": -0.5216782441483881,
    "buy_hold": {
      "return": -0.06226591760299616,
      "max_drawdown": -0.1040867012869721,
      "sharpe": -0.5216782441483879
    },
    "excess_return_vs_bh": -0.000937734082397057,
    "trades": {
      "chosen_buys": 172,
      "chosen_sells": 0,
      "chosen_holds": 47,
      "executed_buys": 1,
      "executed_sells": 1,
      "invalid_actions": 171
    }
  }
}