{
  "HCLTECH": {
    "return": 0.1105335408749124,
    "max_drawdown": -0.17340806451612908,
    "sharpe": 0.5318227205108328,
    "buy_hold": {
      "return": -0.06843152521844442,
      "max_drawdown": -0.20748623006603806,
      "sharpe": -0.3370285751323063
    },
    "excess_return_vs_bh": 0.17896506609335683,
    "trades": {
      "chosen_buys": 152,
      "chosen_sells": 67,
      "chosen_holds": 0,
      "executed_buys": 6,
      "executed_sells": 6,
      "invalid_actions": 208
    }
  },
  "HDFCBANK": {
    "return": 0.16473669328830343,
    "max_drawdown": -0.0675288774805015,
    "sharpe": 1.0444568925589237,
    "buy_hold": {
      "return": 0.15502972374402613,
      "max_drawdown": -0.06752887748050138,
      "sharpe": 0.8970790373759403
    },
    "excess_return_vs_bh": 0.0097069695442773,
    "trades": {
      "chosen_buys": 192,
      "chosen_sells": 27,
      "chosen_holds": 0,
      "executed_buys": 3,
      "executed_sells": 3,
      "invalid_actions": 214
    }
  },
  "HINDUNILVR": {
    "return": 0.04754158490228666,
    "max_drawdown": -0.051708718442467085,
    "sharpe": 0.44625936894302215,
    "buy_hold": {
      "return": -0.030172139998729586,
      "max_drawdown": -0.1604397236871426,
      "sharpe": -0.1793430696107278
    },
    "excess_return_vs_bh": 0.07771372490101625,
    "trades": {
      "chosen_buys": 32,
      "chosen_sells": 187,
      "chosen_holds": 0,
      "executed_buys": 3,
      "executed_sells": 3,
      "invalid_actions": 213
    }
  },
  "ICICIBANK": {
    "return": 0.008870301318765872,
    "max_drawdown": -0.11299207308880818,
    "sharpe": 0.07466672588322827,
    "buy_hold": {
      "return": 0.06328211626801838,
      "max_drawdown": -0.11299207308880804,
      "sharpe": 0.3863406143377085
    },
    "excess_return_vs_bh": -0.05441181494925251,
    "trades": {
      "chosen_buys": 156,
      "chosen_sells": 54,
      "chosen_holds": 9,
      "executed_buys": 2,
      "executed_sells": 2,
      "invalid_actions": 207
    }
  },
  "INFY": {
    "return": 0.13439319445307052,
    "max_drawdown": -0.13262631803498517,
    "sharpe": 0.746087383864719,
    "buy_hold": {
      "return": -0.13758442801680582,
      "max_drawdown": -0.25716640961548687,
      "sharpe": -0.5957437939577157
    },
    "excess_return_vs_bh": 0.27197762246987633,
    "trades": {
      "chosen_buys": 152,
      "chosen_sells": 67,
      "chosen_holds": 0,
      "executed_buys": 2,
      "executed_sells": 2,
      "invalid_actions": 215
    }
  },
  "ITC": {
    "return": -0.06320365168539321,
    "max_drawdown": -0.10408670128697213,
    "sharpe": -0.5216782441483881,
    "buy_hold": {
      "return": -0.06226591760299616,
      "max_drawdown": -0.1040867012869721,
      "sharpe": -0.5216782441483879
    },
    "excess_return_vs_bh": -0.000937734082397057,
    "trades": {
      "chosen_buys": 157,
      "chosen_sells": 0,
      "chosen_holds": 62,
      "executed_buys": 1,
      "executed_sells": 1,
      "invalid_actions": 156
    }
  }
}