{
  "HCLTECH": {
    "return": 0.2849923987508176,
    "max_drawdown": -0.1013545219469085,
    "sharpe": 1.4405260490909382,
    "buy_hold": {
      "return": -0.06843152521844442,
      "max_drawdown": -0.20748623006603806,
      "sharpe": -0.3370285751323063
    },
    "excess_return_vs_bh": 0.35342392396926203,
    "trades": {
      "chosen_buys": 115,
      "chosen_sells": 103,
      "chosen_holds": 1,
      "executed_buys": 3,
      "executed_sells": 3,
      "invalid_actions": 212
    }
  },
  "HDFCBANK": {
    "return": 0.21560051454038698,
    "max_drawdown": -0.038617219122634334,
    "sharpe": 1.3778195154460409,
    "buy_hold": {
      "return": 0.15502972374402613,
      "max_drawdown": -0.06752887748050138,
      "sharpe": 0.8970790373759403
    },
    "excess_return_vs_bh": 0.06057079079636085,
    "trades": {
      "chosen_buys": 119,
      "chosen_sells": 95,
      "chosen_holds": 5,
      "executed_buys": 3,
      "executed_sells": 3,
      "invalid_actions": 208
    }
  },
  "HINDUNILVR": {
    "return": 0.0,
    "max_drawdown": 0.0,
    "sharpe": 0.0,
    "buy_hold": {
      "return": -0.030172139998729586,
      "max_drawdown": -0.1604397236871426,
      "sharpe": -0.1793430696107278
    },
    "excess_return_vs_bh": 0.030172139998729586,
    "trades": {
      "chosen_buys": 0,
      "chosen_sells": 219,
      "chosen_holds": 0,
      "executed_buys": 0,
      "executed_sells": 0,
      "invalid_actions": 219
    }
  },
  "ICICIBANK": {
    "return": 0.13834961047829264,
    "max_drawdown": -0.0463329637256455,
    "sharpe": 1.462241718644583,
    "buy_hold": {
      "return": 0.06328211626801838,
      "max_drawdown": -0.11299207308880804,
      "sharpe": 0.3863406143377085
    },
    "excess_return_vs_bh": 0.07506749421027425,
    "trades": {
      "chosen_buys": 82,
      "chosen_sells": 137,
      "chosen_holds": 0,
      "executed_buys": 3,
      "executed_sells": 3,
      "invalid_actions": 214
    }
  },
  "INFY": {
    "return": 0.031406360424028,
    "max_drawdown": -0.13262631803498523,
    "sharpe": 0.13730816739316398,
    "buy_hold": {
      "return": -0.13758442801680582,
      "max_drawdown": -0.25716640961548687,
      "sharpe": -0.5957437939577157
    },
    "excess_return_vs_bh": 0.16899078844083382,
    "trades": {
      "chosen_buys": 186,
      "chosen_sells": 32,
      "chosen_holds": 1,
      "executed_buys": 1,
      "executed_sells": 1,
      "invalid_actions": 217
    }
  },
  "ITC": {
    "return": -0.06320365168539321,
    "max_drawdown": -0.10408670128697213,
    "sharpe": -0.5216782441483881,
    "buy_hold": {
      "return": -0.06226591760299616,
      "max_drawdown": -0.1040867012869721,
      "sharpe": -0.5216782441483879
    },
    "excess_return_vs_bh": -0.000937734082397057,
    "trades": {
      "chosen_buys": 1,
      "chosen_sells": 0,
      "chosen_holds": 218,
      "executed_buys": 1,
      "executed_sells": 1,
      "invalid_actions": 0
    }
  }
}