{
  "HCLTECH": {
    "return": -0.06936309369322602,
    "max_drawdown": -0.20748623006603803,
    "sharpe": -0.3370285751323062,
    "buy_hold": {
      "return": -0.06843152521844442,
      "max_drawdown": -0.20748623006603806,
      "sharpe": -0.3370285751323063
    },
    "excess_return_vs_bh": -0.0009315684747815967,
    "trades": {
      "chosen_buys": 1,
      "chosen_sells": 0,
      "chosen_holds": 218,
      "executed_buys": 1,
      "executed_sells": 1,
      "invalid_actions": 0
    }
  },
  "HDFCBANK": {
    "return": 0.14532615175020425,
    "max_drawdown": -0.06752887748050149,
    "sharpe": 0.82761998478454,
    "buy_hold": {
      "return": 0.15502972374402613,
      "max_drawdown": -0.06752887748050138,
      "sharpe": 0.8970790373759403
    },
    "excess_return_vs_bh": -0.00970357199382188,
    "trades": {
      "chosen_buys": 12,
      "chosen_sells": 2,
      "chosen_holds": 205,
      "executed_buys": 3,
      "executed_sells": 3,
      "invalid_actions": 9
    }
  },
  "HINDUNILVR": {
    "return": 0.06466907251025145,
    "max_drawdown": -0.039981892692487586,
    "sharpe": 0.7748728815099651,
    "buy_hold": {
      "return": -0.030172139998729586,
      "max_drawdown": -0.1604397236871426,
      "sharpe": -0.1793430696107278
    },
    "excess_return_vs_bh": 0.09484121250898103,
    "trades": {
      "chosen_buys": 15,
      "chosen_sells": 170,
      "chosen_holds": 34,
      "executed_buys": 15,
      "executed_sells": 15,
      "invalid_actions": 156
    }
  },
  "ICICIBANK": {
    "return": 0.06869952850178263,
    "max_drawdown": -0.11299207308880811,
    "sharpe": 0.42189543233882354,
    "buy_hold": {
      "return": 0.06328211626801838,
      "max_drawdown": -0.11299207308880804,
      "sharpe": 0.3863406143377085
    },
    "excess_return_vs_bh": 0.0054174122337642405,
    "trades": {
      "chosen_buys": 4,
      "chosen_sells": 3,
      "chosen_holds": 212,
      "executed_buys": 4,
      "executed_sells": 4,
      "invalid_actions": 0
    }
  },
  "INFY": {
    "return": -0.138446843588789,
    "max_drawdown": -0.25716640961548687,
    "sharpe": -0.5957437939577173,
    "buy_hold": {
      "return": -0.13758442801680582,
      "max_drawdown": -0.25716640961548687,
      "sharpe": -0.5957437939577157
    },
    "excess_return_vs_bh": -0.0008624155719831883,
    "trades": {
      "chosen_buys": 1,
      "chosen_sells": 0,
      "chosen_holds": 218,
      "executed_buys": 1,
      "executed_sells": 1,
      "invalid_actions": 0
    }
  },
  "ITC": {
    "return": -0.06320365168539321,
    "max_drawdown": -0.10408670128697213,
    "sharpe": -0.5216782441483881,
    "buy_hold": {
      "return": -0.06226591760299616,
      "max_drawdown": -0.1040867012869721,
      "sharpe": -0.5216782441483879
    },
    "excess_return_vs_bh": -0.000937734082397057,
    "trades": {
      "chosen_buys": 19,
      "chosen_sells": 0,
      "chosen_holds": 200,
      "executed_buys": 1,
      "executed_sells": 1,
      "invalid_actions": 18
    }
  }
}