{
  "HCLTECH": {
    "return": 0.11891024415076545,
    "max_drawdown": -0.07276743874682023,
    "sharpe": 1.2076999935047656,
    "buy_hold": {
      "return": -0.06843152521844442,
      "max_drawdown": -0.20748623006603806,
      "sharpe": -0.3370285751323063
    },
    "excess_return_vs_bh": 0.18734176936920988,
    "trades": {
      "chosen_buys": 26,
      "chosen_sells": 1,
      "chosen_holds": 192,
      "executed_buys": 1,
      "executed_sells": 1,
      "invalid_actions": 25
    }
  },
  "HDFCBANK": {
    "return": 0.13949264212822543,
    "max_drawdown": -0.06752887748050143,
    "sharpe": 0.795714899656924,
    "buy_hold": {
      "return": 0.15502972374402613,
      "max_drawdown": -0.06752887748050138,
      "sharpe": 0.8970790373759403
    },
    "excess_return_vs_bh": -0.015537081615800696,
    "trades": {
      "chosen_buys": 167,
      "chosen_sells": 1,
      "chosen_holds": 51,
      "executed_buys": 2,
      "executed_sells": 2,
      "invalid_actions": 165
    }
  },
  "HINDUNILVR": {
    "return": 0.0,
    "max_drawdown": 0.0,
    "sharpe": 0.0,
    "buy_hold": {
      "return": -0.030172139998729586,
      "max_drawdown": -0.1604397236871426,
      "sharpe": -0.1793430696107278
    },
    "excess_return_vs_bh": 0.030172139998729586,
    "trades": {
      "chosen_buys": 0,
      "chosen_sells": 0,
      "chosen_holds": 219,
      "executed_buys": 0,
      "executed_sells": 0,
      "invalid_actions": 0
    }
  },
  "ICICIBANK": {
    "return": 0.15016711607667088,
    "max_drawdown": -0.08088542391758308,
    "sharpe": 0.911918684362992,
    "buy_hold": {
      "return": 0.06328211626801838,
      "max_drawdown": -0.11299207308880804,
      "sharpe": 0.3863406143377085
    },
    "excess_return_vs_bh": 0.0868849998086525,
    "trades": {
      "chosen_buys": 106,
      "chosen_sells": 7,
      "chosen_holds": 106,
      "executed_buys": 3,
      "executed_sells": 3,
      "invalid_actions": 108
    }
  },
  "INFY": {
    "return": 0.10069827824554545,
    "max_drawdown": -0.06568298413941642,
    "sharpe": 0.7264737519915534,
    "buy_hold": {
      "return": -0.13758442801680582,
      "max_drawdown": -0.25716640961548687,
      "sharpe": -0.5957437939577157
    },
    "excess_return_vs_bh": 0.23828270626235126,
    "trades": {
      "chosen_buys": 62,
      "chosen_sells": 6,
      "chosen_holds": 151,
      "executed_buys": 1,
      "executed_sells": 1,
      "invalid_actions": 66
    }
  },
  "ITC": {
    "return": -0.06320365168539321,
    "max_drawdown": -0.10408670128697213,
    "sharpe": -0.5216782441483881,
    "buy_hold": {
      "return": -0.06226591760299616,
      "max_drawdown": -0.1040867012869721,
      "sharpe": -0.5216782441483879
    },
    "excess_return_vs_bh": -0.000937734082397057,
    "trades": {
      "chosen_buys": 219,
      "chosen_sells": 0,
      "chosen_holds": 0,
      "executed_buys": 1,
      "executed_sells": 1,
      "invalid_actions": 218
    }
  }
}