{
  "HCLTECH": {
    "return": 0.08198580773026931,
    "max_drawdown": -0.029803120785975534,
    "sharpe": 0.9806748384889606,
    "buy_hold": {
      "return": -0.06843152521844442,
      "max_drawdown": -0.20748623006603806,
      "sharpe": -0.3370285751323063
    },
    "excess_return_vs_bh": 0.15041733294871373,
    "trades": {
      "chosen_buys": 29,
      "chosen_sells": 190,
      "chosen_holds": 0,
      "executed_buys": 4,
      "executed_sells": 4,
      "invalid_actions": 211
    }
  },
  "HDFCBANK": {
    "return": 0.1582933333122183,
    "max_drawdown": -0.06752887748050145,
    "sharpe": 1.0550492286412048,
    "buy_hold": {
      "return": 0.15502972374402613,
      "max_drawdown": -0.06752887748050138,
      "sharpe": 0.8970790373759403
    },
    "excess_return_vs_bh": 0.0032636095681921606,
    "trades": {
      "chosen_buys": 203,
      "chosen_sells": 13,
      "chosen_holds": 3,
      "executed_buys": 4,
      "executed_sells": 4,
      "invalid_actions": 209
    }
  },
  "HINDUNILVR": {
    "return": 0.0,
    "max_drawdown": 0.0,
    "sharpe": 0.0,
    "buy_hold": {
      "return": -0.030172139998729586,
      "max_drawdown": -0.1604397236871426,
      "sharpe": -0.1793430696107278
    },
    "excess_return_vs_bh": 0.030172139998729586,
    "trades": {
      "chosen_buys": 0,
      "chosen_sells": 219,
      "chosen_holds": 0,
      "executed_buys": 0,
      "executed_sells": 0,
      "invalid_actions": 219
    }
  },
  "ICICIBANK": {
    "return": 0.02676854639834292,
    "max_drawdown": -0.08482193900207916,
    "sharpe": 0.2836098095552343,
    "buy_hold": {
      "return": 0.06328211626801838,
      "max_drawdown": -0.11299207308880804,
      "sharpe": 0.3863406143377085
    },
    "excess_return_vs_bh": -0.036513569869675466,
    "trades": {
      "chosen_buys": 72,
      "chosen_sells": 147,
      "chosen_holds": 0,
      "executed_buys": 3,
      "executed_sells": 3,
      "invalid_actions": 214
    }
  },
  "INFY": {
    "return": -0.04120596590909098,
    "max_drawdown": -0.04120596590909098,
    "sharpe": -1.0055295056943674,
    "buy_hold": {
      "return": -0.13758442801680582,
      "max_drawdown": -0.25716640961548687,
      "sharpe": -0.5957437939577157
    },
    "excess_return_vs_bh": 0.09637846210771484,
    "trades": {
      "chosen_buys": 6,
      "chosen_sells": 213,
      "chosen_holds": 0,
      "executed_buys": 1,
      "executed_sells": 1,
      "invalid_actions": 218
    }
  },
  "ITC": {
    "return": -0.06320365168539321,
    "max_drawdown": -0.10408670128697213,
    "sharpe": -0.5216782441483881,
    "buy_hold": {
      "return": -0.06226591760299616,
      "max_drawdown": -0.1040867012869721,
      "sharpe": -0.5216782441483879
    },
    "excess_return_vs_bh": -0.000937734082397057,
    "trades": {
      "chosen_buys": 136,
      "chosen_sells": 0,
      "chosen_holds": 83,
      "executed_buys": 1,
      "executed_sells": 1,
      "invalid_actions": 135
    }
  }
}