{
  "HCLTECH": {
    "return": -0.006963628530986532,
    "max_drawdown": -0.20391976550376462,
    "sharpe": -0.035693020722684786,
    "buy_hold": {
      "return": -0.06843152521844442,
      "max_drawdown": -0.20748623006603806,
      "sharpe": -0.3370285751323063
    },
    "excess_return_vs_bh": 0.06146789668745789,
    "trades": {
      "chosen_buys": 176,
      "chosen_sells": 15,
      "chosen_holds": 28,
      "executed_buys": 1,
      "executed_sells": 1,
      "invalid_actions": 190
    }
  },
  "HDFCBANK": {
    "return": 0.1314976165496391,
    "max_drawdown": -0.0675288774805015,
    "sharpe": 0.7906878624428942,
    "buy_hold": {
      "return": 0.15502972374402613,
      "max_drawdown": -0.06752887748050138,
      "sharpe": 0.8970790373759403
    },
    "excess_return_vs_bh": -0.02353210719438703,
    "trades": {
      "chosen_buys": 216,
      "chosen_sells": 1,
      "chosen_holds": 2,
      "executed_buys": 2,
      "executed_sells": 2,
      "invalid_actions": 214
    }
  },
  "HINDUNILVR": {
    "return": 0.0,
    "max_drawdown": 0.0,
    "sharpe": 0.0,
    "buy_hold": {
      "return": -0.030172139998729586,
      "max_drawdown": -0.1604397236871426,
      "sharpe": -0.1793430696107278
    },
    "excess_return_vs_bh": 0.030172139998729586,
    "trades": {
      "chosen_buys": 0,
      "chosen_sells": 215,
      "chosen_holds": 4,
      "executed_buys": 0,
      "executed_sells": 0,
      "invalid_actions": 215
    }
  },
  "ICICIBANK": {
    "return": 0.057872885816971475,
    "max_drawdown": -0.11299207308880808,
    "sharpe": 0.3572001912111395,
    "buy_hold": {
      "return": 0.06328211626801838,
      "max_drawdown": -0.11299207308880804,
      "sharpe": 0.3863406143377085
    },
    "excess_return_vs_bh": -0.005409230451046909,
    "trades": {
      "chosen_buys": 217,
      "chosen_sells": 1,
      "chosen_holds": 1,
      "executed_buys": 2,
      "executed_sells": 2,
      "invalid_actions": 215
    }
  },
  "INFY": {
    "return": 0.1520504718806548,
    "max_drawdown": -0.13262631803498512,
    "sharpe": 0.7854611763463668,
    "buy_hold": {
      "return": -0.13758442801680582,
      "max_drawdown": -0.25716640961548687,
      "sharpe": -0.5957437939577157
    },
    "excess_return_vs_bh": 0.2896348998974606,
    "trades": {
      "chosen_buys": 170,
      "chosen_sells": 25,
      "chosen_holds": 24,
      "executed_buys": 3,
      "executed_sells": 3,
      "invalid_actions": 190
    }
  },
  "ITC": {
    "return": -0.06320365168539321,
    "max_drawdown": -0.10408670128697213,
    "sharpe": -0.5216782441483881,
    "buy_hold": {
      "return": -0.06226591760299616,
      "max_drawdown": -0.1040867012869721,
      "sharpe": -0.5216782441483879
    },
    "excess_return_vs_bh": -0.000937734082397057,
    "trades": {
      "chosen_buys": 219,
      "chosen_sells": 0,
      "chosen_holds": 0,
      "executed_buys": 1,
      "executed_sells": 1,
      "invalid_actions": 218
    }
  }
}