{
  "HCLTECH": {
    "return": 0.02393342791195563,
    "max_drawdown": -0.019141914191419116,
    "sharpe": 0.377685092508953,
    "buy_hold": {
      "return": -0.06843152521844442,
      "max_drawdown": -0.20748623006603806,
      "sharpe": -0.3370285751323063
    },
    "excess_return_vs_bh": 0.09236495313040005,
    "trades": {
      "chosen_buys": 9,
      "chosen_sells": 63,
      "chosen_holds": 147,
      "executed_buys": 1,
      "executed_sells": 1,
      "invalid_actions": 70
    }
  },
  "HDFCBANK": {
    "return": 0.14074709255478934,
    "max_drawdown": -0.06752887748050138,
    "sharpe": 0.8210940300490388,
    "buy_hold": {
      "return": 0.15502972374402613,
      "max_drawdown": -0.06752887748050138,
      "sharpe": 0.8970790373759403
    },
    "excess_return_vs_bh": -0.014282631189236783,
    "trades": {
      "chosen_buys": 164,
      "chosen_sells": 4,
      "chosen_holds": 51,
      "executed_buys": 5,
      "executed_sells": 5,
      "invalid_actions": 159
    }
  },
  "HINDUNILVR": {
    "return": 0.0,
    "max_drawdown": 0.0,
    "sharpe": 0.0,
    "buy_hold": {
      "return": -0.030172139998729586,
      "max_drawdown": -0.1604397236871426,
      "sharpe": -0.1793430696107278
    },
    "excess_return_vs_bh": 0.030172139998729586,
    "trades": {
      "chosen_buys": 0,
      "chosen_sells": 199,
      "chosen_holds": 20,
      "executed_buys": 0,
      "executed_sells": 0,
      "invalid_actions": 199
    }
  },
  "ICICIBANK": {
    "return": 0.06632442167411412,
    "max_drawdown": -0.05198247616242697,
    "sharpe": 0.6696979852675301,
    "buy_hold": {
      "return": 0.06328211626801838,
      "max_drawdown": -0.11299207308880804,
      "sharpe": 0.3863406143377085
    },
    "excess_return_vs_bh": 0.0030423054060957355,
    "trades": {
      "chosen_buys": 98,
      "chosen_sells": 20,
      "chosen_holds": 101,
      "executed_buys": 9,
      "executed_sells": 9,
      "invalid_actions": 101
    }
  },
  "INFY": {
    "return": 0.0,
    "max_drawdown": 0.0,
    "sharpe": 0.0,
    "buy_hold": {
      "return": -0.13758442801680582,
      "max_drawdown": -0.25716640961548687,
      "sharpe": -0.5957437939577157
    },
    "excess_return_vs_bh": 0.13758442801680582,
    "trades": {
      "chosen_buys": 0,
      "chosen_sells": 62,
      "chosen_holds": 157,
      "executed_buys": 0,
      "executed_sells": 0,
      "invalid_actions": 62
    }
  },
  "ITC": {
    "return": -0.06320365168539321,
    "max_drawdown": -0.10408670128697213,
    "sharpe": -0.5216782441483881,
    "buy_hold": {
      "return": -0.06226591760299616,
      "max_drawdown": -0.1040867012869721,
      "sharpe": -0.5216782441483879
    },
    "excess_return_vs_bh": -0.000937734082397057,
    "trades": {
      "chosen_buys": 40,
      "chosen_sells": 0,
      "chosen_holds": 179,
      "executed_buys": 1,
      "executed_sells": 1,
      "invalid_actions": 39
    }
  }
}