{
  "HCLTECH": {
    "return": -0.06936309369322602,
    "max_drawdown": -0.20748623006603803,
    "sharpe": -0.3370285751323062,
    "buy_hold": {
      "return": -0.06843152521844442,
      "max_drawdown": -0.20748623006603806,
      "sharpe": -0.3370285751323063
    },
    "excess_return_vs_bh": -0.0009315684747815967,
    "trades": {
      "chosen_buys": 219,
      "chosen_sells": 0,
      "chosen_holds": 0,
      "executed_buys": 1,
      "executed_sells": 1,
      "invalid_actions": 218
    }
  },
  "HDFCBANK": {
    "return": 0.13083229138020402,
    "max_drawdown": -0.06752887748050143,
    "sharpe": 0.7570861181476384,
    "buy_hold": {
      "return": 0.15502972374402613,
      "max_drawdown": -0.06752887748050138,
      "sharpe": 0.8970790373759403
    },
    "excess_return_vs_bh": -0.024197432363822102,
    "trades": {
      "chosen_buys": 217,
      "chosen_sells": 2,
      "chosen_holds": 0,
      "executed_buys": 3,
      "executed_sells": 3,
      "invalid_actions": 214
    }
  },
  "HINDUNILVR": {
    "return": -0.06574779015114962,
    "max_drawdown": -0.17306455793975287,
    "sharpe": -0.551812754824326,
    "buy_hold": {
      "return": -0.030172139998729586,
      "max_drawdown": -0.1604397236871426,
      "sharpe": -0.1793430696107278
    },
    "excess_return_vs_bh": -0.035575650152420035,
    "trades": {
      "chosen_buys": 102,
      "chosen_sells": 112,
      "chosen_holds": 5,
      "executed_buys": 13,
      "executed_sells": 13,
      "invalid_actions": 189
    }
  },
  "ICICIBANK": {
    "return": 0.04748451868951831,
    "max_drawdown": -0.11299207308880838,
    "sharpe": 0.30067852766773656,
    "buy_hold": {
      "return": 0.06328211626801838,
      "max_drawdown": -0.11299207308880804,
      "sharpe": 0.3863406143377085
    },
    "excess_return_vs_bh": -0.015797597578500078,
    "trades": {
      "chosen_buys": 215,
      "chosen_sells": 4,
      "chosen_holds": 0,
      "executed_buys": 5,
      "executed_sells": 5,
      "invalid_actions": 210
    }
  },
  "INFY": {
    "return": -0.138446843588789,
    "max_drawdown": -0.25716640961548687,
    "sharpe": -0.5957437939577173,
    "buy_hold": {
      "return": -0.13758442801680582,
      "max_drawdown": -0.25716640961548687,
      "sharpe": -0.5957437939577157
    },
    "excess_return_vs_bh": -0.0008624155719831883,
    "trades": {
      "chosen_buys": 219,
      "chosen_sells": 0,
      "chosen_holds": 0,
      "executed_buys": 1,
      "executed_sells": 1,
      "invalid_actions": 218
    }
  },
  "ITC": {
    "return": -0.06320365168539321,
    "max_drawdown": -0.10408670128697213,
    "sharpe": -0.5216782441483881,
    "buy_hold": {
      "return": -0.06226591760299616,
      "max_drawdown": -0.1040867012869721,
      "sharpe": -0.5216782441483879
    },
    "excess_return_vs_bh": -0.000937734082397057,
    "trades": {
      "chosen_buys": 206,
      "chosen_sells": 0,
      "chosen_holds": 13,
      "executed_buys": 1,
      "executed_sells": 1,
      "invalid_actions": 205
    }
  }
}