{
  "HCLTECH": {
    "return": 0.08177163855721803,
    "max_drawdown": -0.10416510329828724,
    "sharpe": 0.6579606298422845,
    "buy_hold": {
      "return": -0.06843152521844442,
      "max_drawdown": -0.20748623006603806,
      "sharpe": -0.3370285751323063
    },
    "excess_return_vs_bh": 0.15020316377566245,
    "trades": {
      "chosen_buys": 77,
      "chosen_sells": 22,
      "chosen_holds": 120,
      "executed_buys": 22,
      "executed_sells": 22,
      "invalid_actions": 55
    }
  },
  "HDFCBANK": {
    "return": 0.1516552806868876,
    "max_drawdown": -0.0661765850403425,
    "sharpe": 0.9216024731526384,
    "buy_hold": {
      "return": 0.15502972374402613,
      "max_drawdown": -0.06752887748050138,
      "sharpe": 0.8970790373759403
    },
    "excess_return_vs_bh": -0.003374443057138521,
    "trades": {
      "chosen_buys": 179,
      "chosen_sells": 26,
      "chosen_holds": 14,
      "executed_buys": 27,
      "executed_sells": 27,
      "invalid_actions": 152
    }
  },
  "HINDUNILVR": {
    "return": 0.0,
    "max_drawdown": 0.0,
    "sharpe": 0.0,
    "buy_hold": {
      "return": -0.030172139998729586,
      "max_drawdown": -0.1604397236871426,
      "sharpe": -0.1793430696107278
    },
    "excess_return_vs_bh": 0.030172139998729586,
    "trades": {
      "chosen_buys": 0,
      "chosen_sells": 0,
      "chosen_holds": 219,
      "executed_buys": 0,
      "executed_sells": 0,
      "invalid_actions": 0
    }
  },
  "ICICIBANK": {
    "return": -0.021700090803026817,
    "max_drawdown": -0.12003123067791444,
    "sharpe": -0.18331994541687296,
    "buy_hold": {
      "return": 0.06328211626801838,
      "max_drawdown": -0.11299207308880804,
      "sharpe": 0.3863406143377085
    },
    "excess_return_vs_bh": -0.0849822070710452,
    "trades": {
      "chosen_buys": 163,
      "chosen_sells": 21,
      "chosen_holds": 35,
      "executed_buys": 22,
      "executed_sells": 22,
      "invalid_actions": 141
    }
  },
  "INFY": {
    "return": -0.007015315408732126,
    "max_drawdown": -0.07475249492366805,
    "sharpe": -0.051132160427683364,
    "buy_hold": {
      "return": -0.13758442801680582,
      "max_drawdown": -0.25716640961548687,
      "sharpe": -0.5957437939577157
    },
    "excess_return_vs_bh": 0.1305691126080737,
    "trades": {
      "chosen_buys": 106,
      "chosen_sells": 20,
      "chosen_holds": 93,
      "executed_buys": 20,
      "executed_sells": 20,
      "invalid_actions": 86
    }
  },
  "ITC": {
    "return": -0.06320365168539321,
    "max_drawdown": -0.10408670128697213,
    "sharpe": -0.5216782441483881,
    "buy_hold": {
      "return": -0.06226591760299616,
      "max_drawdown": -0.1040867012869721,
      "sharpe": -0.5216782441483879
    },
    "excess_return_vs_bh": -0.000937734082397057,
    "trades": {
      "chosen_buys": 170,
      "chosen_sells": 0,
      "chosen_holds": 49,
      "executed_buys": 1,
      "executed_sells": 1,
      "invalid_actions": 169
    }
  }
}