{
  "HCLTECH": {
    "return": -0.13319957399932758,
    "max_drawdown": -0.21293781565507958,
    "sharpe": -0.6820054433432888,
    "buy_hold": {
      "return": -0.06843152521844442,
      "max_drawdown": -0.20748623006603806,
      "sharpe": -0.3370285751323063
    },
    "excess_return_vs_bh": -0.06476804878088316,
    "trades": {
      "chosen_buys": 35,
      "chosen_sells": 34,
      "chosen_holds": 150,
      "executed_buys": 35,
      "executed_sells": 35,
      "invalid_actions": 0
    }
  },
  "HDFCBANK": {
    "return": 0.15022023108110827,
    "max_drawdown": -0.07319332275354151,
    "sharpe": 0.9236124872578537,
    "buy_hold": {
      "return": 0.15502972374402613,
      "max_drawdown": -0.06752887748050138,
      "sharpe": 0.8970790373759403
    },
    "excess_return_vs_bh": -0.004809492662917858,
    "trades": {
      "chosen_buys": 17,
      "chosen_sells": 16,
      "chosen_holds": 186,
      "executed_buys": 17,
      "executed_sells": 17,
      "invalid_actions": 0
    }
  },
  "HINDUNILVR": {
    "return": 0.02032425093874557,
    "max_drawdown": -0.0010000000000000009,
    "sharpe": 0.9292189520637145,
    "buy_hold": {
      "return": -0.030172139998729586,
      "max_drawdown": -0.1604397236871426,
      "sharpe": -0.1793430696107278
    },
    "excess_return_vs_bh": 0.050496390937475155,
    "trades": {
      "chosen_buys": 1,
      "chosen_sells": 1,
      "chosen_holds": 217,
      "executed_buys": 1,
      "executed_sells": 1,
      "invalid_actions": 0
    }
  },
  "ICICIBANK": {
    "return": -0.04645080992491557,
    "max_drawdown": -0.10710954037427911,
    "sharpe": -0.41166448793282967,
    "buy_hold": {
      "return": 0.06328211626801838,
      "max_drawdown": -0.11299207308880804,
      "sharpe": 0.3863406143377085
    },
    "excess_return_vs_bh": -0.10973292619293396,
    "trades": {
      "chosen_buys": 48,
      "chosen_sells": 47,
      "chosen_holds": 124,
      "executed_buys": 48,
      "executed_sells": 48,
      "invalid_actions": 0
    }
  },
  "INFY": {
    "return": -0.0543084008590049,
    "max_drawdown": -0.21063910731458957,
    "sharpe": -0.2330762961327214,
    "buy_hold": {
      "return": -0.13758442801680582,
      "max_drawdown": -0.25716640961548687,
      "sharpe": -0.5957437939577157
    },
    "excess_return_vs_bh": 0.08327602715780091,
    "trades": {
      "chosen_buys": 17,
      "chosen_sells": 16,
      "chosen_holds": 186,
      "executed_buys": 17,
      "executed_sells": 17,
      "invalid_actions": 0
    }
  },
  "ITC": {
    "return": -0.06320365168539321,
    "max_drawdown": -0.10408670128697213,
    "sharpe": -0.5216782441483881,
    "buy_hold": {
      "return": -0.06226591760299616,
      "max_drawdown": -0.1040867012869721,
      "sharpe": -0.5216782441483879
    },
    "excess_return_vs_bh": -0.000937734082397057,
    "trades": {
      "chosen_buys": 1,
      "chosen_sells": 0,
      "chosen_holds": 218,
      "executed_buys": 1,
      "executed_sells": 1,
      "invalid_actions": 0
    }
  }
}