{
  "HCLTECH": {
    "return": 0.017977043630251988,
    "max_drawdown": -0.15539589818714517,
    "sharpe": 0.1116420750681135,
    "buy_hold": {
      "return": -0.06843152521844442,
      "max_drawdown": -0.20748623006603806,
      "sharpe": -0.3370285751323063
    },
    "excess_return_vs_bh": 0.08640856884869641,
    "trades": {
      "chosen_buys": 15,
      "chosen_sells": 15,
      "chosen_holds": 189,
      "executed_buys": 15,
      "executed_sells": 15,
      "invalid_actions": 0
    }
  },
  "HDFCBANK": {
    "return": 0.0853447437522723,
    "max_drawdown": -0.038617219122634244,
    "sharpe": 0.8523716061090681,
    "buy_hold": {
      "return": 0.15502972374402613,
      "max_drawdown": -0.06752887748050138,
      "sharpe": 0.8970790373759403
    },
    "excess_return_vs_bh": -0.06968497999175383,
    "trades": {
      "chosen_buys": 3,
      "chosen_sells": 3,
      "chosen_holds": 213,
      "executed_buys": 3,
      "executed_sells": 3,
      "invalid_actions": 0
    }
  },
  "HINDUNILVR": {
    "return": -0.04978671416463476,
    "max_drawdown": -0.05636391542166223,
    "sharpe": -1.339556101208988,
    "buy_hold": {
      "return": -0.030172139998729586,
      "max_drawdown": -0.1604397236871426,
      "sharpe": -0.1793430696107278
    },
    "excess_return_vs_bh": -0.019614574165905174,
    "trades": {
      "chosen_buys": 16,
      "chosen_sells": 15,
      "chosen_holds": 188,
      "executed_buys": 16,
      "executed_sells": 16,
      "invalid_actions": 0
    }
  },
  "ICICIBANK": {
    "return": 0.02614645029466689,
    "max_drawdown": -0.041718187916559166,
    "sharpe": 0.4306883764683852,
    "buy_hold": {
      "return": 0.06328211626801838,
      "max_drawdown": -0.11299207308880804,
      "sharpe": 0.3863406143377085
    },
    "excess_return_vs_bh": -0.037135665973351495,
    "trades": {
      "chosen_buys": 22,
      "chosen_sells": 21,
      "chosen_holds": 176,
      "executed_buys": 22,
      "executed_sells": 22,
      "invalid_actions": 0
    }
  },
  "INFY": {
    "return": -0.07230042120093705,
    "max_drawdown": -0.16105256799469295,
    "sharpe": -0.4301744047838959,
    "buy_hold": {
      "return": -0.13758442801680582,
      "max_drawdown": -0.25716640961548687,
      "sharpe": -0.5957437939577157
    },
    "excess_return_vs_bh": 0.06528400681586877,
    "trades": {
      "chosen_buys": 28,
      "chosen_sells": 28,
      "chosen_holds": 163,
      "executed_buys": 28,
      "executed_sells": 28,
      "invalid_actions": 0
    }
  },
  "ITC": {
    "return": -0.048109359529676654,
    "max_drawdown": -0.08965114429393328,
    "sharpe": -0.39737823639817793,
    "buy_hold": {
      "return": -0.06226591760299616,
      "max_drawdown": -0.1040867012869721,
      "sharpe": -0.5216782441483879
    },
    "excess_return_vs_bh": 0.014156558073319503,
    "trades": {
      "chosen_buys": 2,
      "chosen_sells": 1,
      "chosen_holds": 216,
      "executed_buys": 2,
      "executed_sells": 2,
      "invalid_actions": 0
    }
  }
}