{
  "HCLTECH": {
    "return": -0.06367234132499755,
    "max_drawdown": -0.14935061941924152,
    "sharpe": -0.39814764684531795,
    "buy_hold": {
      "return": -0.06843152521844442,
      "max_drawdown": -0.20748623006603806,
      "sharpe": -0.3370285751323063
    },
    "excess_return_vs_bh": 0.004759183893446872,
    "trades": {
      "chosen_buys": 97,
      "chosen_sells": 97,
      "chosen_holds": 25,
      "executed_buys": 97,
      "executed_sells": 97,
      "invalid_actions": 0
    }
  },
  "HDFCBANK": {
    "return": -0.1123170019738936,
    "max_drawdown": -0.1718382743009612,
    "sharpe": -1.1807408369472863,
    "buy_hold": {
      "return": 0.15502972374402613,
      "max_drawdown": -0.06752887748050138,
      "sharpe": 0.8970790373759403
    },
    "excess_return_vs_bh": -0.26734672571791973,
    "trades": {
      "chosen_buys": 106,
      "chosen_sells": 106,
      "chosen_holds": 7,
      "executed_buys": 106,
      "executed_sells": 106,
      "invalid_actions": 0
    }
  },
  "HINDUNILVR": {
    "return": -0.07396392527306217,
    "max_drawdown": -0.08766515101987149,
    "sharpe": -1.010228696935332,
    "buy_hold": {
      "return": -0.030172139998729586,
      "max_drawdown": -0.1604397236871426,
      "sharpe": -0.1793430696107278
    },
    "excess_return_vs_bh": -0.043791785274332584,
    "trades": {
      "chosen_buys": 49,
      "chosen_sells": 49,
      "chosen_holds": 121,
      "executed_buys": 49,
      "executed_sells": 49,
      "invalid_actions": 0
    }
  },
  "ICICIBANK": {
    "return": -0.14620970102665265,
    "max_drawdown": -0.16974754280295998,
    "sharpe": -1.4630665397474512,
    "buy_hold": {
      "return": 0.06328211626801838,
      "max_drawdown": -0.11299207308880804,
      "sharpe": 0.3863406143377085
    },
    "excess_return_vs_bh": -0.20949181729467103,
    "trades": {
      "chosen_buys": 96,
      "chosen_sells": 96,
      "chosen_holds": 27,
      "executed_buys": 96,
      "executed_sells": 96,
      "invalid_actions": 0
    }
  },
  "INFY": {
    "return": -0.2775008067871745,
    "max_drawdown": -0.28400916278782873,
    "sharpe": -2.253942432944316,
    "buy_hold": {
      "return": -0.13758442801680582,
      "max_drawdown": -0.25716640961548687,
      "sharpe": -0.5957437939577157
    },
    "excess_return_vs_bh": -0.13991637877036867,
    "trades": {
      "chosen_buys": 43,
      "chosen_sells": 43,
      "chosen_holds": 133,
      "executed_buys": 43,
      "executed_sells": 43,
      "invalid_actions": 0
    }
  },
  "ITC": {
    "return": -0.05945640324410628,
    "max_drawdown": -0.10408670128697213,
    "sharpe": -0.48749022189753044,
    "buy_hold": {
      "return": -0.06226591760299616,
      "max_drawdown": -0.1040867012869721,
      "sharpe": -0.5216782441483879
    },
    "excess_return_vs_bh": 0.0028095143588898752,
    "trades": {
      "chosen_buys": 2,
      "chosen_sells": 1,
      "chosen_holds": 216,
      "executed_buys": 2,
      "executed_sells": 2,
      "invalid_actions": 0
    }
  }
}