{
  "HCLTECH": {
    "return": -0.08174925325547067,
    "max_drawdown": -0.18248146024713718,
    "sharpe": -0.4962273766747641,
    "buy_hold": {
      "return": -0.06843152521844442,
      "max_drawdown": -0.20748623006603806,
      "sharpe": -0.3370285751323063
    },
    "excess_return_vs_bh": -0.013317728037026244,
    "trades": {
      "chosen_buys": 40,
      "chosen_sells": 40,
      "chosen_holds": 139,
      "executed_buys": 40,
      "executed_sells": 40,
      "invalid_actions": 0
    }
  },
  "HDFCBANK": {
    "return": 0.07555716785194311,
    "max_drawdown": -0.034549997133790665,
    "sharpe": 1.1369904747022568,
    "buy_hold": {
      "return": 0.15502972374402613,
      "max_drawdown": -0.06752887748050138,
      "sharpe": 0.8970790373759403
    },
    "excess_return_vs_bh": -0.07947255589208302,
    "trades": {
      "chosen_buys": 4,
      "chosen_sells": 4,
      "chosen_holds": 211,
      "executed_buys": 4,
      "executed_sells": 4,
      "invalid_actions": 0
    }
  },
  "HINDUNILVR": {
    "return": 0.001998633030015018,
    "max_drawdown": -0.15790605259098525,
    "sharpe": 0.01578020137027824,
    "buy_hold": {
      "return": -0.030172139998729586,
      "max_drawdown": -0.1604397236871426,
      "sharpe": -0.1793430696107278
    },
    "excess_return_vs_bh": 0.032170773028744604,
    "trades": {
      "chosen_buys": 20,
      "chosen_sells": 19,
      "chosen_holds": 180,
      "executed_buys": 20,
      "executed_sells": 20,
      "invalid_actions": 0
    }
  },
  "ICICIBANK": {
    "return": 0.036083934916230076,
    "max_drawdown": -0.0683233582981077,
    "sharpe": 0.4025574096444729,
    "buy_hold": {
      "return": 0.06328211626801838,
      "max_drawdown": -0.11299207308880804,
      "sharpe": 0.3863406143377085
    },
    "excess_return_vs_bh": -0.02719818135178831,
    "trades": {
      "chosen_buys": 11,
      "chosen_sells": 10,
      "chosen_holds": 198,
      "executed_buys": 11,
      "executed_sells": 11,
      "invalid_actions": 0
    }
  },
  "INFY": {
    "return": -0.2209818101334603,
    "max_drawdown": -0.27143047297276496,
    "sharpe": -1.7368683270687224,
    "buy_hold": {
      "return": -0.13758442801680582,
      "max_drawdown": -0.25716640961548687,
      "sharpe": -0.5957437939577157
    },
    "excess_return_vs_bh": -0.08339738211665448,
    "trades": {
      "chosen_buys": 30,
      "chosen_sells": 30,
      "chosen_holds": 159,
      "executed_buys": 30,
      "executed_sells": 30,
      "invalid_actions": 0
    }
  },
  "ITC": {
    "return": -0.06558069122103027,
    "max_drawdown": -0.10636000362784405,
    "sharpe": -0.5423319909258626,
    "buy_hold": {
      "return": -0.06226591760299616,
      "max_drawdown": -0.1040867012869721,
      "sharpe": -0.5216782441483879
    },
    "excess_return_vs_bh": -0.003314773618034117,
    "trades": {
      "chosen_buys": 2,
      "chosen_sells": 1,
      "chosen_holds": 216,
      "executed_buys": 2,
      "executed_sells": 2,
      "invalid_actions": 0
    }
  }
}