{
  "HCLTECH": {
    "return": -0.3713242157175075,
    "max_drawdown": -0.37069491062813564,
    "sharpe": -3.642170798928296,
    "buy_hold": {
      "return": -0.06843152521844442,
      "max_drawdown": -0.20748623006603806,
      "sharpe": -0.3370285751323063
    },
    "excess_return_vs_bh": -0.3028926904990631,
    "trades": {
      "chosen_buys": 104,
      "chosen_sells": 104,
      "chosen_holds": 11,
      "executed_buys": 104,
      "executed_sells": 104,
      "invalid_actions": 0
    }
  },
  "HDFCBANK": {
    "return": 0.14863022553386274,
    "max_drawdown": -0.06752887748050138,
    "sharpe": 0.8897221145537402,
    "buy_hold": {
      "return": 0.15502972374402613,
      "max_drawdown": -0.06752887748050138,
      "sharpe": 0.8970790373759403
    },
    "excess_return_vs_bh": -0.00639949821016339,
    "trades": {
      "chosen_buys": 15,
      "chosen_sells": 14,
      "chosen_holds": 190,
      "executed_buys": 15,
      "executed_sells": 15,
      "invalid_actions": 0
    }
  },
  "HINDUNILVR": {
    "return": -0.09966343583279325,
    "max_drawdown": -0.1354734509259223,
    "sharpe": -0.8914035269194346,
    "buy_hold": {
      "return": -0.030172139998729586,
      "max_drawdown": -0.1604397236871426,
      "sharpe": -0.1793430696107278
    },
    "excess_return_vs_bh": -0.06949129583406366,
    "trades": {
      "chosen_buys": 95,
      "chosen_sells": 95,
      "chosen_holds": 29,
      "executed_buys": 95,
      "executed_sells": 95,
      "invalid_actions": 0
    }
  },
  "ICICIBANK": {
    "return": -0.242344173125144,
    "max_drawdown": -0.24158575888402803,
    "sharpe": -2.8140367176683716,
    "buy_hold": {
      "return": 0.06328211626801838,
      "max_drawdown": -0.11299207308880804,
      "sharpe": 0.3863406143377085
    },
    "excess_return_vs_bh": -0.3056262893931624,
    "trades": {
      "chosen_buys": 110,
      "chosen_sells": 109,
      "chosen_holds": 0,
      "executed_buys": 110,
      "executed_sells": 110,
      "invalid_actions": 0
    }
  },
  "INFY": {
    "return": -0.4457353941695432,
    "max_drawdown": -0.4531000411890419,
    "sharpe": -4.022619209633165,
    "buy_hold": {
      "return": -0.13758442801680582,
      "max_drawdown": -0.25716640961548687,
      "sharpe": -0.5957437939577157
    },
    "excess_return_vs_bh": -0.3081509661527374,
    "trades": {
      "chosen_buys": 106,
      "chosen_sells": 106,
      "chosen_holds": 7,
      "executed_buys": 106,
      "executed_sells": 106,
      "invalid_actions": 0
    }
  },
  "ITC": {
    "return": -0.06320365168539321,
    "max_drawdown": -0.10408670128697213,
    "sharpe": -0.5216782441483881,
    "buy_hold": {
      "return": -0.06226591760299616,
      "max_drawdown": -0.1040867012869721,
      "sharpe": -0.5216782441483879
    },
    "excess_return_vs_bh": -0.000937734082397057,
    "trades": {
      "chosen_buys": 1,
      "chosen_sells": 0,
      "chosen_holds": 218,
      "executed_buys": 1,
      "executed_sells": 1,
      "invalid_actions": 0
    }
  }
}