{
  "HCLTECH": {
    "return": -0.12453639509361214,
    "max_drawdown": -0.2036511156186613,
    "sharpe": -0.6811010094550217,
    "buy_hold": {
      "return": -0.06843152521844442,
      "max_drawdown": -0.20748623006603806,
      "sharpe": -0.3370285751323063
    },
    "excess_return_vs_bh": -0.05610486987516772,
    "trades": {
      "chosen_buys": 2,
      "chosen_sells": 2,
      "chosen_holds": 215,
      "executed_buys": 2,
      "executed_sells": 2,
      "invalid_actions": 0
    }
  },
  "HDFCBANK": {
    "return": 0.07806878269079154,
    "max_drawdown": -0.017690340078745526,
    "sharpe": 1.741574949755589,
    "buy_hold": {
      "return": 0.15502972374402613,
      "max_drawdown": -0.06752887748050138,
      "sharpe": 0.8970790373759403
    },
    "excess_return_vs_bh": -0.07696094105323459,
    "trades": {
      "chosen_buys": 12,
      "chosen_sells": 12,
      "chosen_holds": 195,
      "executed_buys": 12,
      "executed_sells": 12,
      "invalid_actions": 0
    }
  },
  "HINDUNILVR": {
    "return": -0.0025814336393812365,
    "max_drawdown": -0.04512459611384053,
    "sharpe": -0.03461097234351568,
    "buy_hold": {
      "return": -0.030172139998729586,
      "max_drawdown": -0.1604397236871426,
      "sharpe": -0.1793430696107278
    },
    "excess_return_vs_bh": 0.02759070635934835,
    "trades": {
      "chosen_buys": 3,
      "chosen_sells": 2,
      "chosen_holds": 214,
      "executed_buys": 3,
      "executed_sells": 3,
      "invalid_actions": 0
    }
  },
  "ICICIBANK": {
    "return": 0.0854083154624874,
    "max_drawdown": -0.02118621892716973,
    "sharpe": 1.4274763349827353,
    "buy_hold": {
      "return": 0.06328211626801838,
      "max_drawdown": -0.11299207308880804,
      "sharpe": 0.3863406143377085
    },
    "excess_return_vs_bh": 0.02212619919446901,
    "trades": {
      "chosen_buys": 4,
      "chosen_sells": 4,
      "chosen_holds": 211,
      "executed_buys": 4,
      "executed_sells": 4,
      "invalid_actions": 0
    }
  },
  "INFY": {
    "return": -0.0019237753300226368,
    "max_drawdown": -0.20984895627086045,
    "sharpe": -0.008612469633603233,
    "buy_hold": {
      "return": -0.13758442801680582,
      "max_drawdown": -0.25716640961548687,
      "sharpe": -0.5957437939577157
    },
    "excess_return_vs_bh": 0.13566065268678318,
    "trades": {
      "chosen_buys": 4,
      "chosen_sells": 4,
      "chosen_holds": 211,
      "executed_buys": 4,
      "executed_sells": 4,
      "invalid_actions": 0
    }
  },
  "ITC": {
    "return": -0.06320365168539321,
    "max_drawdown": -0.10408670128697213,
    "sharpe": -0.5216782441483881,
    "buy_hold": {
      "return": -0.06226591760299616,
      "max_drawdown": -0.1040867012869721,
      "sharpe": -0.5216782441483879
    },
    "excess_return_vs_bh": -0.000937734082397057,
    "trades": {
      "chosen_buys": 1,
      "chosen_sells": 0,
      "chosen_holds": 218,
      "executed_buys": 1,
      "executed_sells": 1,
      "invalid_actions": 0
    }
  }
}