{
  "HCLTECH": {
    "return": -0.3516176138171677,
    "max_drawdown": -0.36253827477632256,
    "sharpe": -3.6405000016483866,
    "buy_hold": {
      "return": -0.06843152521844442,
      "max_drawdown": -0.20748623006603806,
      "sharpe": -0.3370285751323063
    },
    "excess_return_vs_bh": -0.2831860885987233,
    "trades": {
      "chosen_buys": 73,
      "chosen_sells": 73,
      "chosen_holds": 73,
      "executed_buys": 73,
      "executed_sells": 73,
      "invalid_actions": 0
    }
  },
  "HDFCBANK": {
    "return": 0.08530537576897057,
    "max_drawdown": -0.0554581781662296,
    "sharpe": 0.5203766269846704,
    "buy_hold": {
      "return": 0.15502972374402613,
      "max_drawdown": -0.06752887748050138,
      "sharpe": 0.8970790373759403
    },
    "excess_return_vs_bh": -0.06972434797505556,
    "trades": {
      "chosen_buys": 41,
      "chosen_sells": 40,
      "chosen_holds": 138,
      "executed_buys": 41,
      "executed_sells": 41,
      "invalid_actions": 0
    }
  },
  "HINDUNILVR": {
    "return": -0.09146737126628302,
    "max_drawdown": -0.09278670305433534,
    "sharpe": -2.1071125134974813,
    "buy_hold": {
      "return": -0.030172139998729586,
      "max_drawdown": -0.1604397236871426,
      "sharpe": -0.1793430696107278
    },
    "excess_return_vs_bh": -0.06129523126755343,
    "trades": {
      "chosen_buys": 26,
      "chosen_sells": 25,
      "chosen_holds": 168,
      "executed_buys": 26,
      "executed_sells": 26,
      "invalid_actions": 0
    }
  },
  "ICICIBANK": {
    "return": -0.17167291416955277,
    "max_drawdown": -0.17084375792748024,
    "sharpe": -1.8453870105565835,
    "buy_hold": {
      "return": 0.06328211626801838,
      "max_drawdown": -0.11299207308880804,
      "sharpe": 0.3863406143377085
    },
    "excess_return_vs_bh": -0.23495503043757116,
    "trades": {
      "chosen_buys": 96,
      "chosen_sells": 96,
      "chosen_holds": 27,
      "executed_buys": 96,
      "executed_sells": 96,
      "invalid_actions": 0
    }
  },
  "INFY": {
    "return": -0.4276487488001772,
    "max_drawdown": -0.43653579375719026,
    "sharpe": -3.9376417046729832,
    "buy_hold": {
      "return": -0.13758442801680582,
      "max_drawdown": -0.25716640961548687,
      "sharpe": -0.5957437939577157
    },
    "excess_return_vs_bh": -0.2900643207833714,
    "trades": {
      "chosen_buys": 90,
      "chosen_sells": 90,
      "chosen_holds": 39,
      "executed_buys": 90,
      "executed_sells": 90,
      "invalid_actions": 0
    }
  },
  "ITC": {
    "return": -0.06320365168539321,
    "max_drawdown": -0.10408670128697213,
    "sharpe": -0.5216782441483881,
    "buy_hold": {
      "return": -0.06226591760299616,
      "max_drawdown": -0.1040867012869721,
      "sharpe": -0.5216782441483879
    },
    "excess_return_vs_bh": -0.000937734082397057,
    "trades": {
      "chosen_buys": 1,
      "chosen_sells": 0,
      "chosen_holds": 218,
      "executed_buys": 1,
      "executed_sells": 1,
      "invalid_actions": 0
    }
  }
}