{
  "HCLTECH": {
    "return": -0.3285035142681546,
    "max_drawdown": -0.3321735484286328,
    "sharpe": -2.879180565183293,
    "buy_hold": {
      "return": -0.06843152521844442,
      "max_drawdown": -0.20748623006603806,
      "sharpe": -0.3370285751323063
    },
    "excess_return_vs_bh": -0.2600719890497102,
    "trades": {
      "chosen_buys": 84,
      "chosen_sells": 84,
      "chosen_holds": 51,
      "executed_buys": 84,
      "executed_sells": 84,
      "invalid_actions": 0
    }
  },
  "HDFCBANK": {
    "return": 0.017675088062375943,
    "max_drawdown": -0.09350180792401258,
    "sharpe": 0.12642976588349628,
    "buy_hold": {
      "return": 0.15502972374402613,
      "max_drawdown": -0.06752887748050138,
      "sharpe": 0.8970790373759403
    },
    "excess_return_vs_bh": -0.13735463568165018,
    "trades": {
      "chosen_buys": 65,
      "chosen_sells": 64,
      "chosen_holds": 90,
      "executed_buys": 65,
      "executed_sells": 65,
      "invalid_actions": 0
    }
  },
  "HINDUNILVR": {
    "return": -0.00017325944805879345,
    "max_drawdown": -0.013511664600420192,
    "sharpe": -0.009107987733558164,
    "buy_hold": {
      "return": -0.030172139998729586,
      "max_drawdown": -0.1604397236871426,
      "sharpe": -0.1793430696107278
    },
    "excess_return_vs_bh": 0.029998880550670792,
    "trades": {
      "chosen_buys": 6,
      "chosen_sells": 6,
      "chosen_holds": 207,
      "executed_buys": 6,
      "executed_sells": 6,
      "invalid_actions": 0
    }
  },
  "ICICIBANK": {
    "return": -0.11533148827104844,
    "max_drawdown": -0.1144459342052537,
    "sharpe": -1.3639180666068986,
    "buy_hold": {
      "return": 0.06328211626801838,
      "max_drawdown": -0.11299207308880804,
      "sharpe": 0.3863406143377085
    },
    "excess_return_vs_bh": -0.17861360453906683,
    "trades": {
      "chosen_buys": 73,
      "chosen_sells": 73,
      "chosen_holds": 73,
      "executed_buys": 73,
      "executed_sells": 73,
      "invalid_actions": 0
    }
  },
  "INFY": {
    "return": 0.04532487310881694,
    "max_drawdown": -0.11141244156811146,
    "sharpe": 0.28826878459029054,
    "buy_hold": {
      "return": -0.13758442801680582,
      "max_drawdown": -0.25716640961548687,
      "sharpe": -0.5957437939577157
    },
    "excess_return_vs_bh": 0.18290930112562276,
    "trades": {
      "chosen_buys": 97,
      "chosen_sells": 97,
      "chosen_holds": 25,
      "executed_buys": 97,
      "executed_sells": 97,
      "invalid_actions": 0
    }
  },
  "ITC": {
    "return": -0.19927817781571266,
    "max_drawdown": -0.19847665447018284,
    "sharpe": -2.222787573291794,
    "buy_hold": {
      "return": -0.06226591760299616,
      "max_drawdown": -0.1040867012869721,
      "sharpe": -0.5216782441483879
    },
    "excess_return_vs_bh": -0.1370122602127165,
    "trades": {
      "chosen_buys": 83,
      "chosen_sells": 82,
      "chosen_holds": 54,
      "executed_buys": 83,
      "executed_sells": 83,
      "invalid_actions": 0
    }
  }
}