{
  "HCLTECH": {
    "return": -0.020420845486681438,
    "max_drawdown": -0.11542162571168588,
    "sharpe": -0.1555827253546791,
    "buy_hold": {
      "return": -0.06843152521844442,
      "max_drawdown": -0.20748623006603806,
      "sharpe": -0.3370285751323063
    },
    "excess_return_vs_bh": 0.048010679731762984,
    "trades": {
      "chosen_buys": 9,
      "chosen_sells": 9,
      "chosen_holds": 201,
      "executed_buys": 9,
      "executed_sells": 9,
      "invalid_actions": 0
    }
  },
  "HDFCBANK": {
    "return": 0.12628473979741472,
    "max_drawdown": -0.06752887748050135,
    "sharpe": 0.7691104097774913,
    "buy_hold": {
      "return": 0.15502972374402613,
      "max_drawdown": -0.06752887748050138,
      "sharpe": 0.8970790373759403
    },
    "excess_return_vs_bh": -0.028744983946611402,
    "trades": {
      "chosen_buys": 4,
      "chosen_sells": 3,
      "chosen_holds": 212,
      "executed_buys": 4,
      "executed_sells": 4,
      "invalid_actions": 0
    }
  },
  "HINDUNILVR": {
    "return": 0.0,
    "max_drawdown": 0.0,
    "sharpe": 0.0,
    "buy_hold": {
      "return": -0.030172139998729586,
      "max_drawdown": -0.1604397236871426,
      "sharpe": -0.1793430696107278
    },
    "excess_return_vs_bh": 0.030172139998729586,
    "trades": {
      "chosen_buys": 0,
      "chosen_sells": 0,
      "chosen_holds": 219,
      "executed_buys": 0,
      "executed_sells": 0,
      "invalid_actions": 0
    }
  },
  "ICICIBANK": {
    "return": 0.05604633870656395,
    "max_drawdown": -0.08088542391758308,
    "sharpe": 0.6542649791579691,
    "buy_hold": {
      "return": 0.06328211626801838,
      "max_drawdown": -0.11299207308880804,
      "sharpe": 0.3863406143377085
    },
    "excess_return_vs_bh": -0.007235777561454437,
    "trades": {
      "chosen_buys": 2,
      "chosen_sells": 2,
      "chosen_holds": 215,
      "executed_buys": 2,
      "executed_sells": 2,
      "invalid_actions": 0
    }
  },
  "INFY": {
    "return": -0.009783043830801752,
    "max_drawdown": -0.06511339737764496,
    "sharpe": -0.07469179436572718,
    "buy_hold": {
      "return": -0.13758442801680582,
      "max_drawdown": -0.25716640961548687,
      "sharpe": -0.5957437939577157
    },
    "excess_return_vs_bh": 0.12780138418600406,
    "trades": {
      "chosen_buys": 6,
      "chosen_sells": 6,
      "chosen_holds": 207,
      "executed_buys": 6,
      "executed_sells": 6,
      "invalid_actions": 0
    }
  },
  "ITC": {
    "return": -0.06320365168539321,
    "max_drawdown": -0.10408670128697213,
    "sharpe": -0.5216782441483881,
    "buy_hold": {
      "return": -0.06226591760299616,
      "max_drawdown": -0.1040867012869721,
      "sharpe": -0.5216782441483879
    },
    "excess_return_vs_bh": -0.000937734082397057,
    "trades": {
      "chosen_buys": 1,
      "chosen_sells": 0,
      "chosen_holds": 218,
      "executed_buys": 1,
      "executed_sells": 1,
      "invalid_actions": 0
    }
  }
}