{
  "HCLTECH": {
    "return": -0.04452377649899075,
    "max_drawdown": -0.12278702378112183,
    "sharpe": -0.4326021902789223,
    "buy_hold": {
      "return": -0.06843152521844442,
      "max_drawdown": -0.20748623006603806,
      "sharpe": -0.3370285751323063
    },
    "excess_return_vs_bh": 0.02390774871945367,
    "trades": {
      "chosen_buys": 32,
      "chosen_sells": 32,
      "chosen_holds": 155,
      "executed_buys": 32,
      "executed_sells": 32,
      "invalid_actions": 0
    }
  },
  "HDFCBANK": {
    "return": 0.05134534437419069,
    "max_drawdown": -0.07643148018078968,
    "sharpe": 0.5563887156535329,
    "buy_hold": {
      "return": 0.15502972374402613,
      "max_drawdown": -0.06752887748050138,
      "sharpe": 0.8970790373759403
    },
    "excess_return_vs_bh": -0.10368437936983543,
    "trades": {
      "chosen_buys": 44,
      "chosen_sells": 43,
      "chosen_holds": 132,
      "executed_buys": 44,
      "executed_sells": 44,
      "invalid_actions": 0
    }
  },
  "HINDUNILVR": {
    "return": 0.026299497539539196,
    "max_drawdown": -0.01193699204210208,
    "sharpe": 0.955921272316432,
    "buy_hold": {
      "return": -0.030172139998729586,
      "max_drawdown": -0.1604397236871426,
      "sharpe": -0.1793430696107278
    },
    "excess_return_vs_bh": 0.05647163753826878,
    "trades": {
      "chosen_buys": 4,
      "chosen_sells": 4,
      "chosen_holds": 211,
      "executed_buys": 4,
      "executed_sells": 4,
      "invalid_actions": 0
    }
  },
  "ICICIBANK": {
    "return": 0.0376095172002715,
    "max_drawdown": -0.011438462827007797,
    "sharpe": 1.0343266266810553,
    "buy_hold": {
      "return": 0.06328211626801838,
      "max_drawdown": -0.11299207308880804,
      "sharpe": 0.3863406143377085
    },
    "excess_return_vs_bh": -0.025672599067746882,
    "trades": {
      "chosen_buys": 8,
      "chosen_sells": 8,
      "chosen_holds": 203,
      "executed_buys": 8,
      "executed_sells": 8,
      "invalid_actions": 0
    }
  },
  "INFY": {
    "return": -0.02136349352436595,
    "max_drawdown": -0.08855237221022286,
    "sharpe": -0.27967567791823256,
    "buy_hold": {
      "return": -0.13758442801680582,
      "max_drawdown": -0.25716640961548687,
      "sharpe": -0.5957437939577157
    },
    "excess_return_vs_bh": 0.11622093449243986,
    "trades": {
      "chosen_buys": 28,
      "chosen_sells": 28,
      "chosen_holds": 163,
      "executed_buys": 28,
      "executed_sells": 28,
      "invalid_actions": 0
    }
  },
  "ITC": {
    "return": -0.15502411631176594,
    "max_drawdown": -0.1702147303776012,
    "sharpe": -1.5167258073726646,
    "buy_hold": {
      "return": -0.06226591760299616,
      "max_drawdown": -0.1040867012869721,
      "sharpe": -0.5216782441483879
    },
    "excess_return_vs_bh": -0.09275819870876978,
    "trades": {
      "chosen_buys": 53,
      "chosen_sells": 52,
      "chosen_holds": 114,
      "executed_buys": 53,
      "executed_sells": 53,
      "invalid_actions": 0
    }
  }
}