{
  "HCLTECH": {
    "return": -0.37281473435539403,
    "max_drawdown": -0.3721869212766707,
    "sharpe": -3.5717860435450612,
    "buy_hold": {
      "return": -0.06843152521844442,
      "max_drawdown": -0.20748623006603806,
      "sharpe": -0.3370285751323063
    },
    "excess_return_vs_bh": -0.3043832091369496,
    "trades": {
      "chosen_buys": 110,
      "chosen_sells": 109,
      "chosen_holds": 0,
      "executed_buys": 110,
      "executed_sells": 110,
      "invalid_actions": 0
    }
  },
  "HDFCBANK": {
    "return": 0.06321615563161576,
    "max_drawdown": -0.0897258650298932,
    "sharpe": 0.5239763639947472,
    "buy_hold": {
      "return": 0.15502972374402613,
      "max_drawdown": -0.06752887748050138,
      "sharpe": 0.8970790373759403
    },
    "excess_return_vs_bh": -0.09181356811241037,
    "trades": {
      "chosen_buys": 76,
      "chosen_sells": 76,
      "chosen_holds": 67,
      "executed_buys": 76,
      "executed_sells": 76,
      "invalid_actions": 0
    }
  },
  "HINDUNILVR": {
    "return": -0.24342718096336335,
    "max_drawdown": -0.2508377202949606,
    "sharpe": -2.003205993601401,
    "buy_hold": {
      "return": -0.030172139998729586,
      "max_drawdown": -0.1604397236871426,
      "sharpe": -0.1793430696107278
    },
    "excess_return_vs_bh": -0.21325504096463377,
    "trades": {
      "chosen_buys": 70,
      "chosen_sells": 69,
      "chosen_holds": 80,
      "executed_buys": 70,
      "executed_sells": 70,
      "invalid_actions": 0
    }
  },
  "ICICIBANK": {
    "return": -0.242344173125144,
    "max_drawdown": -0.24158575888402803,
    "sharpe": -2.8140367176683716,
    "buy_hold": {
      "return": 0.06328211626801838,
      "max_drawdown": -0.11299207308880804,
      "sharpe": 0.3863406143377085
    },
    "excess_return_vs_bh": -0.3056262893931624,
    "trades": {
      "chosen_buys": 110,
      "chosen_sells": 109,
      "chosen_holds": 0,
      "executed_buys": 110,
      "executed_sells": 110,
      "invalid_actions": 0
    }
  },
  "INFY": {
    "return": -0.4440376164486818,
    "max_drawdown": -0.4531000411890419,
    "sharpe": -3.802960729458257,
    "buy_hold": {
      "return": -0.13758442801680582,
      "max_drawdown": -0.25716640961548687,
      "sharpe": -0.5957437939577157
    },
    "excess_return_vs_bh": -0.30645318843187597,
    "trades": {
      "chosen_buys": 109,
      "chosen_sells": 108,
      "chosen_holds": 2,
      "executed_buys": 109,
      "executed_sells": 109,
      "invalid_actions": 0
    }
  },
  "ITC": {
    "return": -0.06320365168539321,
    "max_drawdown": -0.10408670128697213,
    "sharpe": -0.5216782441483881,
    "buy_hold": {
      "return": -0.06226591760299616,
      "max_drawdown": -0.1040867012869721,
      "sharpe": -0.5216782441483879
    },
    "excess_return_vs_bh": -0.000937734082397057,
    "trades": {
      "chosen_buys": 1,
      "chosen_sells": 0,
      "chosen_holds": 218,
      "executed_buys": 1,
      "executed_sells": 1,
      "invalid_actions": 0
    }
  }
}