{
  "HCLTECH": {
    "return": -0.05903036628290459,
    "max_drawdown": -0.14039045901149194,
    "sharpe": -0.43766103026914177,
    "buy_hold": {
      "return": -0.06843152521844442,
      "max_drawdown": -0.20748623006603806,
      "sharpe": -0.3370285751323063
    },
    "excess_return_vs_bh": 0.009401158935539833,
    "trades": {
      "chosen_buys": 35,
      "chosen_sells": 35,
      "chosen_holds": 149,
      "executed_buys": 35,
      "executed_sells": 35,
      "invalid_actions": 0
    }
  },
  "HDFCBANK": {
    "return": 0.15673180212287252,
    "max_drawdown": -0.06752887748050132,
    "sharpe": 1.1561920162890318,
    "buy_hold": {
      "return": 0.15502972374402613,
      "max_drawdown": -0.06752887748050138,
      "sharpe": 0.8970790373759403
    },
    "excess_return_vs_bh": 0.0017020783788463945,
    "trades": {
      "chosen_buys": 4,
      "chosen_sells": 3,
      "chosen_holds": 212,
      "executed_buys": 4,
      "executed_sells": 4,
      "invalid_actions": 0
    }
  },
  "HINDUNILVR": {
    "return": -0.00017325944805879345,
    "max_drawdown": -0.013511664600420192,
    "sharpe": -0.009107987733558164,
    "buy_hold": {
      "return": -0.030172139998729586,
      "max_drawdown": -0.1604397236871426,
      "sharpe": -0.1793430696107278
    },
    "excess_return_vs_bh": 0.029998880550670792,
    "trades": {
      "chosen_buys": 6,
      "chosen_sells": 6,
      "chosen_holds": 207,
      "executed_buys": 6,
      "executed_sells": 6,
      "invalid_actions": 0
    }
  },
  "ICICIBANK": {
    "return": 0.03239211237538653,
    "max_drawdown": -0.04561486941703341,
    "sharpe": 0.42532709866548385,
    "buy_hold": {
      "return": 0.06328211626801838,
      "max_drawdown": -0.11299207308880804,
      "sharpe": 0.3863406143377085
    },
    "excess_return_vs_bh": -0.030890003892631857,
    "trades": {
      "chosen_buys": 6,
      "chosen_sells": 5,
      "chosen_holds": 208,
      "executed_buys": 6,
      "executed_sells": 6,
      "invalid_actions": 0
    }
  },
  "INFY": {
    "return": 0.05305744354521291,
    "max_drawdown": -0.09873936995048363,
    "sharpe": 0.4007039278051388,
    "buy_hold": {
      "return": -0.13758442801680582,
      "max_drawdown": -0.25716640961548687,
      "sharpe": -0.5957437939577157
    },
    "excess_return_vs_bh": 0.19064187156201873,
    "trades": {
      "chosen_buys": 46,
      "chosen_sells": 46,
      "chosen_holds": 127,
      "executed_buys": 46,
      "executed_sells": 46,
      "invalid_actions": 0
    }
  },
  "ITC": {
    "return": -0.06385973588670868,
    "max_drawdown": -0.10471415309343093,
    "sharpe": -0.5269625769786855,
    "buy_hold": {
      "return": -0.06226591760299616,
      "max_drawdown": -0.1040867012869721,
      "sharpe": -0.5216782441483879
    },
    "excess_return_vs_bh": -0.0015938182837125225,
    "trades": {
      "chosen_buys": 2,
      "chosen_sells": 1,
      "chosen_holds": 216,
      "executed_buys": 2,
      "executed_sells": 2,
      "invalid_actions": 0
    }
  }
}