{
  "HCLTECH": {
    "return": -0.17833024302508282,
    "max_drawdown": -0.22873696220404693,
    "sharpe": -1.2195167960307884,
    "buy_hold": {
      "return": -0.06843152521844442,
      "max_drawdown": -0.20748623006603806,
      "sharpe": -0.3370285751323063
    },
    "excess_return_vs_bh": -0.1098987178066384,
    "trades": {
      "chosen_buys": 14,
      "chosen_sells": 14,
      "chosen_holds": 191,
      "executed_buys": 14,
      "executed_sells": 14,
      "invalid_actions": 0
    }
  },
  "HDFCBANK": {
    "return": 0.10818578317386285,
    "max_drawdown": -0.07653545576509557,
    "sharpe": 1.2436588818147043,
    "buy_hold": {
      "return": 0.15502972374402613,
      "max_drawdown": -0.06752887748050138,
      "sharpe": 0.8970790373759403
    },
    "excess_return_vs_bh": -0.04684394057016328,
    "trades": {
      "chosen_buys": 64,
      "chosen_sells": 64,
      "chosen_holds": 91,
      "executed_buys": 64,
      "executed_sells": 64,
      "invalid_actions": 0
    }
  },
  "HINDUNILVR": {
    "return": -0.03582575940074728,
    "max_drawdown": -0.06525001843892246,
    "sharpe": -0.4657142089291949,
    "buy_hold": {
      "return": -0.030172139998729586,
      "max_drawdown": -0.1604397236871426,
      "sharpe": -0.1793430696107278
    },
    "excess_return_vs_bh": -0.0056536194020176955,
    "trades": {
      "chosen_buys": 4,
      "chosen_sells": 4,
      "chosen_holds": 211,
      "executed_buys": 4,
      "executed_sells": 4,
      "invalid_actions": 0
    }
  },
  "ICICIBANK": {
    "return": 0.005933477518083707,
    "max_drawdown": -0.056324712749635575,
    "sharpe": 0.07491566479279531,
    "buy_hold": {
      "return": 0.06328211626801838,
      "max_drawdown": -0.11299207308880804,
      "sharpe": 0.3863406143377085
    },
    "excess_return_vs_bh": -0.05734863874993468,
    "trades": {
      "chosen_buys": 27,
      "chosen_sells": 26,
      "chosen_holds": 166,
      "executed_buys": 27,
      "executed_sells": 27,
      "invalid_actions": 0
    }
  },
  "INFY": {
    "return": -0.10763168255070599,
    "max_drawdown": -0.2284091641809678,
    "sharpe": -0.7465580811625833,
    "buy_hold": {
      "return": -0.13758442801680582,
      "max_drawdown": -0.25716640961548687,
      "sharpe": -0.5957437939577157
    },
    "excess_return_vs_bh": 0.029952745466099828,
    "trades": {
      "chosen_buys": 12,
      "chosen_sells": 12,
      "chosen_holds": 195,
      "executed_buys": 12,
      "executed_sells": 12,
      "invalid_actions": 0
    }
  },
  "ITC": {
    "return": -0.07719599195519966,
    "max_drawdown": -0.07627226421941907,
    "sharpe": -1.0027882614022499,
    "buy_hold": {
      "return": -0.06226591760299616,
      "max_drawdown": -0.1040867012869721,
      "sharpe": -0.5216782441483879
    },
    "excess_return_vs_bh": -0.014930074352203504,
    "trades": {
      "chosen_buys": 2,
      "chosen_sells": 2,
      "chosen_holds": 215,
      "executed_buys": 2,
      "executed_sells": 2,
      "invalid_actions": 0
    }
  }
}