{
  "HCLTECH": {
    "return": -0.1146361680682132,
    "max_drawdown": -0.15885106242827768,
    "sharpe": -0.8998311444573369,
    "buy_hold": {
      "return": -0.06843152521844442,
      "max_drawdown": -0.20748623006603806,
      "sharpe": -0.3370285751323063
    },
    "excess_return_vs_bh": -0.04620464284976877,
    "trades": {
      "chosen_buys": 49,
      "chosen_sells": 49,
      "chosen_holds": 121,
      "executed_buys": 49,
      "executed_sells": 49,
      "invalid_actions": 0
    }
  },
  "HDFCBANK": {
    "return": 0.05909136229924572,
    "max_drawdown": -0.13337014525854182,
    "sharpe": 0.48211295075308896,
    "buy_hold": {
      "return": 0.15502972374402613,
      "max_drawdown": -0.06752887748050138,
      "sharpe": 0.8970790373759403
    },
    "excess_return_vs_bh": -0.0959383614447804,
    "trades": {
      "chosen_buys": 51,
      "chosen_sells": 50,
      "chosen_holds": 118,
      "executed_buys": 51,
      "executed_sells": 51,
      "invalid_actions": 0
    }
  },
  "HINDUNILVR": {
    "return": -0.07374480282803675,
    "max_drawdown": -0.08769078498678229,
    "sharpe": -1.0907751163169819,
    "buy_hold": {
      "return": -0.030172139998729586,
      "max_drawdown": -0.1604397236871426,
      "sharpe": -0.1793430696107278
    },
    "excess_return_vs_bh": -0.04357266282930716,
    "trades": {
      "chosen_buys": 49,
      "chosen_sells": 49,
      "chosen_holds": 121,
      "executed_buys": 49,
      "executed_sells": 49,
      "invalid_actions": 0
    }
  },
  "ICICIBANK": {
    "return": -0.08369256395113767,
    "max_drawdown": -0.12678003121113612,
    "sharpe": -1.3602998221332971,
    "buy_hold": {
      "return": 0.06328211626801838,
      "max_drawdown": -0.11299207308880804,
      "sharpe": 0.3863406143377085
    },
    "excess_return_vs_bh": -0.14697468021915605,
    "trades": {
      "chosen_buys": 68,
      "chosen_sells": 67,
      "chosen_holds": 84,
      "executed_buys": 68,
      "executed_sells": 68,
      "invalid_actions": 0
    }
  },
  "INFY": {
    "return": -0.22403151252831843,
    "max_drawdown": -0.29141441891342434,
    "sharpe": -1.882209883787819,
    "buy_hold": {
      "return": -0.13758442801680582,
      "max_drawdown": -0.25716640961548687,
      "sharpe": -0.5957437939577157
    },
    "excess_return_vs_bh": -0.08644708451151262,
    "trades": {
      "chosen_buys": 48,
      "chosen_sells": 48,
      "chosen_holds": 123,
      "executed_buys": 48,
      "executed_sells": 48,
      "invalid_actions": 0
    }
  },
  "ITC": {
    "return": -0.06320365168539321,
    "max_drawdown": -0.10408670128697213,
    "sharpe": -0.5216782441483881,
    "buy_hold": {
      "return": -0.06226591760299616,
      "max_drawdown": -0.1040867012869721,
      "sharpe": -0.5216782441483879
    },
    "excess_return_vs_bh": -0.000937734082397057,
    "trades": {
      "chosen_buys": 1,
      "chosen_sells": 0,
      "chosen_holds": 218,
      "executed_buys": 1,
      "executed_sells": 1,
      "invalid_actions": 0
    }
  }
}