{
  "HCLTECH": {
    "return": -0.05891280993711612,
    "max_drawdown": -0.1760255065165683,
    "sharpe": -0.3518215297130594,
    "buy_hold": {
      "return": -0.06843152521844442,
      "max_drawdown": -0.20748623006603806,
      "sharpe": -0.3370285751323063
    },
    "excess_return_vs_bh": 0.009518715281328305,
    "trades": {
      "chosen_buys": 17,
      "chosen_sells": 17,
      "chosen_holds": 185,
      "executed_buys": 17,
      "executed_sells": 17,
      "invalid_actions": 0
    }
  },
  "HDFCBANK": {
    "return": 0.1886458889798992,
    "max_drawdown": -0.038617219122634334,
    "sharpe": 1.7437648115612936,
    "buy_hold": {
      "return": 0.15502972374402613,
      "max_drawdown": -0.06752887748050138,
      "sharpe": 0.8970790373759403
    },
    "excess_return_vs_bh": 0.033616165235873074,
    "trades": {
      "chosen_buys": 9,
      "chosen_sells": 9,
      "chosen_holds": 201,
      "executed_buys": 9,
      "executed_sells": 9,
      "invalid_actions": 0
    }
  },
  "HINDUNILVR": {
    "return": -0.01772791542381913,
    "max_drawdown": -0.03546907173996561,
    "sharpe": -0.28850101950039647,
    "buy_hold": {
      "return": -0.030172139998729586,
      "max_drawdown": -0.1604397236871426,
      "sharpe": -0.1793430696107278
    },
    "excess_return_vs_bh": 0.012444224574910456,
    "trades": {
      "chosen_buys": 16,
      "chosen_sells": 15,
      "chosen_holds": 188,
      "executed_buys": 16,
      "executed_sells": 16,
      "invalid_actions": 0
    }
  },
  "ICICIBANK": {
    "return": 0.0437214048495731,
    "max_drawdown": -0.053887369095548004,
    "sharpe": 0.5418167140510842,
    "buy_hold": {
      "return": 0.06328211626801838,
      "max_drawdown": -0.11299207308880804,
      "sharpe": 0.3863406143377085
    },
    "excess_return_vs_bh": -0.019560711418445287,
    "trades": {
      "chosen_buys": 28,
      "chosen_sells": 27,
      "chosen_holds": 164,
      "executed_buys": 28,
      "executed_sells": 28,
      "invalid_actions": 0
    }
  },
  "INFY": {
    "return": -0.015282698970263131,
    "max_drawdown": -0.23326398126611153,
    "sharpe": -0.0995704564352481,
    "buy_hold": {
      "return": -0.13758442801680582,
      "max_drawdown": -0.25716640961548687,
      "sharpe": -0.5957437939577157
    },
    "excess_return_vs_bh": 0.12230172904654268,
    "trades": {
      "chosen_buys": 19,
      "chosen_sells": 19,
      "chosen_holds": 181,
      "executed_buys": 19,
      "executed_sells": 19,
      "invalid_actions": 0
    }
  },
  "ITC": {
    "return": -0.06320365168539321,
    "max_drawdown": -0.10408670128697213,
    "sharpe": -0.5216782441483881,
    "buy_hold": {
      "return": -0.06226591760299616,
      "max_drawdown": -0.1040867012869721,
      "sharpe": -0.5216782441483879
    },
    "excess_return_vs_bh": -0.000937734082397057,
    "trades": {
      "chosen_buys": 1,
      "chosen_sells": 0,
      "chosen_holds": 218,
      "executed_buys": 1,
      "executed_sells": 1,
      "invalid_actions": 0
    }
  }
}