{
  "HCLTECH": {
    "return": -0.23888724903067893,
    "max_drawdown": -0.33213806911676785,
    "sharpe": -1.8427726821058696,
    "buy_hold": {
      "return": -0.06843152521844442,
      "max_drawdown": -0.20748623006603806,
      "sharpe": -0.3370285751323063
    },
    "excess_return_vs_bh": -0.1704557238122345,
    "trades": {
      "chosen_buys": 42,
      "chosen_sells": 41,
      "chosen_holds": 136,
      "executed_buys": 42,
      "executed_sells": 42,
      "invalid_actions": 0
    }
  },
  "HDFCBANK": {
    "return": 0.09689124125804294,
    "max_drawdown": -0.06752887748050146,
    "sharpe": 0.5782020180543149,
    "buy_hold": {
      "return": 0.15502972374402613,
      "max_drawdown": -0.06752887748050138,
      "sharpe": 0.8970790373759403
    },
    "excess_return_vs_bh": -0.05813848248598319,
    "trades": {
      "chosen_buys": 4,
      "chosen_sells": 3,
      "chosen_holds": 212,
      "executed_buys": 4,
      "executed_sells": 4,
      "invalid_actions": 0
    }
  },
  "HINDUNILVR": {
    "return": -0.1008409513969919,
    "max_drawdown": -0.11173223745376316,
    "sharpe": -1.0823404975527415,
    "buy_hold": {
      "return": -0.030172139998729586,
      "max_drawdown": -0.1604397236871426,
      "sharpe": -0.1793430696107278
    },
    "excess_return_vs_bh": -0.07066881139826231,
    "trades": {
      "chosen_buys": 55,
      "chosen_sells": 55,
      "chosen_holds": 109,
      "executed_buys": 55,
      "executed_sells": 55,
      "invalid_actions": 0
    }
  },
  "ICICIBANK": {
    "return": -0.18395862330307067,
    "max_drawdown": -0.1831417650681388,
    "sharpe": -2.156935816593685,
    "buy_hold": {
      "return": 0.06328211626801838,
      "max_drawdown": -0.11299207308880804,
      "sharpe": 0.3863406143377085
    },
    "excess_return_vs_bh": -0.24724073957108905,
    "trades": {
      "chosen_buys": 92,
      "chosen_sells": 91,
      "chosen_holds": 36,
      "executed_buys": 92,
      "executed_sells": 92,
      "invalid_actions": 0
    }
  },
  "INFY": {
    "return": -0.22872052017238076,
    "max_drawdown": -0.3490925803352473,
    "sharpe": -1.4070498898559043,
    "buy_hold": {
      "return": -0.13758442801680582,
      "max_drawdown": -0.25716640961548687,
      "sharpe": -0.5957437939577157
    },
    "excess_return_vs_bh": -0.09113609215557494,
    "trades": {
      "chosen_buys": 41,
      "chosen_sells": 41,
      "chosen_holds": 137,
      "executed_buys": 41,
      "executed_sells": 41,
      "invalid_actions": 0
    }
  },
  "ITC": {
    "return": -0.06320365168539321,
    "max_drawdown": -0.10408670128697213,
    "sharpe": -0.5216782441483881,
    "buy_hold": {
      "return": -0.06226591760299616,
      "max_drawdown": -0.1040867012869721,
      "sharpe": -0.5216782441483879
    },
    "excess_return_vs_bh": -0.000937734082397057,
    "trades": {
      "chosen_buys": 1,
      "chosen_sells": 0,
      "chosen_holds": 218,
      "executed_buys": 1,
      "executed_sells": 1,
      "invalid_actions": 0
    }
  }
}