{
  "HCLTECH": {
    "return": -0.37281473435539403,
    "max_drawdown": -0.3721869212766707,
    "sharpe": -3.5717860435450612,
    "buy_hold": {
      "return": -0.06843152521844442,
      "max_drawdown": -0.20748623006603806,
      "sharpe": -0.3370285751323063
    },
    "excess_return_vs_bh": -0.3043832091369496,
    "trades": {
      "chosen_buys": 110,
      "chosen_sells": 109,
      "chosen_holds": 0,
      "executed_buys": 110,
      "executed_sells": 110,
      "invalid_actions": 0
    }
  },
  "HDFCBANK": {
    "return": 0.11843343956158647,
    "max_drawdown": -0.08536783529807773,
    "sharpe": 0.7052363360714479,
    "buy_hold": {
      "return": 0.15502972374402613,
      "max_drawdown": -0.06752887748050138,
      "sharpe": 0.8970790373759403
    },
    "excess_return_vs_bh": -0.03659628418243965,
    "trades": {
      "chosen_buys": 4,
      "chosen_sells": 3,
      "chosen_holds": 212,
      "executed_buys": 4,
      "executed_sells": 4,
      "invalid_actions": 0
    }
  },
  "HINDUNILVR": {
    "return": -0.15728257393432687,
    "max_drawdown": -0.157663995727398,
    "sharpe": -1.6418045747680163,
    "buy_hold": {
      "return": -0.030172139998729586,
      "max_drawdown": -0.1604397236871426,
      "sharpe": -0.1793430696107278
    },
    "excess_return_vs_bh": -0.1271104339355973,
    "trades": {
      "chosen_buys": 83,
      "chosen_sells": 82,
      "chosen_holds": 54,
      "executed_buys": 83,
      "executed_sells": 83,
      "invalid_actions": 0
    }
  },
  "ICICIBANK": {
    "return": -0.242344173125144,
    "max_drawdown": -0.24158575888402803,
    "sharpe": -2.8140367176683716,
    "buy_hold": {
      "return": 0.06328211626801838,
      "max_drawdown": -0.11299207308880804,
      "sharpe": 0.3863406143377085
    },
    "excess_return_vs_bh": -0.3056262893931624,
    "trades": {
      "chosen_buys": 110,
      "chosen_sells": 109,
      "chosen_holds": 0,
      "executed_buys": 110,
      "executed_sells": 110,
      "invalid_actions": 0
    }
  },
  "INFY": {
    "return": -0.4380579958805555,
    "max_drawdown": -0.4531000411890419,
    "sharpe": -3.857834932478942,
    "buy_hold": {
      "return": -0.13758442801680582,
      "max_drawdown": -0.25716640961548687,
      "sharpe": -0.5957437939577157
    },
    "excess_return_vs_bh": -0.3004735678637497,
    "trades": {
      "chosen_buys": 110,
      "chosen_sells": 109,
      "chosen_holds": 0,
      "executed_buys": 110,
      "executed_sells": 110,
      "invalid_actions": 0
    }
  },
  "ITC": {
    "return": -0.07239492118123336,
    "max_drawdown": -0.1061697711933062,
    "sharpe": -0.5986651440581116,
    "buy_hold": {
      "return": -0.06226591760299616,
      "max_drawdown": -0.1040867012869721,
      "sharpe": -0.5216782441483879
    },
    "excess_return_vs_bh": -0.010129003578237206,
    "trades": {
      "chosen_buys": 2,
      "chosen_sells": 1,
      "chosen_holds": 216,
      "executed_buys": 2,
      "executed_sells": 2,
      "invalid_actions": 0
    }
  }
}