{
  "HCLTECH": {
    "return": -0.12160699960343502,
    "max_drawdown": -0.2281630426506877,
    "sharpe": -0.6080457706083712,
    "buy_hold": {
      "return": -0.06843152521844442,
      "max_drawdown": -0.20748623006603806,
      "sharpe": -0.3370285751323063
    },
    "excess_return_vs_bh": -0.053175474384990595,
    "trades": {
      "chosen_buys": 54,
      "chosen_sells": 53,
      "chosen_holds": 112,
      "executed_buys": 54,
      "executed_sells": 54,
      "invalid_actions": 0
    }
  },
  "HDFCBANK": {
    "return": 0.14303112728566414,
    "max_drawdown": -0.06752887748050147,
    "sharpe": 0.8337674206492909,
    "buy_hold": {
      "return": 0.15502972374402613,
      "max_drawdown": -0.06752887748050138,
      "sharpe": 0.8970790373759403
    },
    "excess_return_vs_bh": -0.011998596458361988,
    "trades": {
      "chosen_buys": 4,
      "chosen_sells": 3,
      "chosen_holds": 212,
      "executed_buys": 4,
      "executed_sells": 4,
      "invalid_actions": 0
    }
  },
  "HINDUNILVR": {
    "return": -0.10821679191589695,
    "max_drawdown": -0.11433350102814417,
    "sharpe": -1.9467497428002167,
    "buy_hold": {
      "return": -0.030172139998729586,
      "max_drawdown": -0.1604397236871426,
      "sharpe": -0.1793430696107278
    },
    "excess_return_vs_bh": -0.07804465191716736,
    "trades": {
      "chosen_buys": 45,
      "chosen_sells": 44,
      "chosen_holds": 130,
      "executed_buys": 45,
      "executed_sells": 45,
      "invalid_actions": 0
    }
  },
  "ICICIBANK": {
    "return": 0.012313649392655668,
    "max_drawdown": -0.11387908101571939,
    "sharpe": 0.08796669779262965,
    "buy_hold": {
      "return": 0.06328211626801838,
      "max_drawdown": -0.11299207308880804,
      "sharpe": 0.3863406143377085
    },
    "excess_return_vs_bh": -0.05096846687536272,
    "trades": {
      "chosen_buys": 19,
      "chosen_sells": 18,
      "chosen_holds": 182,
      "executed_buys": 19,
      "executed_sells": 19,
      "invalid_actions": 0
    }
  },
  "INFY": {
    "return": -0.1726497210355331,
    "max_drawdown": -0.25360949181944276,
    "sharpe": -0.7708697702028072,
    "buy_hold": {
      "return": -0.13758442801680582,
      "max_drawdown": -0.25716640961548687,
      "sharpe": -0.5957437939577157
    },
    "excess_return_vs_bh": -0.035065293018727295,
    "trades": {
      "chosen_buys": 16,
      "chosen_sells": 15,
      "chosen_holds": 188,
      "executed_buys": 16,
      "executed_sells": 16,
      "invalid_actions": 0
    }
  },
  "ITC": {
    "return": -0.18485240848459872,
    "max_drawdown": -0.20594544592756173,
    "sharpe": -1.7646477294064815,
    "buy_hold": {
      "return": -0.06226591760299616,
      "max_drawdown": -0.1040867012869721,
      "sharpe": -0.5216782441483879
    },
    "excess_return_vs_bh": -0.12258649088160256,
    "trades": {
      "chosen_buys": 83,
      "chosen_sells": 83,
      "chosen_holds": 53,
      "executed_buys": 83,
      "executed_sells": 83,
      "invalid_actions": 0
    }
  }
}