{
  "HCLTECH": {
    "return": -0.002486676532219456,
    "max_drawdown": -0.07224317628584595,
    "sharpe": -0.027391788808665007,
    "buy_hold": {
      "return": -0.06843152521844442,
      "max_drawdown": -0.20748623006603806,
      "sharpe": -0.3370285751323063
    },
    "excess_return_vs_bh": 0.06594484868622497,
    "trades": {
      "chosen_buys": 18,
      "chosen_sells": 18,
      "chosen_holds": 183,
      "executed_buys": 18,
      "executed_sells": 18,
      "invalid_actions": 0
    }
  },
  "HDFCBANK": {
    "return": 0.019151552874591804,
    "max_drawdown": -0.10224276154843355,
    "sharpe": 0.17398902599729157,
    "buy_hold": {
      "return": 0.15502972374402613,
      "max_drawdown": -0.06752887748050138,
      "sharpe": 0.8970790373759403
    },
    "excess_return_vs_bh": -0.13587817086943432,
    "trades": {
      "chosen_buys": 31,
      "chosen_sells": 30,
      "chosen_holds": 158,
      "executed_buys": 31,
      "executed_sells": 31,
      "invalid_actions": 0
    }
  },
  "HINDUNILVR": {
    "return": 0.0,
    "max_drawdown": 0.0,
    "sharpe": 0.0,
    "buy_hold": {
      "return": -0.030172139998729586,
      "max_drawdown": -0.1604397236871426,
      "sharpe": -0.1793430696107278
    },
    "excess_return_vs_bh": 0.030172139998729586,
    "trades": {
      "chosen_buys": 0,
      "chosen_sells": 0,
      "chosen_holds": 219,
      "executed_buys": 0,
      "executed_sells": 0,
      "invalid_actions": 0
    }
  },
  "ICICIBANK": {
    "return": 0.0874074204131754,
    "max_drawdown": -0.003316169645473002,
    "sharpe": 1.713623519820094,
    "buy_hold": {
      "return": 0.06328211626801838,
      "max_drawdown": -0.11299207308880804,
      "sharpe": 0.3863406143377085
    },
    "excess_return_vs_bh": 0.02412530414515701,
    "trades": {
      "chosen_buys": 8,
      "chosen_sells": 8,
      "chosen_holds": 203,
      "executed_buys": 8,
      "executed_sells": 8,
      "invalid_actions": 0
    }
  },
  "INFY": {
    "return": -0.027368294324816134,
    "max_drawdown": -0.10179301057947462,
    "sharpe": -0.20819226406817923,
    "buy_hold": {
      "return": -0.13758442801680582,
      "max_drawdown": -0.25716640961548687,
      "sharpe": -0.5957437939577157
    },
    "excess_return_vs_bh": 0.11021613369198968,
    "trades": {
      "chosen_buys": 9,
      "chosen_sells": 9,
      "chosen_holds": 201,
      "executed_buys": 9,
      "executed_sells": 9,
      "invalid_actions": 0
    }
  },
  "ITC": {
    "return": -0.044476082847373366,
    "max_drawdown": -0.1251521162258131,
    "sharpe": -0.3492075998412198,
    "buy_hold": {
      "return": -0.06226591760299616,
      "max_drawdown": -0.1040867012869721,
      "sharpe": -0.5216782441483879
    },
    "excess_return_vs_bh": 0.01778983475562279,
    "trades": {
      "chosen_buys": 28,
      "chosen_sells": 27,
      "chosen_holds": 164,
      "executed_buys": 28,
      "executed_sells": 28,
      "invalid_actions": 0
    }
  }
}