{
  "HCLTECH": {
    "return": -0.0508965634671521,
    "max_drawdown": -0.20748623006603803,
    "sharpe": -0.25093038082429886,
    "buy_hold": {
      "return": -0.06843152521844442,
      "max_drawdown": -0.20748623006603806,
      "sharpe": -0.3370285751323063
    },
    "excess_return_vs_bh": 0.01753496175129232,
    "trades": {
      "chosen_buys": 12,
      "chosen_sells": 11,
      "chosen_holds": 196,
      "executed_buys": 12,
      "executed_sells": 12,
      "invalid_actions": 0
    }
  },
  "HDFCBANK": {
    "return": 0.14828025985767979,
    "max_drawdown": -0.06752887748050138,
    "sharpe": 0.8552289631023533,
    "buy_hold": {
      "return": 0.15502972374402613,
      "max_drawdown": -0.06752887748050138,
      "sharpe": 0.8970790373759403
    },
    "excess_return_vs_bh": -0.006749463886346341,
    "trades": {
      "chosen_buys": 4,
      "chosen_sells": 3,
      "chosen_holds": 212,
      "executed_buys": 4,
      "executed_sells": 4,
      "invalid_actions": 0
    }
  },
  "HINDUNILVR": {
    "return": 0.01732153196132047,
    "max_drawdown": -0.009948939982084237,
    "sharpe": 0.6041833165743794,
    "buy_hold": {
      "return": -0.030172139998729586,
      "max_drawdown": -0.1604397236871426,
      "sharpe": -0.1793430696107278
    },
    "excess_return_vs_bh": 0.047493671960050055,
    "trades": {
      "chosen_buys": 1,
      "chosen_sells": 1,
      "chosen_holds": 217,
      "executed_buys": 1,
      "executed_sells": 1,
      "invalid_actions": 0
    }
  },
  "ICICIBANK": {
    "return": 0.0512166165382506,
    "max_drawdown": -0.11387908101571939,
    "sharpe": 0.31529274112917893,
    "buy_hold": {
      "return": 0.06328211626801838,
      "max_drawdown": -0.11299207308880804,
      "sharpe": 0.3863406143377085
    },
    "excess_return_vs_bh": -0.012065499729767781,
    "trades": {
      "chosen_buys": 7,
      "chosen_sells": 6,
      "chosen_holds": 206,
      "executed_buys": 7,
      "executed_sells": 7,
      "invalid_actions": 0
    }
  },
  "INFY": {
    "return": -0.20143995814185844,
    "max_drawdown": -0.25716640961548687,
    "sharpe": -1.0470106016500385,
    "buy_hold": {
      "return": -0.13758442801680582,
      "max_drawdown": -0.25716640961548687,
      "sharpe": -0.5957437939577157
    },
    "excess_return_vs_bh": -0.06385553012505263,
    "trades": {
      "chosen_buys": 12,
      "chosen_sells": 11,
      "chosen_holds": 196,
      "executed_buys": 12,
      "executed_sells": 12,
      "invalid_actions": 0
    }
  },
  "ITC": {
    "return": -0.0676022027104689,
    "max_drawdown": -0.10829329364348907,
    "sharpe": -0.5613228423448172,
    "buy_hold": {
      "return": -0.06226591760299616,
      "max_drawdown": -0.1040867012869721,
      "sharpe": -0.5216782441483879
    },
    "excess_return_vs_bh": -0.005336285107472749,
    "trades": {
      "chosen_buys": 2,
      "chosen_sells": 1,
      "chosen_holds": 216,
      "executed_buys": 2,
      "executed_sells": 2,
      "invalid_actions": 0
    }
  }
}