{
  "HCLTECH": {
    "return": -0.06289887007259243,
    "max_drawdown": -0.16737392005189053,
    "sharpe": -0.3591269107247354,
    "buy_hold": {
      "return": -0.06843152521844442,
      "max_drawdown": -0.20748623006603806,
      "sharpe": -0.3370285751323063
    },
    "excess_return_vs_bh": 0.005532655145851995,
    "trades": {
      "chosen_buys": 8,
      "chosen_sells": 8,
      "chosen_holds": 203,
      "executed_buys": 8,
      "executed_sells": 8,
      "invalid_actions": 0
    }
  },
  "HDFCBANK": {
    "return": -0.004356569112641928,
    "max_drawdown": -0.10045251759332678,
    "sharpe": -0.023129603832185666,
    "buy_hold": {
      "return": 0.15502972374402613,
      "max_drawdown": -0.06752887748050138,
      "sharpe": 0.8970790373759403
    },
    "excess_return_vs_bh": -0.15938629285666805,
    "trades": {
      "chosen_buys": 78,
      "chosen_sells": 78,
      "chosen_holds": 63,
      "executed_buys": 78,
      "executed_sells": 78,
      "invalid_actions": 0
    }
  },
  "HINDUNILVR": {
    "return": 0.02652599594409799,
    "max_drawdown": -0.0010000000000000009,
    "sharpe": 0.8593885757098412,
    "buy_hold": {
      "return": -0.030172139998729586,
      "max_drawdown": -0.1604397236871426,
      "sharpe": -0.1793430696107278
    },
    "excess_return_vs_bh": 0.05669813594282758,
    "trades": {
      "chosen_buys": 1,
      "chosen_sells": 1,
      "chosen_holds": 217,
      "executed_buys": 1,
      "executed_sells": 1,
      "invalid_actions": 0
    }
  },
  "ICICIBANK": {
    "return": -0.06682481606435253,
    "max_drawdown": -0.09382626831152772,
    "sharpe": -1.0179531499803596,
    "buy_hold": {
      "return": 0.06328211626801838,
      "max_drawdown": -0.11299207308880804,
      "sharpe": 0.3863406143377085
    },
    "excess_return_vs_bh": -0.13010693233237092,
    "trades": {
      "chosen_buys": 37,
      "chosen_sells": 36,
      "chosen_holds": 146,
      "executed_buys": 37,
      "executed_sells": 37,
      "invalid_actions": 0
    }
  },
  "INFY": {
    "return": -0.048274659390615815,
    "max_drawdown": -0.20984895627086045,
    "sharpe": -0.2764963473298212,
    "buy_hold": {
      "return": -0.13758442801680582,
      "max_drawdown": -0.25716640961548687,
      "sharpe": -0.5957437939577157
    },
    "excess_return_vs_bh": 0.08930976862619,
    "trades": {
      "chosen_buys": 29,
      "chosen_sells": 29,
      "chosen_holds": 161,
      "executed_buys": 29,
      "executed_sells": 29,
      "invalid_actions": 0
    }
  },
  "ITC": {
    "return": -0.07667833240900157,
    "max_drawdown": -0.1169733288639389,
    "sharpe": -0.6389302868603178,
    "buy_hold": {
      "return": -0.06226591760299616,
      "max_drawdown": -0.1040867012869721,
      "sharpe": -0.5216782441483879
    },
    "excess_return_vs_bh": -0.014412414806005414,
    "trades": {
      "chosen_buys": 2,
      "chosen_sells": 1,
      "chosen_holds": 216,
      "executed_buys": 2,
      "executed_sells": 2,
      "invalid_actions": 0
    }
  }
}