{
  "HCLTECH": {
    "return": -0.18017642513635646,
    "max_drawdown": -0.20486527855871633,
    "sharpe": -1.5993788011496028,
    "buy_hold": {
      "return": -0.06843152521844442,
      "max_drawdown": -0.20748623006603806,
      "sharpe": -0.3370285751323063
    },
    "excess_return_vs_bh": -0.11174489991791203,
    "trades": {
      "chosen_buys": 39,
      "chosen_sells": 39,
      "chosen_holds": 141,
      "executed_buys": 39,
      "executed_sells": 39,
      "invalid_actions": 0
    }
  },
  "HDFCBANK": {
    "return": 0.1431962710916943,
    "max_drawdown": -0.058139848273108384,
    "sharpe": 0.8658957078207752,
    "buy_hold": {
      "return": 0.15502972374402613,
      "max_drawdown": -0.06752887748050138,
      "sharpe": 0.8970790373759403
    },
    "excess_return_vs_bh": -0.011833452652331822,
    "trades": {
      "chosen_buys": 17,
      "chosen_sells": 16,
      "chosen_holds": 186,
      "executed_buys": 17,
      "executed_sells": 17,
      "invalid_actions": 0
    }
  },
  "HINDUNILVR": {
    "return": -0.13244948133954604,
    "max_drawdown": -0.13284214282271034,
    "sharpe": -1.4563232125593961,
    "buy_hold": {
      "return": -0.030172139998729586,
      "max_drawdown": -0.1604397236871426,
      "sharpe": -0.1793430696107278
    },
    "excess_return_vs_bh": -0.10227734134081645,
    "trades": {
      "chosen_buys": 44,
      "chosen_sells": 43,
      "chosen_holds": 132,
      "executed_buys": 44,
      "executed_sells": 44,
      "invalid_actions": 0
    }
  },
  "ICICIBANK": {
    "return": -0.08893945409818393,
    "max_drawdown": -0.11909212078578615,
    "sharpe": -1.3587499871488826,
    "buy_hold": {
      "return": 0.06328211626801838,
      "max_drawdown": -0.11299207308880804,
      "sharpe": 0.3863406143377085
    },
    "excess_return_vs_bh": -0.15222157036620232,
    "trades": {
      "chosen_buys": 70,
      "chosen_sells": 69,
      "chosen_holds": 80,
      "executed_buys": 70,
      "executed_sells": 70,
      "invalid_actions": 0
    }
  },
  "INFY": {
    "return": -0.25893492116874794,
    "max_drawdown": -0.30321896680008265,
    "sharpe": -2.00559427973661,
    "buy_hold": {
      "return": -0.13758442801680582,
      "max_drawdown": -0.25716640961548687,
      "sharpe": -0.5957437939577157
    },
    "excess_return_vs_bh": -0.12135049315194213,
    "trades": {
      "chosen_buys": 31,
      "chosen_sells": 31,
      "chosen_holds": 157,
      "executed_buys": 31,
      "executed_sells": 31,
      "invalid_actions": 0
    }
  },
  "ITC": {
    "return": -0.06320365168539321,
    "max_drawdown": -0.10408670128697213,
    "sharpe": -0.5216782441483881,
    "buy_hold": {
      "return": -0.06226591760299616,
      "max_drawdown": -0.1040867012869721,
      "sharpe": -0.5216782441483879
    },
    "excess_return_vs_bh": -0.000937734082397057,
    "trades": {
      "chosen_buys": 1,
      "chosen_sells": 0,
      "chosen_holds": 218,
      "executed_buys": 1,
      "executed_sells": 1,
      "invalid_actions": 0
    }
  }
}