{
  "HCLTECH": {
    "return": -0.07772293485339998,
    "max_drawdown": -0.22757540326193057,
    "sharpe": -0.4506556495118198,
    "buy_hold": {
      "return": -0.06843152521844442,
      "max_drawdown": -0.20748623006603806,
      "sharpe": -0.3370285751323063
    },
    "excess_return_vs_bh": -0.00929140963495556,
    "trades": {
      "chosen_buys": 75,
      "chosen_sells": 75,
      "chosen_holds": 69,
      "executed_buys": 75,
      "executed_sells": 75,
      "invalid_actions": 0
    }
  },
  "HDFCBANK": {
    "return": 0.03326156790817558,
    "max_drawdown": -0.09861951151492034,
    "sharpe": 0.22803500695038562,
    "buy_hold": {
      "return": 0.15502972374402613,
      "max_drawdown": -0.06752887748050138,
      "sharpe": 0.8970790373759403
    },
    "excess_return_vs_bh": -0.12176815583585054,
    "trades": {
      "chosen_buys": 69,
      "chosen_sells": 69,
      "chosen_holds": 81,
      "executed_buys": 69,
      "executed_sells": 69,
      "invalid_actions": 0
    }
  },
  "HINDUNILVR": {
    "return": -0.1263768515378858,
    "max_drawdown": -0.14972160525541695,
    "sharpe": -1.5001783599026983,
    "buy_hold": {
      "return": -0.030172139998729586,
      "max_drawdown": -0.1604397236871426,
      "sharpe": -0.1793430696107278
    },
    "excess_return_vs_bh": -0.09620471153915622,
    "trades": {
      "chosen_buys": 51,
      "chosen_sells": 50,
      "chosen_holds": 118,
      "executed_buys": 51,
      "executed_sells": 51,
      "invalid_actions": 0
    }
  },
  "ICICIBANK": {
    "return": -0.116475778302774,
    "max_drawdown": -0.19878598542344145,
    "sharpe": -1.1958234348115426,
    "buy_hold": {
      "return": 0.06328211626801838,
      "max_drawdown": -0.11299207308880804,
      "sharpe": 0.3863406143377085
    },
    "excess_return_vs_bh": -0.1797578945707924,
    "trades": {
      "chosen_buys": 91,
      "chosen_sells": 90,
      "chosen_holds": 38,
      "executed_buys": 91,
      "executed_sells": 91,
      "invalid_actions": 0
    }
  },
  "INFY": {
    "return": -0.1806461202268792,
    "max_drawdown": -0.25360949181944276,
    "sharpe": -0.9841858123980545,
    "buy_hold": {
      "return": -0.13758442801680582,
      "max_drawdown": -0.25716640961548687,
      "sharpe": -0.5957437939577157
    },
    "excess_return_vs_bh": -0.04306169221007339,
    "trades": {
      "chosen_buys": 63,
      "chosen_sells": 63,
      "chosen_holds": 93,
      "executed_buys": 63,
      "executed_sells": 63,
      "invalid_actions": 0
    }
  },
  "ITC": {
    "return": -0.05642858119551597,
    "max_drawdown": -0.10069993226461937,
    "sharpe": -0.46767796347944396,
    "buy_hold": {
      "return": -0.06226591760299616,
      "max_drawdown": -0.1040867012869721,
      "sharpe": -0.5216782441483879
    },
    "excess_return_vs_bh": 0.005837336407480187,
    "trades": {
      "chosen_buys": 2,
      "chosen_sells": 1,
      "chosen_holds": 216,
      "executed_buys": 2,
      "executed_sells": 2,
      "invalid_actions": 0
    }
  }
}