{
  "HCLTECH": {
    "return": -0.1594630708648066,
    "max_drawdown": -0.2077223980060763,
    "sharpe": -0.8595677694762927,
    "buy_hold": {
      "return": -0.06843152521844442,
      "max_drawdown": -0.20748623006603806,
      "sharpe": -0.3370285751323063
    },
    "excess_return_vs_bh": -0.09103154564636218,
    "trades": {
      "chosen_buys": 14,
      "chosen_sells": 14,
      "chosen_holds": 191,
      "executed_buys": 14,
      "executed_sells": 14,
      "invalid_actions": 0
    }
  },
  "HDFCBANK": {
    "return": 0.12053529288662035,
    "max_drawdown": -0.06844343183659718,
    "sharpe": 0.7183194661305697,
    "buy_hold": {
      "return": 0.15502972374402613,
      "max_drawdown": -0.06752887748050138,
      "sharpe": 0.8970790373759403
    },
    "excess_return_vs_bh": -0.03449443085740578,
    "trades": {
      "chosen_buys": 26,
      "chosen_sells": 25,
      "chosen_holds": 168,
      "executed_buys": 26,
      "executed_sells": 26,
      "invalid_actions": 0
    }
  },
  "HINDUNILVR": {
    "return": 0.0017142466877202445,
    "max_drawdown": -0.06132724303135889,
    "sharpe": 0.026765333421675547,
    "buy_hold": {
      "return": -0.030172139998729586,
      "max_drawdown": -0.1604397236871426,
      "sharpe": -0.1793430696107278
    },
    "excess_return_vs_bh": 0.03188638668644983,
    "trades": {
      "chosen_buys": 18,
      "chosen_sells": 18,
      "chosen_holds": 183,
      "executed_buys": 18,
      "executed_sells": 18,
      "invalid_actions": 0
    }
  },
  "ICICIBANK": {
    "return": 0.009252761366927542,
    "max_drawdown": -0.06777316735822965,
    "sharpe": 0.12200921102335534,
    "buy_hold": {
      "return": 0.06328211626801838,
      "max_drawdown": -0.11299207308880804,
      "sharpe": 0.3863406143377085
    },
    "excess_return_vs_bh": -0.05402935490109084,
    "trades": {
      "chosen_buys": 10,
      "chosen_sells": 9,
      "chosen_holds": 200,
      "executed_buys": 10,
      "executed_sells": 10,
      "invalid_actions": 0
    }
  },
  "INFY": {
    "return": 0.012292156668342269,
    "max_drawdown": -0.2027896529834711,
    "sharpe": 0.07047211952961721,
    "buy_hold": {
      "return": -0.13758442801680582,
      "max_drawdown": -0.25716640961548687,
      "sharpe": -0.5957437939577157
    },
    "excess_return_vs_bh": 0.14987658468514808,
    "trades": {
      "chosen_buys": 39,
      "chosen_sells": 39,
      "chosen_holds": 141,
      "executed_buys": 39,
      "executed_sells": 39,
      "invalid_actions": 0
    }
  },
  "ITC": {
    "return": -0.06320365168539321,
    "max_drawdown": -0.10408670128697213,
    "sharpe": -0.5216782441483881,
    "buy_hold": {
      "return": -0.06226591760299616,
      "max_drawdown": -0.1040867012869721,
      "sharpe": -0.5216782441483879
    },
    "excess_return_vs_bh": -0.000937734082397057,
    "trades": {
      "chosen_buys": 1,
      "chosen_sells": 0,
      "chosen_holds": 218,
      "executed_buys": 1,
      "executed_sells": 1,
      "invalid_actions": 0
    }
  }
}