{
  "HCLTECH": {
    "return": -0.0076575012810294885,
    "max_drawdown": -0.16540025170108424,
    "sharpe": -0.03876242385742302,
    "buy_hold": {
      "return": -0.06843152521844442,
      "max_drawdown": -0.20748623006603806,
      "sharpe": -0.3370285751323063
    },
    "excess_return_vs_bh": 0.060774023937414934,
    "trades": {
      "chosen_buys": 30,
      "chosen_sells": 30,
      "chosen_holds": 159,
      "executed_buys": 30,
      "executed_sells": 30,
      "invalid_actions": 0
    }
  },
  "HDFCBANK": {
    "return": 0.15434735203461503,
    "max_drawdown": -0.06338537525915662,
    "sharpe": 0.9037701675990821,
    "buy_hold": {
      "return": 0.15502972374402613,
      "max_drawdown": -0.06752887748050138,
      "sharpe": 0.8970790373759403
    },
    "excess_return_vs_bh": -0.0006823717094111004,
    "trades": {
      "chosen_buys": 4,
      "chosen_sells": 3,
      "chosen_holds": 212,
      "executed_buys": 4,
      "executed_sells": 4,
      "invalid_actions": 0
    }
  },
  "HINDUNILVR": {
    "return": -0.05986757337541104,
    "max_drawdown": -0.06123279302322204,
    "sharpe": -1.3893646228984182,
    "buy_hold": {
      "return": -0.030172139998729586,
      "max_drawdown": -0.1604397236871426,
      "sharpe": -0.1793430696107278
    },
    "excess_return_vs_bh": -0.029695433376681457,
    "trades": {
      "chosen_buys": 23,
      "chosen_sells": 22,
      "chosen_holds": 174,
      "executed_buys": 23,
      "executed_sells": 23,
      "invalid_actions": 0
    }
  },
  "ICICIBANK": {
    "return": 0.03792002611419654,
    "max_drawdown": -0.05544460018465835,
    "sharpe": 0.4163313250589147,
    "buy_hold": {
      "return": 0.06328211626801838,
      "max_drawdown": -0.11299207308880804,
      "sharpe": 0.3863406143377085
    },
    "excess_return_vs_bh": -0.025362090153821848,
    "trades": {
      "chosen_buys": 19,
      "chosen_sells": 18,
      "chosen_holds": 182,
      "executed_buys": 19,
      "executed_sells": 19,
      "invalid_actions": 0
    }
  },
  "INFY": {
    "return": -0.09799239530358561,
    "max_drawdown": -0.18613197969069487,
    "sharpe": -0.6803215814824289,
    "buy_hold": {
      "return": -0.13758442801680582,
      "max_drawdown": -0.25716640961548687,
      "sharpe": -0.5957437939577157
    },
    "excess_return_vs_bh": 0.039592032713220204,
    "trades": {
      "chosen_buys": 25,
      "chosen_sells": 25,
      "chosen_holds": 169,
      "executed_buys": 25,
      "executed_sells": 25,
      "invalid_actions": 0
    }
  },
  "ITC": {
    "return": -0.06665411941976462,
    "max_drawdown": -0.10408670128697213,
    "sharpe": -0.5510385562634478,
    "buy_hold": {
      "return": -0.06226591760299616,
      "max_drawdown": -0.1040867012869721,
      "sharpe": -0.5216782441483879
    },
    "excess_return_vs_bh": -0.004388201816768467,
    "trades": {
      "chosen_buys": 2,
      "chosen_sells": 1,
      "chosen_holds": 216,
      "executed_buys": 2,
      "executed_sells": 2,
      "invalid_actions": 0
    }
  }
}