{
  "HCLTECH": {
    "return": -0.30153752363081066,
    "max_drawdown": -0.35372982797585417,
    "sharpe": -2.409255454887258,
    "buy_hold": {
      "return": -0.06843152521844442,
      "max_drawdown": -0.20748623006603806,
      "sharpe": -0.3370285751323063
    },
    "excess_return_vs_bh": -0.23310599841236623,
    "trades": {
      "chosen_buys": 102,
      "chosen_sells": 102,
      "chosen_holds": 15,
      "executed_buys": 102,
      "executed_sells": 102,
      "invalid_actions": 0
    }
  },
  "HDFCBANK": {
    "return": 0.0889120548077269,
    "max_drawdown": -0.08038870496146167,
    "sharpe": 0.5859933587797685,
    "buy_hold": {
      "return": 0.15502972374402613,
      "max_drawdown": -0.06752887748050138,
      "sharpe": 0.8970790373759403
    },
    "excess_return_vs_bh": -0.06611766893629922,
    "trades": {
      "chosen_buys": 17,
      "chosen_sells": 16,
      "chosen_holds": 186,
      "executed_buys": 17,
      "executed_sells": 17,
      "invalid_actions": 0
    }
  },
  "HINDUNILVR": {
    "return": -0.2524527297455903,
    "max_drawdown": -0.2527910766355521,
    "sharpe": -3.019072527984918,
    "buy_hold": {
      "return": -0.030172139998729586,
      "max_drawdown": -0.1604397236871426,
      "sharpe": -0.1793430696107278
    },
    "excess_return_vs_bh": -0.2222805897468607,
    "trades": {
      "chosen_buys": 88,
      "chosen_sells": 87,
      "chosen_holds": 44,
      "executed_buys": 88,
      "executed_sells": 88,
      "invalid_actions": 0
    }
  },
  "ICICIBANK": {
    "return": -0.15437786542464405,
    "max_drawdown": -0.17360314578409877,
    "sharpe": -1.5272362542520148,
    "buy_hold": {
      "return": 0.06328211626801838,
      "max_drawdown": -0.11299207308880804,
      "sharpe": 0.3863406143377085
    },
    "excess_return_vs_bh": -0.21765998169266243,
    "trades": {
      "chosen_buys": 98,
      "chosen_sells": 97,
      "chosen_holds": 24,
      "executed_buys": 98,
      "executed_sells": 98,
      "invalid_actions": 0
    }
  },
  "INFY": {
    "return": -0.28366789803797665,
    "max_drawdown": -0.3632013514220435,
    "sharpe": -2.119246652515947,
    "buy_hold": {
      "return": -0.13758442801680582,
      "max_drawdown": -0.25716640961548687,
      "sharpe": -0.5957437939577157
    },
    "excess_return_vs_bh": -0.14608347002117084,
    "trades": {
      "chosen_buys": 102,
      "chosen_sells": 102,
      "chosen_holds": 15,
      "executed_buys": 102,
      "executed_sells": 102,
      "invalid_actions": 0
    }
  },
  "ITC": {
    "return": -0.06373786767378797,
    "max_drawdown": -0.10408670128697213,
    "sharpe": -0.5270223993333989,
    "buy_hold": {
      "return": -0.06226591760299616,
      "max_drawdown": -0.1040867012869721,
      "sharpe": -0.5216782441483879
    },
    "excess_return_vs_bh": -0.0014719500707918165,
    "trades": {
      "chosen_buys": 2,
      "chosen_sells": 1,
      "chosen_holds": 216,
      "executed_buys": 2,
      "executed_sells": 2,
      "invalid_actions": 0
    }
  }
}