{
  "HCLTECH": {
    "return": -0.13486213990369966,
    "max_drawdown": -0.15547152153926824,
    "sharpe": -1.6261279990331914,
    "buy_hold": {
      "return": -0.06843152521844442,
      "max_drawdown": -0.20748623006603806,
      "sharpe": -0.3370285751323063
    },
    "excess_return_vs_bh": -0.06643061468525524,
    "trades": {
      "chosen_buys": 26,
      "chosen_sells": 26,
      "chosen_holds": 167,
      "executed_buys": 26,
      "executed_sells": 26,
      "invalid_actions": 0
    }
  },
  "HDFCBANK": {
    "return": 0.05424035912633007,
    "max_drawdown": -0.09264728029048301,
    "sharpe": 0.5013890258963586,
    "buy_hold": {
      "return": 0.15502972374402613,
      "max_drawdown": -0.06752887748050138,
      "sharpe": 0.8970790373759403
    },
    "excess_return_vs_bh": -0.10078936461769605,
    "trades": {
      "chosen_buys": 58,
      "chosen_sells": 57,
      "chosen_holds": 104,
      "executed_buys": 58,
      "executed_sells": 58,
      "invalid_actions": 0
    }
  },
  "HINDUNILVR": {
    "return": 0.0,
    "max_drawdown": 0.0,
    "sharpe": 0.0,
    "buy_hold": {
      "return": -0.030172139998729586,
      "max_drawdown": -0.1604397236871426,
      "sharpe": -0.1793430696107278
    },
    "excess_return_vs_bh": 0.030172139998729586,
    "trades": {
      "chosen_buys": 0,
      "chosen_sells": 0,
      "chosen_holds": 219,
      "executed_buys": 0,
      "executed_sells": 0,
      "invalid_actions": 0
    }
  },
  "ICICIBANK": {
    "return": -0.045726245486748196,
    "max_drawdown": -0.07479280497084347,
    "sharpe": -0.688829471586554,
    "buy_hold": {
      "return": 0.06328211626801838,
      "max_drawdown": -0.11299207308880804,
      "sharpe": 0.3863406143377085
    },
    "excess_return_vs_bh": -0.10900836175476658,
    "trades": {
      "chosen_buys": 46,
      "chosen_sells": 45,
      "chosen_holds": 128,
      "executed_buys": 46,
      "executed_sells": 46,
      "invalid_actions": 0
    }
  },
  "INFY": {
    "return": -0.12910777589296984,
    "max_drawdown": -0.14348771291045403,
    "sharpe": -1.3298901942244008,
    "buy_hold": {
      "return": -0.13758442801680582,
      "max_drawdown": -0.25716640961548687,
      "sharpe": -0.5957437939577157
    },
    "excess_return_vs_bh": 0.00847665212383597,
    "trades": {
      "chosen_buys": 50,
      "chosen_sells": 50,
      "chosen_holds": 119,
      "executed_buys": 50,
      "executed_sells": 50,
      "invalid_actions": 0
    }
  },
  "ITC": {
    "return": -0.08523564957289398,
    "max_drawdown": -0.08984808689024468,
    "sharpe": -0.852547964859473,
    "buy_hold": {
      "return": -0.06226591760299616,
      "max_drawdown": -0.1040867012869721,
      "sharpe": -0.5216782441483879
    },
    "excess_return_vs_bh": -0.022969731969897822,
    "trades": {
      "chosen_buys": 42,
      "chosen_sells": 41,
      "chosen_holds": 136,
      "executed_buys": 42,
      "executed_sells": 42,
      "invalid_actions": 0
    }
  }
}