{
  "HCLTECH": {
    "return": 0.0462205252865342,
    "max_drawdown": -0.14922021613131975,
    "sharpe": 0.28481470443061846,
    "buy_hold": {
      "return": -0.06843152521844442,
      "max_drawdown": -0.20748623006603806,
      "sharpe": -0.3370285751323063
    },
    "excess_return_vs_bh": 0.11465205050497862,
    "trades": {
      "chosen_buys": 34,
      "chosen_sells": 34,
      "chosen_holds": 151,
      "executed_buys": 34,
      "executed_sells": 34,
      "invalid_actions": 0
    }
  },
  "HDFCBANK": {
    "return": -0.2235721797367194,
    "max_drawdown": -0.23775969756263923,
    "sharpe": -2.197721283886147,
    "buy_hold": {
      "return": 0.15502972374402613,
      "max_drawdown": -0.06752887748050138,
      "sharpe": 0.8970790373759403
    },
    "excess_return_vs_bh": -0.3786019034807455,
    "trades": {
      "chosen_buys": 80,
      "chosen_sells": 80,
      "chosen_holds": 59,
      "executed_buys": 80,
      "executed_sells": 80,
      "invalid_actions": 0
    }
  },
  "HINDUNILVR": {
    "return": -0.0066035535962474246,
    "max_drawdown": -0.030672655099509616,
    "sharpe": -0.13387280256515768,
    "buy_hold": {
      "return": -0.030172139998729586,
      "max_drawdown": -0.1604397236871426,
      "sharpe": -0.1793430696107278
    },
    "excess_return_vs_bh": 0.02356858640248216,
    "trades": {
      "chosen_buys": 3,
      "chosen_sells": 3,
      "chosen_holds": 213,
      "executed_buys": 3,
      "executed_sells": 3,
      "invalid_actions": 0
    }
  },
  "ICICIBANK": {
    "return": -0.08699986057863884,
    "max_drawdown": -0.114641242738069,
    "sharpe": -1.163271789531872,
    "buy_hold": {
      "return": 0.06328211626801838,
      "max_drawdown": -0.11299207308880804,
      "sharpe": 0.3863406143377085
    },
    "excess_return_vs_bh": -0.15028197684665723,
    "trades": {
      "chosen_buys": 65,
      "chosen_sells": 65,
      "chosen_holds": 89,
      "executed_buys": 65,
      "executed_sells": 65,
      "invalid_actions": 0
    }
  },
  "INFY": {
    "return": -0.12333488073408505,
    "max_drawdown": -0.20267362986257886,
    "sharpe": -0.6554005477409512,
    "buy_hold": {
      "return": -0.13758442801680582,
      "max_drawdown": -0.25716640961548687,
      "sharpe": -0.5957437939577157
    },
    "excess_return_vs_bh": 0.014249547282720765,
    "trades": {
      "chosen_buys": 61,
      "chosen_sells": 61,
      "chosen_holds": 97,
      "executed_buys": 61,
      "executed_sells": 61,
      "invalid_actions": 0
    }
  },
  "ITC": {
    "return": -0.07216561267510802,
    "max_drawdown": -0.09245814520791042,
    "sharpe": -0.617345996747112,
    "buy_hold": {
      "return": -0.06226591760299616,
      "max_drawdown": -0.1040867012869721,
      "sharpe": -0.5216782441483879
    },
    "excess_return_vs_bh": -0.009899695072111858,
    "trades": {
      "chosen_buys": 6,
      "chosen_sells": 5,
      "chosen_holds": 208,
      "executed_buys": 6,
      "executed_sells": 6,
      "invalid_actions": 0
    }
  }
}