{
  "HCLTECH": {
    "return": -0.04700072615659834,
    "max_drawdown": -0.14971002051520274,
    "sharpe": -0.30242714423021566,
    "buy_hold": {
      "return": -0.06843152521844442,
      "max_drawdown": -0.20748623006603806,
      "sharpe": -0.3370285751323063
    },
    "excess_return_vs_bh": 0.021430799061846084,
    "trades": {
      "chosen_buys": 12,
      "chosen_sells": 12,
      "chosen_holds": 195,
      "executed_buys": 12,
      "executed_sells": 12,
      "invalid_actions": 0
    }
  },
  "HDFCBANK": {
    "return": 0.019363637590256166,
    "max_drawdown": -0.022250373053606835,
    "sharpe": 0.6652830753375776,
    "buy_hold": {
      "return": 0.15502972374402613,
      "max_drawdown": -0.06752887748050138,
      "sharpe": 0.8970790373759403
    },
    "excess_return_vs_bh": -0.13566608615376996,
    "trades": {
      "chosen_buys": 10,
      "chosen_sells": 10,
      "chosen_holds": 199,
      "executed_buys": 10,
      "executed_sells": 10,
      "invalid_actions": 0
    }
  },
  "HINDUNILVR": {
    "return": 0.08212343345542084,
    "max_drawdown": -0.012251843053735103,
    "sharpe": 1.461280137476997,
    "buy_hold": {
      "return": -0.030172139998729586,
      "max_drawdown": -0.1604397236871426,
      "sharpe": -0.1793430696107278
    },
    "excess_return_vs_bh": 0.11229557345415042,
    "trades": {
      "chosen_buys": 4,
      "chosen_sells": 3,
      "chosen_holds": 212,
      "executed_buys": 4,
      "executed_sells": 4,
      "invalid_actions": 0
    }
  },
  "ICICIBANK": {
    "return": 0.04892792088397724,
    "max_drawdown": -0.03041597540109299,
    "sharpe": 0.9985316805376733,
    "buy_hold": {
      "return": 0.06328211626801838,
      "max_drawdown": -0.11299207308880804,
      "sharpe": 0.3863406143377085
    },
    "excess_return_vs_bh": -0.014354195384041146,
    "trades": {
      "chosen_buys": 12,
      "chosen_sells": 12,
      "chosen_holds": 195,
      "executed_buys": 12,
      "executed_sells": 12,
      "invalid_actions": 0
    }
  },
  "INFY": {
    "return": -0.09964879613942335,
    "max_drawdown": -0.16964398714026363,
    "sharpe": -0.46834864931885056,
    "buy_hold": {
      "return": -0.13758442801680582,
      "max_drawdown": -0.25716640961548687,
      "sharpe": -0.5957437939577157
    },
    "excess_return_vs_bh": 0.03793563187738247,
    "trades": {
      "chosen_buys": 6,
      "chosen_sells": 6,
      "chosen_holds": 207,
      "executed_buys": 6,
      "executed_sells": 6,
      "invalid_actions": 0
    }
  },
  "ITC": {
    "return": -0.05953126094455641,
    "max_drawdown": -0.09914565968280217,
    "sharpe": -0.49336194498929703,
    "buy_hold": {
      "return": -0.06226591760299616,
      "max_drawdown": -0.1040867012869721,
      "sharpe": -0.5216782441483879
    },
    "excess_return_vs_bh": 0.002734656658439749,
    "trades": {
      "chosen_buys": 4,
      "chosen_sells": 3,
      "chosen_holds": 212,
      "executed_buys": 4,
      "executed_sells": 4,
      "invalid_actions": 0
    }
  }
}