{
  "HCLTECH": {
    "return": -0.08276531281243082,
    "max_drawdown": -0.181621372177524,
    "sharpe": -0.44809091070050794,
    "buy_hold": {
      "return": -0.06843152521844442,
      "max_drawdown": -0.20748623006603806,
      "sharpe": -0.3370285751323063
    },
    "excess_return_vs_bh": -0.014333787593986402,
    "trades": {
      "chosen_buys": 5,
      "chosen_sells": 5,
      "chosen_holds": 209,
      "executed_buys": 5,
      "executed_sells": 5,
      "invalid_actions": 0
    }
  },
  "HDFCBANK": {
    "return": 0.11141669458616654,
    "max_drawdown": -0.03260313235745746,
    "sharpe": 1.5961819948556983,
    "buy_hold": {
      "return": 0.15502972374402613,
      "max_drawdown": -0.06752887748050138,
      "sharpe": 0.8970790373759403
    },
    "excess_return_vs_bh": -0.043613029157859584,
    "trades": {
      "chosen_buys": 3,
      "chosen_sells": 2,
      "chosen_holds": 214,
      "executed_buys": 3,
      "executed_sells": 3,
      "invalid_actions": 0
    }
  },
  "HINDUNILVR": {
    "return": 0.01991219931859778,
    "max_drawdown": -0.034034034034034134,
    "sharpe": 0.2948383104073887,
    "buy_hold": {
      "return": -0.030172139998729586,
      "max_drawdown": -0.1604397236871426,
      "sharpe": -0.1793430696107278
    },
    "excess_return_vs_bh": 0.050084339317327364,
    "trades": {
      "chosen_buys": 6,
      "chosen_sells": 5,
      "chosen_holds": 208,
      "executed_buys": 6,
      "executed_sells": 6,
      "invalid_actions": 0
    }
  },
  "ICICIBANK": {
    "return": 0.06522880263423447,
    "max_drawdown": -0.08686030428769007,
    "sharpe": 0.5689598465113715,
    "buy_hold": {
      "return": 0.06328211626801838,
      "max_drawdown": -0.11299207308880804,
      "sharpe": 0.3863406143377085
    },
    "excess_return_vs_bh": 0.0019466863662160883,
    "trades": {
      "chosen_buys": 3,
      "chosen_sells": 2,
      "chosen_holds": 214,
      "executed_buys": 3,
      "executed_sells": 3,
      "invalid_actions": 0
    }
  },
  "INFY": {
    "return": -0.08148834778693681,
    "max_drawdown": -0.20911792212208813,
    "sharpe": -0.3754143173820723,
    "buy_hold": {
      "return": -0.13758442801680582,
      "max_drawdown": -0.25716640961548687,
      "sharpe": -0.5957437939577157
    },
    "excess_return_vs_bh": 0.056096080229869005,
    "trades": {
      "chosen_buys": 5,
      "chosen_sells": 5,
      "chosen_holds": 209,
      "executed_buys": 5,
      "executed_sells": 5,
      "invalid_actions": 0
    }
  },
  "ITC": {
    "return": -0.06714752416824277,
    "max_drawdown": -0.10408670128697213,
    "sharpe": -0.5521390773891067,
    "buy_hold": {
      "return": -0.06226591760299616,
      "max_drawdown": -0.1040867012869721,
      "sharpe": -0.5216782441483879
    },
    "excess_return_vs_bh": -0.00488160656524661,
    "trades": {
      "chosen_buys": 2,
      "chosen_sells": 1,
      "chosen_holds": 216,
      "executed_buys": 2,
      "executed_sells": 2,
      "invalid_actions": 0
    }
  }
}