{
  "HCLTECH": {
    "return": -0.12281332149747226,
    "max_drawdown": -0.20236999354114768,
    "sharpe": -0.6766572756774301,
    "buy_hold": {
      "return": -0.06843152521844442,
      "max_drawdown": -0.20748623006603806,
      "sharpe": -0.3370285751323063
    },
    "excess_return_vs_bh": -0.05438179627902784,
    "trades": {
      "chosen_buys": 32,
      "chosen_sells": 31,
      "chosen_holds": 156,
      "executed_buys": 32,
      "executed_sells": 32,
      "invalid_actions": 0
    }
  },
  "HDFCBANK": {
    "return": -0.08244877400547124,
    "max_drawdown": -0.1465114768716929,
    "sharpe": -0.7409470967510101,
    "buy_hold": {
      "return": 0.15502972374402613,
      "max_drawdown": -0.06752887748050138,
      "sharpe": 0.8970790373759403
    },
    "excess_return_vs_bh": -0.23747849774949736,
    "trades": {
      "chosen_buys": 83,
      "chosen_sells": 83,
      "chosen_holds": 53,
      "executed_buys": 83,
      "executed_sells": 83,
      "invalid_actions": 0
    }
  },
  "HINDUNILVR": {
    "return": 0.0,
    "max_drawdown": 0.0,
    "sharpe": 0.0,
    "buy_hold": {
      "return": -0.030172139998729586,
      "max_drawdown": -0.1604397236871426,
      "sharpe": -0.1793430696107278
    },
    "excess_return_vs_bh": 0.030172139998729586,
    "trades": {
      "chosen_buys": 0,
      "chosen_sells": 0,
      "chosen_holds": 219,
      "executed_buys": 0,
      "executed_sells": 0,
      "invalid_actions": 0
    }
  },
  "ICICIBANK": {
    "return": -0.13133263470673517,
    "max_drawdown": -0.16781080667690085,
    "sharpe": -1.8060207471189489,
    "buy_hold": {
      "return": 0.06328211626801838,
      "max_drawdown": -0.11299207308880804,
      "sharpe": 0.3863406143377085
    },
    "excess_return_vs_bh": -0.19461475097475356,
    "trades": {
      "chosen_buys": 74,
      "chosen_sells": 73,
      "chosen_holds": 72,
      "executed_buys": 74,
      "executed_sells": 74,
      "invalid_actions": 0
    }
  },
  "INFY": {
    "return": -0.07549164030323752,
    "max_drawdown": -0.20984895627086045,
    "sharpe": -0.33945832653449165,
    "buy_hold": {
      "return": -0.13758442801680582,
      "max_drawdown": -0.25716640961548687,
      "sharpe": -0.5957437939577157
    },
    "excess_return_vs_bh": 0.0620927877135683,
    "trades": {
      "chosen_buys": 58,
      "chosen_sells": 58,
      "chosen_holds": 103,
      "executed_buys": 58,
      "executed_sells": 58,
      "invalid_actions": 0
    }
  },
  "ITC": {
    "return": -0.09597443611101741,
    "max_drawdown": -0.11533920062801195,
    "sharpe": -0.892987092582314,
    "buy_hold": {
      "return": -0.06226591760299616,
      "max_drawdown": -0.1040867012869721,
      "sharpe": -0.5216782441483879
    },
    "excess_return_vs_bh": -0.03370851850802126,
    "trades": {
      "chosen_buys": 20,
      "chosen_sells": 19,
      "chosen_holds": 180,
      "executed_buys": 20,
      "executed_sells": 20,
      "invalid_actions": 0
    }
  }
}