{
  "HCLTECH": {
    "return": -0.37281473435539403,
    "max_drawdown": -0.3721869212766707,
    "sharpe": -3.5717860435450612,
    "buy_hold": {
      "return": -0.06843152521844442,
      "max_drawdown": -0.20748623006603806,
      "sharpe": -0.3370285751323063
    },
    "excess_return_vs_bh": -0.3043832091369496,
    "trades": {
      "chosen_buys": 110,
      "chosen_sells": 109,
      "chosen_holds": 0,
      "executed_buys": 110,
      "executed_sells": 110,
      "invalid_actions": 0
    }
  },
  "HDFCBANK": {
    "return": 0.12019634005332258,
    "max_drawdown": -0.06752887748050167,
    "sharpe": 0.6976571528392502,
    "buy_hold": {
      "return": 0.15502972374402613,
      "max_drawdown": -0.06752887748050138,
      "sharpe": 0.8970790373759403
    },
    "excess_return_vs_bh": -0.034833383690703545,
    "trades": {
      "chosen_buys": 6,
      "chosen_sells": 5,
      "chosen_holds": 208,
      "executed_buys": 6,
      "executed_sells": 6,
      "invalid_actions": 0
    }
  },
  "HINDUNILVR": {
    "return": -0.20896164341588574,
    "max_drawdown": -0.20931967477850394,
    "sharpe": -2.1255493919548916,
    "buy_hold": {
      "return": -0.030172139998729586,
      "max_drawdown": -0.1604397236871426,
      "sharpe": -0.1793430696107278
    },
    "excess_return_vs_bh": -0.17878950341715616,
    "trades": {
      "chosen_buys": 110,
      "chosen_sells": 109,
      "chosen_holds": 0,
      "executed_buys": 110,
      "executed_sells": 110,
      "invalid_actions": 0
    }
  },
  "ICICIBANK": {
    "return": -0.23078188775829123,
    "max_drawdown": -0.2300118996579492,
    "sharpe": -2.4455872705773563,
    "buy_hold": {
      "return": 0.06328211626801838,
      "max_drawdown": -0.11299207308880804,
      "sharpe": 0.3863406143377085
    },
    "excess_return_vs_bh": -0.2940640040263096,
    "trades": {
      "chosen_buys": 109,
      "chosen_sells": 109,
      "chosen_holds": 1,
      "executed_buys": 109,
      "executed_sells": 109,
      "invalid_actions": 0
    }
  },
  "INFY": {
    "return": -0.4254460687348345,
    "max_drawdown": -0.44582974016844973,
    "sharpe": -3.7181515237138916,
    "buy_hold": {
      "return": -0.13758442801680582,
      "max_drawdown": -0.25716640961548687,
      "sharpe": -0.5957437939577157
    },
    "excess_return_vs_bh": -0.28786164071802867,
    "trades": {
      "chosen_buys": 105,
      "chosen_sells": 104,
      "chosen_holds": 10,
      "executed_buys": 105,
      "executed_sells": 105,
      "invalid_actions": 0
    }
  },
  "ITC": {
    "return": -0.05185156683433578,
    "max_drawdown": -0.10069993226461937,
    "sharpe": -0.43650729892576784,
    "buy_hold": {
      "return": -0.06226591760299616,
      "max_drawdown": -0.1040867012869721,
      "sharpe": -0.5216782441483879
    },
    "excess_return_vs_bh": 0.010414350768660374,
    "trades": {
      "chosen_buys": 2,
      "chosen_sells": 1,
      "chosen_holds": 216,
      "executed_buys": 2,
      "executed_sells": 2,
      "invalid_actions": 0
    }
  }
}