{
  "HCLTECH": {
    "return": -0.06713909614640468,
    "max_drawdown": -0.13464465662740357,
    "sharpe": -0.44943483845385407,
    "buy_hold": {
      "return": -0.06843152521844442,
      "max_drawdown": -0.20748623006603806,
      "sharpe": -0.3370285751323063
    },
    "excess_return_vs_bh": 0.0012924290720397469,
    "trades": {
      "chosen_buys": 9,
      "chosen_sells": 9,
      "chosen_holds": 201,
      "executed_buys": 9,
      "executed_sells": 9,
      "invalid_actions": 0
    }
  },
  "HDFCBANK": {
    "return": 0.03347268009149351,
    "max_drawdown": -0.039578601903511666,
    "sharpe": 0.39954771952170176,
    "buy_hold": {
      "return": 0.15502972374402613,
      "max_drawdown": -0.06752887748050138,
      "sharpe": 0.8970790373759403
    },
    "excess_return_vs_bh": -0.12155704365253261,
    "trades": {
      "chosen_buys": 15,
      "chosen_sells": 15,
      "chosen_holds": 189,
      "executed_buys": 15,
      "executed_sells": 15,
      "invalid_actions": 0
    }
  },
  "HINDUNILVR": {
    "return": 0.006081538623774696,
    "max_drawdown": -0.033414458903347606,
    "sharpe": 0.14396538991828822,
    "buy_hold": {
      "return": -0.030172139998729586,
      "max_drawdown": -0.1604397236871426,
      "sharpe": -0.1793430696107278
    },
    "excess_return_vs_bh": 0.03625367862250428,
    "trades": {
      "chosen_buys": 1,
      "chosen_sells": 1,
      "chosen_holds": 217,
      "executed_buys": 1,
      "executed_sells": 1,
      "invalid_actions": 0
    }
  },
  "ICICIBANK": {
    "return": 0.05010731411906666,
    "max_drawdown": -0.03417342035429953,
    "sharpe": 0.9445634761748666,
    "buy_hold": {
      "return": 0.06328211626801838,
      "max_drawdown": -0.11299207308880804,
      "sharpe": 0.3863406143377085
    },
    "excess_return_vs_bh": -0.013174802148951725,
    "trades": {
      "chosen_buys": 4,
      "chosen_sells": 4,
      "chosen_holds": 211,
      "executed_buys": 4,
      "executed_sells": 4,
      "invalid_actions": 0
    }
  },
  "INFY": {
    "return": -0.06690580915442534,
    "max_drawdown": -0.182515262764669,
    "sharpe": -0.4228192284668475,
    "buy_hold": {
      "return": -0.13758442801680582,
      "max_drawdown": -0.25716640961548687,
      "sharpe": -0.5957437939577157
    },
    "excess_return_vs_bh": 0.07067861886238047,
    "trades": {
      "chosen_buys": 8,
      "chosen_sells": 8,
      "chosen_holds": 203,
      "executed_buys": 8,
      "executed_sells": 8,
      "invalid_actions": 0
    }
  },
  "ITC": {
    "return": -0.06320365168539321,
    "max_drawdown": -0.10408670128697213,
    "sharpe": -0.5216782441483881,
    "buy_hold": {
      "return": -0.06226591760299616,
      "max_drawdown": -0.1040867012869721,
      "sharpe": -0.5216782441483879
    },
    "excess_return_vs_bh": -0.000937734082397057,
    "trades": {
      "chosen_buys": 1,
      "chosen_sells": 0,
      "chosen_holds": 218,
      "executed_buys": 1,
      "executed_sells": 1,
      "invalid_actions": 0
    }
  }
}