{
  "HCLTECH": {
    "return": -0.04549992882077769,
    "max_drawdown": -0.1793256375072674,
    "sharpe": -0.2333750393684723,
    "buy_hold": {
      "return": -0.06843152521844442,
      "max_drawdown": -0.20748623006603806,
      "sharpe": -0.3370285751323063
    },
    "excess_return_vs_bh": 0.02293159639766673,
    "trades": {
      "chosen_buys": 39,
      "chosen_sells": 39,
      "chosen_holds": 141,
      "executed_buys": 39,
      "executed_sells": 39,
      "invalid_actions": 0
    }
  },
  "HDFCBANK": {
    "return": 0.13658752470776148,
    "max_drawdown": -0.06752887748050136,
    "sharpe": 0.803561825641092,
    "buy_hold": {
      "return": 0.15502972374402613,
      "max_drawdown": -0.06752887748050138,
      "sharpe": 0.8970790373759403
    },
    "excess_return_vs_bh": -0.01844219903626465,
    "trades": {
      "chosen_buys": 7,
      "chosen_sells": 6,
      "chosen_holds": 206,
      "executed_buys": 7,
      "executed_sells": 7,
      "invalid_actions": 0
    }
  },
  "HINDUNILVR": {
    "return": -0.009646363078016584,
    "max_drawdown": -0.03711275438368261,
    "sharpe": -0.23047130619724152,
    "buy_hold": {
      "return": -0.030172139998729586,
      "max_drawdown": -0.1604397236871426,
      "sharpe": -0.1793430696107278
    },
    "excess_return_vs_bh": 0.020525776920713,
    "trades": {
      "chosen_buys": 21,
      "chosen_sells": 21,
      "chosen_holds": 177,
      "executed_buys": 21,
      "executed_sells": 21,
      "invalid_actions": 0
    }
  },
  "ICICIBANK": {
    "return": -0.019732465649316855,
    "max_drawdown": -0.12285304850037283,
    "sharpe": -0.1832610531642336,
    "buy_hold": {
      "return": 0.06328211626801838,
      "max_drawdown": -0.11299207308880804,
      "sharpe": 0.3863406143377085
    },
    "excess_return_vs_bh": -0.08301458191733524,
    "trades": {
      "chosen_buys": 31,
      "chosen_sells": 30,
      "chosen_holds": 158,
      "executed_buys": 31,
      "executed_sells": 31,
      "invalid_actions": 0
    }
  },
  "INFY": {
    "return": -0.17152101760680305,
    "max_drawdown": -0.26658052078181244,
    "sharpe": -0.96965756932732,
    "buy_hold": {
      "return": -0.13758442801680582,
      "max_drawdown": -0.25716640961548687,
      "sharpe": -0.5957437939577157
    },
    "excess_return_vs_bh": -0.033936589589997235,
    "trades": {
      "chosen_buys": 29,
      "chosen_sells": 28,
      "chosen_holds": 162,
      "executed_buys": 29,
      "executed_sells": 29,
      "invalid_actions": 0
    }
  },
  "ITC": {
    "return": -0.06320365168539321,
    "max_drawdown": -0.10408670128697213,
    "sharpe": -0.5216782441483881,
    "buy_hold": {
      "return": -0.06226591760299616,
      "max_drawdown": -0.1040867012869721,
      "sharpe": -0.5216782441483879
    },
    "excess_return_vs_bh": -0.000937734082397057,
    "trades": {
      "chosen_buys": 1,
      "chosen_sells": 0,
      "chosen_holds": 218,
      "executed_buys": 1,
      "executed_sells": 1,
      "invalid_actions": 0
    }
  }
}