{
  "HCLTECH": {
    "return": -0.1479179319477909,
    "max_drawdown": -0.19500671429544686,
    "sharpe": -0.9007674598992658,
    "buy_hold": {
      "return": -0.06843152521844442,
      "max_drawdown": -0.20748623006603806,
      "sharpe": -0.3370285751323063
    },
    "excess_return_vs_bh": -0.07948640672934648,
    "trades": {
      "chosen_buys": 15,
      "chosen_sells": 15,
      "chosen_holds": 189,
      "executed_buys": 15,
      "executed_sells": 15,
      "invalid_actions": 0
    }
  },
  "HDFCBANK": {
    "return": -0.03230835469157878,
    "max_drawdown": -0.09848605679912682,
    "sharpe": -0.4796641846570223,
    "buy_hold": {
      "return": 0.15502972374402613,
      "max_drawdown": -0.06752887748050138,
      "sharpe": 0.8970790373759403
    },
    "excess_return_vs_bh": -0.1873380784356049,
    "trades": {
      "chosen_buys": 76,
      "chosen_sells": 75,
      "chosen_holds": 68,
      "executed_buys": 76,
      "executed_sells": 76,
      "invalid_actions": 0
    }
  },
  "HINDUNILVR": {
    "return": -0.1228325339660471,
    "max_drawdown": -0.1219544884545016,
    "sharpe": -1.3167633982947102,
    "buy_hold": {
      "return": -0.030172139998729586,
      "max_drawdown": -0.1604397236871426,
      "sharpe": -0.1793430696107278
    },
    "excess_return_vs_bh": -0.09266039396731751,
    "trades": {
      "chosen_buys": 18,
      "chosen_sells": 18,
      "chosen_holds": 183,
      "executed_buys": 18,
      "executed_sells": 18,
      "invalid_actions": 0
    }
  },
  "ICICIBANK": {
    "return": -0.00703382727048274,
    "max_drawdown": -0.04715437807517312,
    "sharpe": -0.08325345388039682,
    "buy_hold": {
      "return": 0.06328211626801838,
      "max_drawdown": -0.11299207308880804,
      "sharpe": 0.3863406143377085
    },
    "excess_return_vs_bh": -0.07031594353850112,
    "trades": {
      "chosen_buys": 51,
      "chosen_sells": 50,
      "chosen_holds": 118,
      "executed_buys": 51,
      "executed_sells": 51,
      "invalid_actions": 0
    }
  },
  "INFY": {
    "return": -0.1864931024818448,
    "max_drawdown": -0.2786353581853302,
    "sharpe": -1.2058663487629409,
    "buy_hold": {
      "return": -0.13758442801680582,
      "max_drawdown": -0.25716640961548687,
      "sharpe": -0.5957437939577157
    },
    "excess_return_vs_bh": -0.04890867446503899,
    "trades": {
      "chosen_buys": 22,
      "chosen_sells": 22,
      "chosen_holds": 175,
      "executed_buys": 22,
      "executed_sells": 22,
      "invalid_actions": 0
    }
  },
  "ITC": {
    "return": -0.06320365168539321,
    "max_drawdown": -0.10408670128697213,
    "sharpe": -0.5216782441483881,
    "buy_hold": {
      "return": -0.06226591760299616,
      "max_drawdown": -0.1040867012869721,
      "sharpe": -0.5216782441483879
    },
    "excess_return_vs_bh": -0.000937734082397057,
    "trades": {
      "chosen_buys": 1,
      "chosen_sells": 0,
      "chosen_holds": 218,
      "executed_buys": 1,
      "executed_sells": 1,
      "invalid_actions": 0
    }
  }
}