{
  "HCLTECH": {
    "return": 0.0014116621246642591,
    "max_drawdown": -0.02019304084365598,
    "sharpe": 0.05242138924993328,
    "buy_hold": {
      "return": -0.06843152521844442,
      "max_drawdown": -0.20748623006603806,
      "sharpe": -0.3370285751323063
    },
    "excess_return_vs_bh": 0.06984318734310868,
    "trades": {
      "chosen_buys": 7,
      "chosen_sells": 7,
      "chosen_holds": 205,
      "executed_buys": 7,
      "executed_sells": 7,
      "invalid_actions": 0
    }
  },
  "HDFCBANK": {
    "return": 0.008083539268095352,
    "max_drawdown": -0.010383193962000199,
    "sharpe": 0.3234623217918254,
    "buy_hold": {
      "return": 0.15502972374402613,
      "max_drawdown": -0.06752887748050138,
      "sharpe": 0.8970790373759403
    },
    "excess_return_vs_bh": -0.14694618447593077,
    "trades": {
      "chosen_buys": 4,
      "chosen_sells": 4,
      "chosen_holds": 211,
      "executed_buys": 4,
      "executed_sells": 4,
      "invalid_actions": 0
    }
  },
  "HINDUNILVR": {
    "return": 0.031315624920403184,
    "max_drawdown": -0.012208415086113113,
    "sharpe": 0.947473361288798,
    "buy_hold": {
      "return": -0.030172139998729586,
      "max_drawdown": -0.1604397236871426,
      "sharpe": -0.1793430696107278
    },
    "excess_return_vs_bh": 0.06148776491913277,
    "trades": {
      "chosen_buys": 2,
      "chosen_sells": 2,
      "chosen_holds": 215,
      "executed_buys": 2,
      "executed_sells": 2,
      "invalid_actions": 0
    }
  },
  "ICICIBANK": {
    "return": 0.0,
    "max_drawdown": 0.0,
    "sharpe": 0.0,
    "buy_hold": {
      "return": 0.06328211626801838,
      "max_drawdown": -0.11299207308880804,
      "sharpe": 0.3863406143377085
    },
    "excess_return_vs_bh": -0.06328211626801838,
    "trades": {
      "chosen_buys": 0,
      "chosen_sells": 0,
      "chosen_holds": 219,
      "executed_buys": 0,
      "executed_sells": 0,
      "invalid_actions": 0
    }
  },
  "INFY": {
    "return": -0.026646323490970847,
    "max_drawdown": -0.02736240559303016,
    "sharpe": -1.1570766784707265,
    "buy_hold": {
      "return": -0.13758442801680582,
      "max_drawdown": -0.25716640961548687,
      "sharpe": -0.5957437939577157
    },
    "excess_return_vs_bh": 0.11093810452583497,
    "trades": {
      "chosen_buys": 4,
      "chosen_sells": 4,
      "chosen_holds": 211,
      "executed_buys": 4,
      "executed_sells": 4,
      "invalid_actions": 0
    }
  },
  "ITC": {
    "return": -0.05979729905855602,
    "max_drawdown": -0.10408670128697213,
    "sharpe": -0.49328884733002903,
    "buy_hold": {
      "return": -0.06226591760299616,
      "max_drawdown": -0.1040867012869721,
      "sharpe": -0.5216782441483879
    },
    "excess_return_vs_bh": 0.0024686185444401376,
    "trades": {
      "chosen_buys": 2,
      "chosen_sells": 1,
      "chosen_holds": 216,
      "executed_buys": 2,
      "executed_sells": 2,
      "invalid_actions": 0
    }
  }
}