{
  "HCLTECH": {
    "return": 0.18945008857876267,
    "max_drawdown": -0.27299629207073584,
    "sharpe": 0.6640158147453287,
    "buy_hold": {
      "return": 0.37107730777245296,
      "max_drawdown": -0.27299629207073584,
      "sharpe": 1.1349960856546215
    },
    "excess_return_vs_bh": -0.1816272191936903,
    "trades": {
      "buys": 1,
      "sells": 0,
      "holds": 218
    }
  },
  "HDFCBANK": {
    "return": 0.45885401459854025,
    "max_drawdown": -0.13943028485757128,
    "sharpe": 1.334590562323014,
    "buy_hold": {
      "return": 0.07079646017699104,
      "max_drawdown": -0.2786421499292786,
      "sharpe": 0.18913920287010627
    },
    "excess_return_vs_bh": 0.3880575544215492,
    "trades": {
      "buys": 1,
      "sells": 1,
      "holds": 217
    }
  },
  "HINDUNILVR": {
    "return": -0.11297911506718827,
    "max_drawdown": -0.2154372045499645,
    "sharpe": -0.9266666737152517,
    "buy_hold": {
      "return": -0.13128756722556145,
      "max_drawdown": -0.25352061357963973,
      "sharpe": -0.5973784976874397
    },
    "excess_return_vs_bh": 0.01830845215837318,
    "trades": {
      "buys": 110,
      "sells": 109,
      "holds": 0
    }
  },
  "ICICIBANK": {
    "return": 0.45652001123437747,
    "max_drawdown": -0.10123837242481304,
    "sharpe": 1.3314887064948258,
    "buy_hold": {
      "return": 0.41270617836175605,
      "max_drawdown": -0.10948835886006895,
      "sharpe": 1.004683287876157
    },
    "excess_return_vs_bh": 0.04381383287262142,
    "trades": {
      "buys": 1,
      "sells": 1,
      "holds": 217
    }
  },
  "INFY": {
    "return": 0.16180789341737722,
    "max_drawdown": -0.21726096003950202,
    "sharpe": 0.6204213485577145,
    "buy_hold": {
      "return": 0.2798358780131771,
      "max_drawdown": -0.2323151959597356,
      "sharpe": 0.8905027530531529
    },
    "excess_return_vs_bh": -0.11802798459579988,
    "trades": {
      "buys": 1,
      "sells": 0,
      "holds": 218
    }
  },
  "ITC": {
    "return": 0.5667466863033881,
    "max_drawdown": -0.23132036847492268,
    "sharpe": 0.5913429933895736,
    "buy_hold": {
      "return": 0.06415562913907302,
      "max_drawdown": -0.4963106796116504,
      "sharpe": 0.062158883274249774
    },
    "excess_return_vs_bh": 0.5025910571643151,
    "trades": {
      "buys": 1,
      "sells": 1,
      "holds": 217
    }
  }
}