{
  "HCLTECH": {
    "return": 0.18945008857876267,
    "max_drawdown": -0.27299629207073584,
    "sharpe": 0.6640158147453287,
    "buy_hold": {
      "return": 0.37107730777245296,
      "max_drawdown": -0.27299629207073584,
      "sharpe": 1.1349960856546215
    },
    "excess_return_vs_bh": -0.1816272191936903,
    "trades": {
      "buys": 1,
      "sells": 0,
      "holds": 218
    }
  },
  "HDFCBANK": {
    "return": 0.47201946472019474,
    "max_drawdown": -0.13943028485757128,
    "sharpe": 1.2085797763353212,
    "buy_hold": {
      "return": 0.07079646017699104,
      "max_drawdown": -0.2786421499292786,
      "sharpe": 0.18913920287010627
    },
    "excess_return_vs_bh": 0.4012230045432037,
    "trades": {
      "buys": 1,
      "sells": 0,
      "holds": 218
    }
  },
  "HINDUNILVR": {
    "return": 0.0,
    "max_drawdown": 0.0,
    "sharpe": 0.0,
    "buy_hold": {
      "return": -0.13128756722556145,
      "max_drawdown": -0.25352061357963973,
      "sharpe": -0.5973784976874397
    },
    "excess_return_vs_bh": 0.13128756722556145,
    "trades": {
      "buys": 0,
      "sells": 0,
      "holds": 219
    }
  },
  "ICICIBANK": {
    "return": 0.4192529139165848,
    "max_drawdown": -0.109488358860069,
    "sharpe": 1.2359149463806294,
    "buy_hold": {
      "return": 0.41270617836175605,
      "max_drawdown": -0.10948835886006895,
      "sharpe": 1.004683287876157
    },
    "excess_return_vs_bh": 0.006546735554828764,
    "trades": {
      "buys": 1,
      "sells": 0,
      "holds": 218
    }
  },
  "INFY": {
    "return": 0.16180789341737722,
    "max_drawdown": -0.21726096003950202,
    "sharpe": 0.6204213485577145,
    "buy_hold": {
      "return": 0.2798358780131771,
      "max_drawdown": -0.2323151959597356,
      "sharpe": 0.8905027530531529
    },
    "excess_return_vs_bh": -0.11802798459579988,
    "trades": {
      "buys": 1,
      "sells": 0,
      "holds": 218
    }
  },
  "ITC": {
    "return": 0.8932253313696621,
    "max_drawdown": -0.337496283080583,
    "sharpe": 0.7011738513647848,
    "buy_hold": {
      "return": 0.06415562913907302,
      "max_drawdown": -0.4963106796116504,
      "sharpe": 0.062158883274249774
    },
    "excess_return_vs_bh": 0.8290697022305891,
    "trades": {
      "buys": 1,
      "sells": 0,
      "holds": 218
    }
  }
}