{
  "HCLTECH": {
    "return": 0.17451634593326748,
    "max_drawdown": -0.27299629207073584,
    "sharpe": 0.615901649244365,
    "buy_hold": {
      "return": 0.37107730777245296,
      "max_drawdown": -0.27299629207073584,
      "sharpe": 1.1349960856546215
    },
    "excess_return_vs_bh": -0.19656096183918548,
    "trades": {
      "buys": 3,
      "sells": 2,
      "holds": 214
    }
  },
  "HDFCBANK": {
    "return": 0.5363358306248778,
    "max_drawdown": -0.11724050627075555,
    "sharpe": 1.30340943748098,
    "buy_hold": {
      "return": 0.07079646017699104,
      "max_drawdown": -0.2786421499292786,
      "sharpe": 0.18913920287010627
    },
    "excess_return_vs_bh": 0.46553937044788674,
    "trades": {
      "buys": 39,
      "sells": 39,
      "holds": 141
    }
  },
  "HINDUNILVR": {
    "return": -0.11297911506718827,
    "max_drawdown": -0.2154372045499645,
    "sharpe": -0.9266666737152517,
    "buy_hold": {
      "return": -0.13128756722556145,
      "max_drawdown": -0.25352061357963973,
      "sharpe": -0.5973784976874397
    },
    "excess_return_vs_bh": 0.01830845215837318,
    "trades": {
      "buys": 110,
      "sells": 109,
      "holds": 0
    }
  },
  "ICICIBANK": {
    "return": 0.45901292350121503,
    "max_drawdown": -0.10108447488584466,
    "sharpe": 1.2440229111836796,
    "buy_hold": {
      "return": 0.41270617836175605,
      "max_drawdown": -0.10948835886006895,
      "sharpe": 1.004683287876157
    },
    "excess_return_vs_bh": 0.04630674513945898,
    "trades": {
      "buys": 28,
      "sells": 27,
      "holds": 164
    }
  },
  "INFY": {
    "return": 0.15746069950460906,
    "max_drawdown": -0.21726096003950202,
    "sharpe": 0.6211065301437085,
    "buy_hold": {
      "return": 0.2798358780131771,
      "max_drawdown": -0.2323151959597356,
      "sharpe": 0.8905027530531529
    },
    "excess_return_vs_bh": -0.12237517850856805,
    "trades": {
      "buys": 4,
      "sells": 3,
      "holds": 212
    }
  },
  "ITC": {
    "return": 1.0992888305637512,
    "max_drawdown": -0.195092875209198,
    "sharpe": 1.088759445172352,
    "buy_hold": {
      "return": 0.06415562913907302,
      "max_drawdown": -0.4963106796116504,
      "sharpe": 0.062158883274249774
    },
    "excess_return_vs_bh": 1.0351332014246781,
    "trades": {
      "buys": 84,
      "sells": 83,
      "holds": 52
    }
  }
}