{
  "HCLTECH": {
    "return": 0.22059338997678513,
    "max_drawdown": -0.061092560438092636,
    "sharpe": 2.0263993079845926,
    "buy_hold": {
      "return": 0.22894367991845077,
      "max_drawdown": -0.0610925604380926,
      "sharpe": 2.0682029457179767
    },
    "excess_return_vs_bh": -0.008350289941665645,
    "trades": {
      "chosen_buys": 86,
      "chosen_sells": 2,
      "chosen_holds": 27,
      "executed_buys": 3,
      "executed_sells": 3,
      "invalid_actions": 83
    }
  },
  "HDFCBANK": {
    "return": 0.0904149257170852,
    "max_drawdown": -0.09376348547717851,
    "sharpe": 0.9850591616900186,
    "buy_hold": {
      "return": 0.09617755856966714,
      "max_drawdown": -0.09285634181899745,
      "sharpe": 1.0276887181776813
    },
    "excess_return_vs_bh": -0.005762632852581939,
    "trades": {
      "chosen_buys": 89,
      "chosen_sells": 1,
      "chosen_holds": 25,
      "executed_buys": 2,
      "executed_sells": 2,
      "invalid_actions": 87
    }
  },
  "HINDUNILVR": {
    "return": -0.11000956862207756,
    "max_drawdown": -0.2297469085866173,
    "sharpe": -1.177267197110939,
    "buy_hold": {
      "return": -0.10563675914971571,
      "max_drawdown": -0.22974690858661734,
      "sharpe": -1.133894334827567
    },
    "excess_return_vs_bh": -0.004372809472361849,
    "trades": {
      "chosen_buys": 86,
      "chosen_sells": 1,
      "chosen_holds": 28,
      "executed_buys": 2,
      "executed_sells": 2,
      "invalid_actions": 84
    }
  },
  "ICICIBANK": {
    "return": 0.06267428722391277,
    "max_drawdown": -0.07979383770362287,
    "sharpe": 0.6419028772169953,
    "buy_hold": {
      "return": 0.05260376438066583,
      "max_drawdown": -0.08625649071687407,
      "sharpe": 0.5525340074306977
    },
    "excess_return_vs_bh": 0.010070522843246943,
    "trades": {
      "chosen_buys": 111,
      "chosen_sells": 1,
      "chosen_holds": 3,
      "executed_buys": 2,
      "executed_sells": 2,
      "invalid_actions": 109
    }
  },
  "INFY": {
    "return": 0.10868685950714951,
    "max_drawdown": -0.1086835018545806,
    "sharpe": 0.9881365556057661,
    "buy_hold": {
      "return": 0.11654608828095259,
      "max_drawdown": -0.10868350185458055,
      "sharpe": 1.031910981822248
    },
    "excess_return_vs_bh": -0.007859228773803073,
    "trades": {
      "chosen_buys": 93,
      "chosen_sells": 2,
      "chosen_holds": 20,
      "executed_buys": 3,
      "executed_sells": 3,
      "invalid_actions": 90
    }
  },
  "ITC": {
    "return": 0.024832230163927216,
    "max_drawdown": -0.1255114453168196,
    "sharpe": 0.22325453038722468,
    "buy_hold": {
      "return": 0.029316367265469045,
      "max_drawdown": -0.12551144531681957,
      "sharpe": 0.2538486653051062
    },
    "excess_return_vs_bh": -0.00448413710154183,
    "trades": {
      "chosen_buys": 76,
      "chosen_sells": 1,
      "chosen_holds": 38,
      "executed_buys": 2,
      "executed_sells": 2,
      "invalid_actions": 74
    }
  }
}