{
  "HCLTECH": {
    "return": 0.24324239922246593,
    "max_drawdown": -0.061092560438092594,
    "sharpe": 2.1515125661686656,
    "buy_hold": {
      "return": 0.22894367991845077,
      "max_drawdown": -0.0610925604380926,
      "sharpe": 2.0682029457179767
    },
    "excess_return_vs_bh": 0.014298719304015162,
    "trades": {
      "chosen_buys": 113,
      "chosen_sells": 2,
      "chosen_holds": 0,
      "executed_buys": 3,
      "executed_sells": 3,
      "invalid_actions": 110
    }
  },
  "HDFCBANK": {
    "return": 0.07989987928377906,
    "max_drawdown": -0.08387881010895708,
    "sharpe": 0.7994678282148805,
    "buy_hold": {
      "return": 0.09617755856966714,
      "max_drawdown": -0.09285634181899745,
      "sharpe": 1.0276887181776813
    },
    "excess_return_vs_bh": -0.01627767928588808,
    "trades": {
      "chosen_buys": 108,
      "chosen_sells": 3,
      "chosen_holds": 4,
      "executed_buys": 4,
      "executed_sells": 4,
      "invalid_actions": 104
    }
  },
  "HINDUNILVR": {
    "return": -0.10736808303271261,
    "max_drawdown": -0.22974690858661748,
    "sharpe": -1.1438734102654387,
    "buy_hold": {
      "return": -0.10563675914971571,
      "max_drawdown": -0.22974690858661734,
      "sharpe": -1.133894334827567
    },
    "excess_return_vs_bh": -0.0017313238829969047,
    "trades": {
      "chosen_buys": 108,
      "chosen_sells": 1,
      "chosen_holds": 6,
      "executed_buys": 2,
      "executed_sells": 2,
      "invalid_actions": 106
    }
  },
  "ICICIBANK": {
    "return": 0.04860327075423765,
    "max_drawdown": -0.08625649071687401,
    "sharpe": 0.5226736554246436,
    "buy_hold": {
      "return": 0.05260376438066583,
      "max_drawdown": -0.08625649071687407,
      "sharpe": 0.5525340074306977
    },
    "excess_return_vs_bh": -0.004000493626428181,
    "trades": {
      "chosen_buys": 41,
      "chosen_sells": 1,
      "chosen_holds": 73,
      "executed_buys": 2,
      "executed_sells": 2,
      "invalid_actions": 39
    }
  },
  "INFY": {
    "return": 0.11794270554913422,
    "max_drawdown": -0.1086835018545806,
    "sharpe": 1.0636332371583506,
    "buy_hold": {
      "return": 0.11654608828095259,
      "max_drawdown": -0.10868350185458055,
      "sharpe": 1.031910981822248
    },
    "excess_return_vs_bh": 0.0013966172681816325,
    "trades": {
      "chosen_buys": 108,
      "chosen_sells": 1,
      "chosen_holds": 6,
      "executed_buys": 2,
      "executed_sells": 2,
      "invalid_actions": 106
    }
  },
  "ITC": {
    "return": 0.044133487701032204,
    "max_drawdown": -0.11953854623637407,
    "sharpe": 0.3939247862176457,
    "buy_hold": {
      "return": 0.029316367265469045,
      "max_drawdown": -0.12551144531681957,
      "sharpe": 0.2538486653051062
    },
    "excess_return_vs_bh": 0.014817120435563158,
    "trades": {
      "chosen_buys": 95,
      "chosen_sells": 3,
      "chosen_holds": 17,
      "executed_buys": 4,
      "executed_sells": 4,
      "invalid_actions": 91
    }
  }
}