{
  "HCLTECH": {
    "return": 0.2132807343814862,
    "max_drawdown": -0.06109256043809255,
    "sharpe": 1.9991329998827556,
    "buy_hold": {
      "return": 0.22894367991845077,
      "max_drawdown": -0.0610925604380926,
      "sharpe": 2.0682029457179767
    },
    "excess_return_vs_bh": -0.015662945536964568,
    "trades": {
      "chosen_buys": 112,
      "chosen_sells": 3,
      "chosen_holds": 0,
      "executed_buys": 4,
      "executed_sells": 4,
      "invalid_actions": 108
    }
  },
  "HDFCBANK": {
    "return": 0.09892509541535466,
    "max_drawdown": -0.0928563418189974,
    "sharpe": 1.0714073267218556,
    "buy_hold": {
      "return": 0.09617755856966714,
      "max_drawdown": -0.09285634181899745,
      "sharpe": 1.0276887181776813
    },
    "excess_return_vs_bh": 0.002747536845687515,
    "trades": {
      "chosen_buys": 114,
      "chosen_sells": 1,
      "chosen_holds": 0,
      "executed_buys": 2,
      "executed_sells": 2,
      "invalid_actions": 112
    }
  },
  "HINDUNILVR": {
    "return": 0.0,
    "max_drawdown": 0.0,
    "sharpe": 0.0,
    "buy_hold": {
      "return": -0.10563675914971571,
      "max_drawdown": -0.22974690858661734,
      "sharpe": -1.133894334827567
    },
    "excess_return_vs_bh": 0.10563675914971571,
    "trades": {
      "chosen_buys": 0,
      "chosen_sells": 115,
      "chosen_holds": 0,
      "executed_buys": 0,
      "executed_sells": 0,
      "invalid_actions": 115
    }
  },
  "ICICIBANK": {
    "return": 0.05155116061628506,
    "max_drawdown": -0.08625649071687401,
    "sharpe": 0.5525340074306975,
    "buy_hold": {
      "return": 0.05260376438066583,
      "max_drawdown": -0.08625649071687407,
      "sharpe": 0.5525340074306977
    },
    "excess_return_vs_bh": -0.0010526037643807662,
    "trades": {
      "chosen_buys": 86,
      "chosen_sells": 0,
      "chosen_holds": 29,
      "executed_buys": 1,
      "executed_sells": 1,
      "invalid_actions": 85
    }
  },
  "INFY": {
    "return": 0.10868685950714951,
    "max_drawdown": -0.1086835018545806,
    "sharpe": 0.9881365556057661,
    "buy_hold": {
      "return": 0.11654608828095259,
      "max_drawdown": -0.10868350185458055,
      "sharpe": 1.031910981822248
    },
    "excess_return_vs_bh": -0.007859228773803073,
    "trades": {
      "chosen_buys": 84,
      "chosen_sells": 2,
      "chosen_holds": 29,
      "executed_buys": 3,
      "executed_sells": 3,
      "invalid_actions": 81
    }
  },
  "ITC": {
    "return": 0.028287050898203603,
    "max_drawdown": -0.12551144531681963,
    "sharpe": 0.2538486653051068,
    "buy_hold": {
      "return": 0.029316367265469045,
      "max_drawdown": -0.12551144531681957,
      "sharpe": 0.2538486653051062
    },
    "excess_return_vs_bh": -0.0010293163672654426,
    "trades": {
      "chosen_buys": 115,
      "chosen_sells": 0,
      "chosen_holds": 0,
      "executed_buys": 1,
      "executed_sells": 1,
      "invalid_actions": 114
    }
  }
}