{
  "HCLTECH": {
    "return": -0.0184060519361664,
    "max_drawdown": -0.056968748157515785,
    "sharpe": -0.2871688404966251,
    "buy_hold": {
      "return": 0.22894367991845077,
      "max_drawdown": -0.0610925604380926,
      "sharpe": 2.0682029457179767
    },
    "excess_return_vs_bh": -0.24734973185461717,
    "trades": {
      "chosen_buys": 20,
      "chosen_sells": 6,
      "chosen_holds": 89,
      "executed_buys": 6,
      "executed_sells": 6,
      "invalid_actions": 14
    }
  },
  "HDFCBANK": {
    "return": 0.14243169856459637,
    "max_drawdown": -0.0928563418189974,
    "sharpe": 1.4438239271993243,
    "buy_hold": {
      "return": 0.09617755856966714,
      "max_drawdown": -0.09285634181899745,
      "sharpe": 1.0276887181776813
    },
    "excess_return_vs_bh": 0.04625413999492922,
    "trades": {
      "chosen_buys": 34,
      "chosen_sells": 11,
      "chosen_holds": 70,
      "executed_buys": 11,
      "executed_sells": 11,
      "invalid_actions": 23
    }
  },
  "HINDUNILVR": {
    "return": 0.0,
    "max_drawdown": 0.0,
    "sharpe": 0.0,
    "buy_hold": {
      "return": -0.10563675914971571,
      "max_drawdown": -0.22974690858661734,
      "sharpe": -1.133894334827567
    },
    "excess_return_vs_bh": 0.10563675914971571,
    "trades": {
      "chosen_buys": 0,
      "chosen_sells": 0,
      "chosen_holds": 115,
      "executed_buys": 0,
      "executed_sells": 0,
      "invalid_actions": 0
    }
  },
  "ICICIBANK": {
    "return": 0.0,
    "max_drawdown": 0.0,
    "sharpe": 0.0,
    "buy_hold": {
      "return": 0.05260376438066583,
      "max_drawdown": -0.08625649071687407,
      "sharpe": 0.5525340074306977
    },
    "excess_return_vs_bh": -0.05260376438066583,
    "trades": {
      "chosen_buys": 0,
      "chosen_sells": 0,
      "chosen_holds": 115,
      "executed_buys": 0,
      "executed_sells": 0,
      "invalid_actions": 0
    }
  },
  "INFY": {
    "return": 0.13380132805131661,
    "max_drawdown": -0.07224972058119111,
    "sharpe": 1.7270384119066056,
    "buy_hold": {
      "return": 0.11654608828095259,
      "max_drawdown": -0.10868350185458055,
      "sharpe": 1.031910981822248
    },
    "excess_return_vs_bh": 0.017255239770364028,
    "trades": {
      "chosen_buys": 21,
      "chosen_sells": 1,
      "chosen_holds": 93,
      "executed_buys": 1,
      "executed_sells": 1,
      "invalid_actions": 20
    }
  },
  "ITC": {
    "return": 0.028287050898203603,
    "max_drawdown": -0.12551144531681963,
    "sharpe": 0.2538486653051068,
    "buy_hold": {
      "return": 0.029316367265469045,
      "max_drawdown": -0.12551144531681957,
      "sharpe": 0.2538486653051062
    },
    "excess_return_vs_bh": -0.0010293163672654426,
    "trades": {
      "chosen_buys": 108,
      "chosen_sells": 0,
      "chosen_holds": 7,
      "executed_buys": 1,
      "executed_sells": 1,
      "invalid_actions": 107
    }
  }
}