{
  "HCLTECH": {
    "return": 0.17538082252144438,
    "max_drawdown": -0.06120389283995509,
    "sharpe": 1.822349557619833,
    "buy_hold": {
      "return": 0.22894367991845077,
      "max_drawdown": -0.0610925604380926,
      "sharpe": 2.0682029457179767
    },
    "excess_return_vs_bh": -0.05356285739700639,
    "trades": {
      "chosen_buys": 46,
      "chosen_sells": 31,
      "chosen_holds": 38,
      "executed_buys": 7,
      "executed_sells": 7,
      "invalid_actions": 63
    }
  },
  "HDFCBANK": {
    "return": 0.06541248389095022,
    "max_drawdown": -0.09285634181899756,
    "sharpe": 0.7958200800594404,
    "buy_hold": {
      "return": 0.09617755856966714,
      "max_drawdown": -0.09285634181899745,
      "sharpe": 1.0276887181776813
    },
    "excess_return_vs_bh": -0.03076507467871692,
    "trades": {
      "chosen_buys": 62,
      "chosen_sells": 3,
      "chosen_holds": 50,
      "executed_buys": 4,
      "executed_sells": 4,
      "invalid_actions": 58
    }
  },
  "HINDUNILVR": {
    "return": 0.0,
    "max_drawdown": 0.0,
    "sharpe": 0.0,
    "buy_hold": {
      "return": -0.10563675914971571,
      "max_drawdown": -0.22974690858661734,
      "sharpe": -1.133894334827567
    },
    "excess_return_vs_bh": 0.10563675914971571,
    "trades": {
      "chosen_buys": 0,
      "chosen_sells": 67,
      "chosen_holds": 48,
      "executed_buys": 0,
      "executed_sells": 0,
      "invalid_actions": 67
    }
  },
  "ICICIBANK": {
    "return": 0.053123806483869496,
    "max_drawdown": -0.0797938377036228,
    "sharpe": 0.5568691173211789,
    "buy_hold": {
      "return": 0.05260376438066583,
      "max_drawdown": -0.08625649071687407,
      "sharpe": 0.5525340074306977
    },
    "excess_return_vs_bh": 0.0005200421032036662,
    "trades": {
      "chosen_buys": 71,
      "chosen_sells": 3,
      "chosen_holds": 41,
      "executed_buys": 4,
      "executed_sells": 4,
      "invalid_actions": 67
    }
  },
  "INFY": {
    "return": 0.0636180550344203,
    "max_drawdown": -0.06789409875551983,
    "sharpe": 1.123384488214668,
    "buy_hold": {
      "return": 0.11654608828095259,
      "max_drawdown": -0.10868350185458055,
      "sharpe": 1.031910981822248
    },
    "excess_return_vs_bh": -0.05292803324653228,
    "trades": {
      "chosen_buys": 16,
      "chosen_sells": 66,
      "chosen_holds": 33,
      "executed_buys": 5,
      "executed_sells": 5,
      "invalid_actions": 72
    }
  },
  "ITC": {
    "return": 0.02057382235899552,
    "max_drawdown": -0.1262893165228933,
    "sharpe": 0.18451892905939504,
    "buy_hold": {
      "return": 0.029316367265469045,
      "max_drawdown": -0.12551144531681957,
      "sharpe": 0.2538486653051062
    },
    "excess_return_vs_bh": -0.008742544906473526,
    "trades": {
      "chosen_buys": 6,
      "chosen_sells": 2,
      "chosen_holds": 107,
      "executed_buys": 3,
      "executed_sells": 3,
      "invalid_actions": 3
    }
  }
}