{
  "HCLTECH": {
    "return": 0.20539154955788375,
    "max_drawdown": -0.061092560438092504,
    "sharpe": 1.8627567570095243,
    "buy_hold": {
      "return": 0.22894367991845077,
      "max_drawdown": -0.0610925604380926,
      "sharpe": 2.0682029457179767
    },
    "excess_return_vs_bh": -0.023552130360567025,
    "trades": {
      "chosen_buys": 108,
      "chosen_sells": 7,
      "chosen_holds": 0,
      "executed_buys": 4,
      "executed_sells": 4,
      "invalid_actions": 108
    }
  },
  "HDFCBANK": {
    "return": 0.11799593013829779,
    "max_drawdown": -0.0928563418189974,
    "sharpe": 1.2131579435353776,
    "buy_hold": {
      "return": 0.09617755856966714,
      "max_drawdown": -0.09285634181899745,
      "sharpe": 1.0276887181776813
    },
    "excess_return_vs_bh": 0.021818371568630646,
    "trades": {
      "chosen_buys": 107,
      "chosen_sells": 2,
      "chosen_holds": 6,
      "executed_buys": 3,
      "executed_sells": 3,
      "invalid_actions": 104
    }
  },
  "HINDUNILVR": {
    "return": 0.039643141760342226,
    "max_drawdown": -0.03116575903125443,
    "sharpe": 0.958557633553359,
    "buy_hold": {
      "return": -0.10563675914971571,
      "max_drawdown": -0.22974690858661734,
      "sharpe": -1.133894334827567
    },
    "excess_return_vs_bh": 0.14527990091005794,
    "trades": {
      "chosen_buys": 18,
      "chosen_sells": 97,
      "chosen_holds": 0,
      "executed_buys": 4,
      "executed_sells": 4,
      "invalid_actions": 107
    }
  },
  "ICICIBANK": {
    "return": 0.0018569404277251067,
    "max_drawdown": -0.03266662659293096,
    "sharpe": 0.04477353331490069,
    "buy_hold": {
      "return": 0.05260376438066583,
      "max_drawdown": -0.08625649071687407,
      "sharpe": 0.5525340074306977
    },
    "excess_return_vs_bh": -0.05074682395294072,
    "trades": {
      "chosen_buys": 14,
      "chosen_sells": 101,
      "chosen_holds": 0,
      "executed_buys": 3,
      "executed_sells": 3,
      "invalid_actions": 109
    }
  },
  "INFY": {
    "return": 0.004207883203095397,
    "max_drawdown": -0.10868350185458052,
    "sharpe": 0.03877319557743023,
    "buy_hold": {
      "return": 0.11654608828095259,
      "max_drawdown": -0.10868350185458055,
      "sharpe": 1.031910981822248
    },
    "excess_return_vs_bh": -0.11233820507785719,
    "trades": {
      "chosen_buys": 99,
      "chosen_sells": 16,
      "chosen_holds": 0,
      "executed_buys": 6,
      "executed_sells": 6,
      "invalid_actions": 104
    }
  },
  "ITC": {
    "return": 0.03925807721533259,
    "max_drawdown": -0.1255114453168197,
    "sharpe": 0.3464231348645962,
    "buy_hold": {
      "return": 0.029316367265469045,
      "max_drawdown": -0.12551144531681957,
      "sharpe": 0.2538486653051062
    },
    "excess_return_vs_bh": 0.009941709949863542,
    "trades": {
      "chosen_buys": 111,
      "chosen_sells": 1,
      "chosen_holds": 3,
      "executed_buys": 2,
      "executed_sells": 2,
      "invalid_actions": 109
    }
  }
}