{
  "HCLTECH": {
    "return": 0.193253960494854,
    "max_drawdown": -0.06109256043809238,
    "sharpe": 1.8337465338105132,
    "buy_hold": {
      "return": 0.22894367991845077,
      "max_drawdown": -0.0610925604380926,
      "sharpe": 2.0682029457179767
    },
    "excess_return_vs_bh": -0.03568971942359678,
    "trades": {
      "chosen_buys": 10,
      "chosen_sells": 9,
      "chosen_holds": 96,
      "executed_buys": 10,
      "executed_sells": 10,
      "invalid_actions": 0
    }
  },
  "HDFCBANK": {
    "return": 0.0904149257170852,
    "max_drawdown": -0.09376348547717851,
    "sharpe": 0.9850591616900186,
    "buy_hold": {
      "return": 0.09617755856966714,
      "max_drawdown": -0.09285634181899745,
      "sharpe": 1.0276887181776813
    },
    "excess_return_vs_bh": -0.005762632852581939,
    "trades": {
      "chosen_buys": 16,
      "chosen_sells": 1,
      "chosen_holds": 98,
      "executed_buys": 2,
      "executed_sells": 2,
      "invalid_actions": 14
    }
  },
  "HINDUNILVR": {
    "return": 0.000639483192476975,
    "max_drawdown": -0.0010000000000000009,
    "sharpe": 0.14082237607646583,
    "buy_hold": {
      "return": -0.10563675914971571,
      "max_drawdown": -0.22974690858661734,
      "sharpe": -1.133894334827567
    },
    "excess_return_vs_bh": 0.10627624234219268,
    "trades": {
      "chosen_buys": 2,
      "chosen_sells": 113,
      "chosen_holds": 0,
      "executed_buys": 2,
      "executed_sells": 2,
      "invalid_actions": 112
    }
  },
  "ICICIBANK": {
    "return": 0.04354980716630408,
    "max_drawdown": -0.08625649071687395,
    "sharpe": 0.48215102985183345,
    "buy_hold": {
      "return": 0.05260376438066583,
      "max_drawdown": -0.08625649071687407,
      "sharpe": 0.5525340074306977
    },
    "excess_return_vs_bh": -0.009053957214361752,
    "trades": {
      "chosen_buys": 3,
      "chosen_sells": 2,
      "chosen_holds": 110,
      "executed_buys": 3,
      "executed_sells": 3,
      "invalid_actions": 0
    }
  },
  "INFY": {
    "return": 0.08186871785660088,
    "max_drawdown": -0.10868350185458064,
    "sharpe": 0.721586860890702,
    "buy_hold": {
      "return": 0.11654608828095259,
      "max_drawdown": -0.10868350185458055,
      "sharpe": 1.031910981822248
    },
    "excess_return_vs_bh": -0.034677370424351706,
    "trades": {
      "chosen_buys": 6,
      "chosen_sells": 5,
      "chosen_holds": 104,
      "executed_buys": 6,
      "executed_sells": 6,
      "invalid_actions": 0
    }
  },
  "ITC": {
    "return": 0.03253450402688185,
    "max_drawdown": -0.12551144531681954,
    "sharpe": 0.29093354103111774,
    "buy_hold": {
      "return": 0.029316367265469045,
      "max_drawdown": -0.12551144531681957,
      "sharpe": 0.2538486653051062
    },
    "excess_return_vs_bh": 0.0032181367614128042,
    "trades": {
      "chosen_buys": 31,
      "chosen_sells": 1,
      "chosen_holds": 83,
      "executed_buys": 2,
      "executed_sells": 2,
      "invalid_actions": 29
    }
  }
}