{
  "HCLTECH": {
    "return": 0.0,
    "max_drawdown": 0.0,
    "sharpe": 0.0,
    "buy_hold": {
      "return": 0.22894367991845077,
      "max_drawdown": -0.0610925604380926,
      "sharpe": 2.0682029457179767
    },
    "excess_return_vs_bh": -0.22894367991845077,
    "trades": {
      "chosen_buys": 0,
      "chosen_sells": 0,
      "chosen_holds": 115,
      "executed_buys": 0,
      "executed_sells": 0,
      "invalid_actions": 0
    }
  },
  "HDFCBANK": {
    "return": 0.09508138101109753,
    "max_drawdown": -0.0928563418189974,
    "sharpe": 1.0276887181776824,
    "buy_hold": {
      "return": 0.09617755856966714,
      "max_drawdown": -0.09285634181899745,
      "sharpe": 1.0276887181776813
    },
    "excess_return_vs_bh": -0.001096177558569611,
    "trades": {
      "chosen_buys": 106,
      "chosen_sells": 0,
      "chosen_holds": 9,
      "executed_buys": 1,
      "executed_sells": 1,
      "invalid_actions": 105
    }
  },
  "HINDUNILVR": {
    "return": -0.17372891226088805,
    "max_drawdown": -0.17751914660831514,
    "sharpe": -2.136375612115156,
    "buy_hold": {
      "return": -0.10563675914971571,
      "max_drawdown": -0.22974690858661734,
      "sharpe": -1.133894334827567
    },
    "excess_return_vs_bh": -0.06809215311117234,
    "trades": {
      "chosen_buys": 50,
      "chosen_sells": 0,
      "chosen_holds": 65,
      "executed_buys": 1,
      "executed_sells": 1,
      "invalid_actions": 49
    }
  },
  "ICICIBANK": {
    "return": 0.034436015356314575,
    "max_drawdown": -0.08625649071687407,
    "sharpe": 0.3680741700722477,
    "buy_hold": {
      "return": 0.05260376438066583,
      "max_drawdown": -0.08625649071687407,
      "sharpe": 0.5525340074306977
    },
    "excess_return_vs_bh": -0.018167749024351254,
    "trades": {
      "chosen_buys": 19,
      "chosen_sells": 0,
      "chosen_holds": 96,
      "executed_buys": 1,
      "executed_sells": 1,
      "invalid_actions": 18
    }
  },
  "INFY": {
    "return": 0.036580107790298744,
    "max_drawdown": -0.10868350185458062,
    "sharpe": 0.3216829302257799,
    "buy_hold": {
      "return": 0.11654608828095259,
      "max_drawdown": -0.10868350185458055,
      "sharpe": 1.031910981822248
    },
    "excess_return_vs_bh": -0.07996598049065384,
    "trades": {
      "chosen_buys": 12,
      "chosen_sells": 0,
      "chosen_holds": 103,
      "executed_buys": 1,
      "executed_sells": 1,
      "invalid_actions": 11
    }
  },
  "ITC": {
    "return": 0.028287050898203603,
    "max_drawdown": -0.12551144531681963,
    "sharpe": 0.2538486653051068,
    "buy_hold": {
      "return": 0.029316367265469045,
      "max_drawdown": -0.12551144531681957,
      "sharpe": 0.2538486653051062
    },
    "excess_return_vs_bh": -0.0010293163672654426,
    "trades": {
      "chosen_buys": 115,
      "chosen_sells": 0,
      "chosen_holds": 0,
      "executed_buys": 1,
      "executed_sells": 1,
      "invalid_actions": 114
    }
  }
}