{
  "HCLTECH": {
    "return": 0.2051133759533441,
    "max_drawdown": -0.062031467877654546,
    "sharpe": 1.9338724170061043,
    "buy_hold": {
      "return": 0.22894367991845077,
      "max_drawdown": -0.0610925604380926,
      "sharpe": 2.0682029457179767
    },
    "excess_return_vs_bh": -0.02383030396510666,
    "trades": {
      "chosen_buys": 41,
      "chosen_sells": 19,
      "chosen_holds": 55,
      "executed_buys": 20,
      "executed_sells": 20,
      "invalid_actions": 21
    }
  },
  "HDFCBANK": {
    "return": 0.09299254639419918,
    "max_drawdown": -0.0928563418189974,
    "sharpe": 1.0030085209416293,
    "buy_hold": {
      "return": 0.09617755856966714,
      "max_drawdown": -0.09285634181899745,
      "sharpe": 1.0276887181776813
    },
    "excess_return_vs_bh": -0.0031850121754679606,
    "trades": {
      "chosen_buys": 43,
      "chosen_sells": 1,
      "chosen_holds": 71,
      "executed_buys": 2,
      "executed_sells": 2,
      "invalid_actions": 41
    }
  },
  "HINDUNILVR": {
    "return": 0.0,
    "max_drawdown": 0.0,
    "sharpe": 0.0,
    "buy_hold": {
      "return": -0.10563675914971571,
      "max_drawdown": -0.22974690858661734,
      "sharpe": -1.133894334827567
    },
    "excess_return_vs_bh": 0.10563675914971571,
    "trades": {
      "chosen_buys": 0,
      "chosen_sells": 115,
      "chosen_holds": 0,
      "executed_buys": 0,
      "executed_sells": 0,
      "invalid_actions": 115
    }
  },
  "ICICIBANK": {
    "return": -0.04244922135032714,
    "max_drawdown": -0.09504071760333158,
    "sharpe": -0.5290220752351432,
    "buy_hold": {
      "return": 0.05260376438066583,
      "max_drawdown": -0.08625649071687407,
      "sharpe": 0.5525340074306977
    },
    "excess_return_vs_bh": -0.09505298573099297,
    "trades": {
      "chosen_buys": 82,
      "chosen_sells": 33,
      "chosen_holds": 0,
      "executed_buys": 34,
      "executed_sells": 34,
      "invalid_actions": 48
    }
  },
  "INFY": {
    "return": 0.06846403213830632,
    "max_drawdown": -0.07854423114420231,
    "sharpe": 0.911000871183394,
    "buy_hold": {
      "return": 0.11654608828095259,
      "max_drawdown": -0.10868350185458055,
      "sharpe": 1.031910981822248
    },
    "excess_return_vs_bh": -0.04808205614264627,
    "trades": {
      "chosen_buys": 41,
      "chosen_sells": 62,
      "chosen_holds": 12,
      "executed_buys": 17,
      "executed_sells": 17,
      "invalid_actions": 69
    }
  },
  "ITC": {
    "return": 0.026461678303492775,
    "max_drawdown": -0.12628931652289319,
    "sharpe": 0.23821785359902145,
    "buy_hold": {
      "return": 0.029316367265469045,
      "max_drawdown": -0.12551144531681957,
      "sharpe": 0.2538486653051062
    },
    "excess_return_vs_bh": -0.0028546889619762705,
    "trades": {
      "chosen_buys": 91,
      "chosen_sells": 1,
      "chosen_holds": 23,
      "executed_buys": 2,
      "executed_sells": 2,
      "invalid_actions": 89
    }
  }
}