{
  "HCLTECH": {
    "return": 0.06713943951435275,
    "max_drawdown": -0.05159503226591991,
    "sharpe": 1.3604621479963197,
    "buy_hold": {
      "return": 0.22894367991845077,
      "max_drawdown": -0.0610925604380926,
      "sharpe": 2.0682029457179767
    },
    "excess_return_vs_bh": -0.16180424040409802,
    "trades": {
      "chosen_buys": 21,
      "chosen_sells": 43,
      "chosen_holds": 51,
      "executed_buys": 2,
      "executed_sells": 2,
      "invalid_actions": 60
    }
  },
  "HDFCBANK": {
    "return": 0.0904149257170852,
    "max_drawdown": -0.09376348547717851,
    "sharpe": 0.9850591616900186,
    "buy_hold": {
      "return": 0.09617755856966714,
      "max_drawdown": -0.09285634181899745,
      "sharpe": 1.0276887181776813
    },
    "excess_return_vs_bh": -0.005762632852581939,
    "trades": {
      "chosen_buys": 107,
      "chosen_sells": 1,
      "chosen_holds": 7,
      "executed_buys": 2,
      "executed_sells": 2,
      "invalid_actions": 105
    }
  },
  "HINDUNILVR": {
    "return": 0.0,
    "max_drawdown": 0.0,
    "sharpe": 0.0,
    "buy_hold": {
      "return": -0.10563675914971571,
      "max_drawdown": -0.22974690858661734,
      "sharpe": -1.133894334827567
    },
    "excess_return_vs_bh": 0.10563675914971571,
    "trades": {
      "chosen_buys": 0,
      "chosen_sells": 0,
      "chosen_holds": 115,
      "executed_buys": 0,
      "executed_sells": 0,
      "invalid_actions": 0
    }
  },
  "ICICIBANK": {
    "return": 0.0,
    "max_drawdown": 0.0,
    "sharpe": 0.0,
    "buy_hold": {
      "return": 0.05260376438066583,
      "max_drawdown": -0.08625649071687407,
      "sharpe": 0.5525340074306977
    },
    "excess_return_vs_bh": -0.05260376438066583,
    "trades": {
      "chosen_buys": 0,
      "chosen_sells": 115,
      "chosen_holds": 0,
      "executed_buys": 0,
      "executed_sells": 0,
      "invalid_actions": 115
    }
  },
  "INFY": {
    "return": 0.08250096936043749,
    "max_drawdown": -0.07317747086060997,
    "sharpe": 1.2247646427777605,
    "buy_hold": {
      "return": 0.11654608828095259,
      "max_drawdown": -0.10868350185458055,
      "sharpe": 1.031910981822248
    },
    "excess_return_vs_bh": -0.034045118920515094,
    "trades": {
      "chosen_buys": 26,
      "chosen_sells": 6,
      "chosen_holds": 83,
      "executed_buys": 3,
      "executed_sells": 3,
      "invalid_actions": 26
    }
  },
  "ITC": {
    "return": 0.03178117887813259,
    "max_drawdown": -0.1255114453168197,
    "sharpe": 0.28445901866907847,
    "buy_hold": {
      "return": 0.029316367265469045,
      "max_drawdown": -0.12551144531681957,
      "sharpe": 0.2538486653051062
    },
    "excess_return_vs_bh": 0.002464811612663542,
    "trades": {
      "chosen_buys": 95,
      "chosen_sells": 1,
      "chosen_holds": 19,
      "executed_buys": 2,
      "executed_sells": 2,
      "invalid_actions": 93
    }
  }
}