{
  "HCLTECH": {
    "return": 0.0,
    "max_drawdown": 0.0,
    "sharpe": 0.0,
    "buy_hold": {
      "return": 0.22894367991845077,
      "max_drawdown": -0.0610925604380926,
      "sharpe": 2.0682029457179767
    },
    "excess_return_vs_bh": -0.22894367991845077,
    "trades": {
      "chosen_buys": 0,
      "chosen_sells": 67,
      "chosen_holds": 48,
      "executed_buys": 0,
      "executed_sells": 0,
      "invalid_actions": 67
    }
  },
  "HDFCBANK": {
    "return": -0.020950738216767406,
    "max_drawdown": -0.09285634181899756,
    "sharpe": -0.2618995846970349,
    "buy_hold": {
      "return": 0.09617755856966714,
      "max_drawdown": -0.09285634181899745,
      "sharpe": 1.0276887181776813
    },
    "excess_return_vs_bh": -0.11712829678643455,
    "trades": {
      "chosen_buys": 34,
      "chosen_sells": 8,
      "chosen_holds": 73,
      "executed_buys": 9,
      "executed_sells": 9,
      "invalid_actions": 25
    }
  },
  "HINDUNILVR": {
    "return": 0.0,
    "max_drawdown": 0.0,
    "sharpe": 0.0,
    "buy_hold": {
      "return": -0.10563675914971571,
      "max_drawdown": -0.22974690858661734,
      "sharpe": -1.133894334827567
    },
    "excess_return_vs_bh": 0.10563675914971571,
    "trades": {
      "chosen_buys": 0,
      "chosen_sells": 68,
      "chosen_holds": 47,
      "executed_buys": 0,
      "executed_sells": 0,
      "invalid_actions": 68
    }
  },
  "ICICIBANK": {
    "return": 0.0,
    "max_drawdown": 0.0,
    "sharpe": 0.0,
    "buy_hold": {
      "return": 0.05260376438066583,
      "max_drawdown": -0.08625649071687407,
      "sharpe": 0.5525340074306977
    },
    "excess_return_vs_bh": -0.05260376438066583,
    "trades": {
      "chosen_buys": 0,
      "chosen_sells": 101,
      "chosen_holds": 14,
      "executed_buys": 0,
      "executed_sells": 0,
      "invalid_actions": 101
    }
  },
  "INFY": {
    "return": 0.0,
    "max_drawdown": 0.0,
    "sharpe": 0.0,
    "buy_hold": {
      "return": 0.11654608828095259,
      "max_drawdown": -0.10868350185458055,
      "sharpe": 1.031910981822248
    },
    "excess_return_vs_bh": -0.11654608828095259,
    "trades": {
      "chosen_buys": 0,
      "chosen_sells": 68,
      "chosen_holds": 47,
      "executed_buys": 0,
      "executed_sells": 0,
      "invalid_actions": 68
    }
  },
  "ITC": {
    "return": 0.020099940493629287,
    "max_drawdown": -0.12628931652289327,
    "sharpe": 0.18235905468072067,
    "buy_hold": {
      "return": 0.029316367265469045,
      "max_drawdown": -0.12551144531681957,
      "sharpe": 0.2538486653051062
    },
    "excess_return_vs_bh": -0.009216426771839759,
    "trades": {
      "chosen_buys": 34,
      "chosen_sells": 2,
      "chosen_holds": 79,
      "executed_buys": 3,
      "executed_sells": 3,
      "invalid_actions": 31
    }
  }
}