{
  "HCLTECH": {
    "return": 0.09259913469461178,
    "max_drawdown": -0.05159503226591992,
    "sharpe": 1.5261452033357772,
    "buy_hold": {
      "return": 0.22894367991845077,
      "max_drawdown": -0.0610925604380926,
      "sharpe": 2.0682029457179767
    },
    "excess_return_vs_bh": -0.136344545223839,
    "trades": {
      "chosen_buys": 27,
      "chosen_sells": 88,
      "chosen_holds": 0,
      "executed_buys": 2,
      "executed_sells": 2,
      "invalid_actions": 111
    }
  },
  "HDFCBANK": {
    "return": 0.08858941880555271,
    "max_drawdown": -0.09285634181899739,
    "sharpe": 0.948945654449644,
    "buy_hold": {
      "return": 0.09617755856966714,
      "max_drawdown": -0.09285634181899745,
      "sharpe": 1.0276887181776813
    },
    "excess_return_vs_bh": -0.007588139764114432,
    "trades": {
      "chosen_buys": 99,
      "chosen_sells": 2,
      "chosen_holds": 14,
      "executed_buys": 3,
      "executed_sells": 3,
      "invalid_actions": 96
    }
  },
  "HINDUNILVR": {
    "return": 0.0,
    "max_drawdown": 0.0,
    "sharpe": 0.0,
    "buy_hold": {
      "return": -0.10563675914971571,
      "max_drawdown": -0.22974690858661734,
      "sharpe": -1.133894334827567
    },
    "excess_return_vs_bh": 0.10563675914971571,
    "trades": {
      "chosen_buys": 0,
      "chosen_sells": 115,
      "chosen_holds": 0,
      "executed_buys": 0,
      "executed_sells": 0,
      "invalid_actions": 115
    }
  },
  "ICICIBANK": {
    "return": 0.0,
    "max_drawdown": 0.0,
    "sharpe": 0.0,
    "buy_hold": {
      "return": 0.05260376438066583,
      "max_drawdown": -0.08625649071687407,
      "sharpe": 0.5525340074306977
    },
    "excess_return_vs_bh": -0.05260376438066583,
    "trades": {
      "chosen_buys": 0,
      "chosen_sells": 115,
      "chosen_holds": 0,
      "executed_buys": 0,
      "executed_sells": 0,
      "invalid_actions": 115
    }
  },
  "INFY": {
    "return": 0.12277072240999654,
    "max_drawdown": -0.07138481208214581,
    "sharpe": 1.706313352929691,
    "buy_hold": {
      "return": 0.11654608828095259,
      "max_drawdown": -0.10868350185458055,
      "sharpe": 1.031910981822248
    },
    "excess_return_vs_bh": 0.006224634129043949,
    "trades": {
      "chosen_buys": 28,
      "chosen_sells": 87,
      "chosen_holds": 0,
      "executed_buys": 3,
      "executed_sells": 3,
      "invalid_actions": 109
    }
  },
  "ITC": {
    "return": 0.03178117887813259,
    "max_drawdown": -0.1255114453168197,
    "sharpe": 0.28445901866907847,
    "buy_hold": {
      "return": 0.029316367265469045,
      "max_drawdown": -0.12551144531681957,
      "sharpe": 0.2538486653051062
    },
    "excess_return_vs_bh": 0.002464811612663542,
    "trades": {
      "chosen_buys": 100,
      "chosen_sells": 1,
      "chosen_holds": 14,
      "executed_buys": 2,
      "executed_sells": 2,
      "invalid_actions": 98
    }
  }
}