{
  "HCLTECH": {
    "return": 0.21685367564706182,
    "max_drawdown": -0.06120389283995506,
    "sharpe": 1.9734298438416957,
    "buy_hold": {
      "return": 0.22894367991845077,
      "max_drawdown": -0.0610925604380926,
      "sharpe": 2.0682029457179767
    },
    "excess_return_vs_bh": -0.012090004271388954,
    "trades": {
      "chosen_buys": 69,
      "chosen_sells": 5,
      "chosen_holds": 41,
      "executed_buys": 6,
      "executed_sells": 6,
      "invalid_actions": 63
    }
  },
  "HDFCBANK": {
    "return": 0.08141521714848632,
    "max_drawdown": -0.09285634181899756,
    "sharpe": 0.8628360757506759,
    "buy_hold": {
      "return": 0.09617755856966714,
      "max_drawdown": -0.09285634181899745,
      "sharpe": 1.0276887181776813
    },
    "excess_return_vs_bh": -0.014762341421180825,
    "trades": {
      "chosen_buys": 17,
      "chosen_sells": 1,
      "chosen_holds": 97,
      "executed_buys": 2,
      "executed_sells": 2,
      "invalid_actions": 15
    }
  },
  "HINDUNILVR": {
    "return": -0.12061377763824965,
    "max_drawdown": -0.23051716167803082,
    "sharpe": -1.3127717197741187,
    "buy_hold": {
      "return": -0.10563675914971571,
      "max_drawdown": -0.22974690858661734,
      "sharpe": -1.133894334827567
    },
    "excess_return_vs_bh": -0.014977018488533944,
    "trades": {
      "chosen_buys": 72,
      "chosen_sells": 8,
      "chosen_holds": 35,
      "executed_buys": 9,
      "executed_sells": 9,
      "invalid_actions": 63
    }
  },
  "ICICIBANK": {
    "return": 0.06267428722391277,
    "max_drawdown": -0.07979383770362287,
    "sharpe": 0.6419028772169953,
    "buy_hold": {
      "return": 0.05260376438066583,
      "max_drawdown": -0.08625649071687407,
      "sharpe": 0.5525340074306977
    },
    "excess_return_vs_bh": 0.010070522843246943,
    "trades": {
      "chosen_buys": 93,
      "chosen_sells": 1,
      "chosen_holds": 21,
      "executed_buys": 2,
      "executed_sells": 2,
      "invalid_actions": 91
    }
  },
  "INFY": {
    "return": 0.09445069126177419,
    "max_drawdown": -0.10868350185458035,
    "sharpe": 0.842079655024843,
    "buy_hold": {
      "return": 0.11654608828095259,
      "max_drawdown": -0.10868350185458055,
      "sharpe": 1.031910981822248
    },
    "excess_return_vs_bh": -0.022095397019178398,
    "trades": {
      "chosen_buys": 96,
      "chosen_sells": 5,
      "chosen_holds": 14,
      "executed_buys": 6,
      "executed_sells": 6,
      "invalid_actions": 90
    }
  },
  "ITC": {
    "return": 0.03898873969124139,
    "max_drawdown": -0.12551144531681954,
    "sharpe": 0.3505876613642195,
    "buy_hold": {
      "return": 0.029316367265469045,
      "max_drawdown": -0.12551144531681957,
      "sharpe": 0.2538486653051062
    },
    "excess_return_vs_bh": 0.009672372425772346,
    "trades": {
      "chosen_buys": 8,
      "chosen_sells": 1,
      "chosen_holds": 106,
      "executed_buys": 2,
      "executed_sells": 2,
      "invalid_actions": 6
    }
  }
}