{
  "HCLTECH": {
    "return": 0.06713943951435275,
    "max_drawdown": -0.05159503226591991,
    "sharpe": 1.3604621479963197,
    "buy_hold": {
      "return": 0.22894367991845077,
      "max_drawdown": -0.0610925604380926,
      "sharpe": 2.0682029457179767
    },
    "excess_return_vs_bh": -0.16180424040409802,
    "trades": {
      "chosen_buys": 22,
      "chosen_sells": 93,
      "chosen_holds": 0,
      "executed_buys": 2,
      "executed_sells": 2,
      "invalid_actions": 111
    }
  },
  "HDFCBANK": {
    "return": 0.07595653348035669,
    "max_drawdown": -0.09285634181899756,
    "sharpe": 0.803207196847255,
    "buy_hold": {
      "return": 0.09617755856966714,
      "max_drawdown": -0.09285634181899745,
      "sharpe": 1.0276887181776813
    },
    "excess_return_vs_bh": -0.02022102508931045,
    "trades": {
      "chosen_buys": 113,
      "chosen_sells": 2,
      "chosen_holds": 0,
      "executed_buys": 3,
      "executed_sells": 3,
      "invalid_actions": 110
    }
  },
  "HINDUNILVR": {
    "return": 0.0,
    "max_drawdown": 0.0,
    "sharpe": 0.0,
    "buy_hold": {
      "return": -0.10563675914971571,
      "max_drawdown": -0.22974690858661734,
      "sharpe": -1.133894334827567
    },
    "excess_return_vs_bh": 0.10563675914971571,
    "trades": {
      "chosen_buys": 0,
      "chosen_sells": 115,
      "chosen_holds": 0,
      "executed_buys": 0,
      "executed_sells": 0,
      "invalid_actions": 115
    }
  },
  "ICICIBANK": {
    "return": 0.0,
    "max_drawdown": 0.0,
    "sharpe": 0.0,
    "buy_hold": {
      "return": 0.05260376438066583,
      "max_drawdown": -0.08625649071687407,
      "sharpe": 0.5525340074306977
    },
    "excess_return_vs_bh": -0.05260376438066583,
    "trades": {
      "chosen_buys": 0,
      "chosen_sells": 115,
      "chosen_holds": 0,
      "executed_buys": 0,
      "executed_sells": 0,
      "invalid_actions": 115
    }
  },
  "INFY": {
    "return": 0.02784722594534439,
    "max_drawdown": 0.0,
    "sharpe": 1.0034337167755019,
    "buy_hold": {
      "return": 0.11654608828095259,
      "max_drawdown": -0.10868350185458055,
      "sharpe": 1.031910981822248
    },
    "excess_return_vs_bh": -0.0886988623356082,
    "trades": {
      "chosen_buys": 2,
      "chosen_sells": 113,
      "chosen_holds": 0,
      "executed_buys": 1,
      "executed_sells": 1,
      "invalid_actions": 113
    }
  },
  "ITC": {
    "return": 0.03898873969124139,
    "max_drawdown": -0.12551144531681954,
    "sharpe": 0.3505876613642195,
    "buy_hold": {
      "return": 0.029316367265469045,
      "max_drawdown": -0.12551144531681957,
      "sharpe": 0.2538486653051062
    },
    "excess_return_vs_bh": 0.009672372425772346,
    "trades": {
      "chosen_buys": 109,
      "chosen_sells": 1,
      "chosen_holds": 5,
      "executed_buys": 2,
      "executed_sells": 2,
      "invalid_actions": 107
    }
  }
}