{
  "HCLTECH": {
    "return": 0.0,
    "max_drawdown": 0.0,
    "sharpe": 0.0,
    "buy_hold": {
      "return": 0.22894367991845077,
      "max_drawdown": -0.0610925604380926,
      "sharpe": 2.0682029457179767
    },
    "excess_return_vs_bh": -0.22894367991845077,
    "trades": {
      "chosen_buys": 0,
      "chosen_sells": 102,
      "chosen_holds": 13,
      "executed_buys": 0,
      "executed_sells": 0,
      "invalid_actions": 102
    }
  },
  "HDFCBANK": {
    "return": 0.02963876506040619,
    "max_drawdown": -0.07659952586496224,
    "sharpe": 0.41227986209816886,
    "buy_hold": {
      "return": 0.09617755856966714,
      "max_drawdown": -0.09285634181899745,
      "sharpe": 1.0276887181776813
    },
    "excess_return_vs_bh": -0.06653879350926095,
    "trades": {
      "chosen_buys": 29,
      "chosen_sells": 35,
      "chosen_holds": 51,
      "executed_buys": 29,
      "executed_sells": 29,
      "invalid_actions": 6
    }
  },
  "HINDUNILVR": {
    "return": 0.0,
    "max_drawdown": 0.0,
    "sharpe": 0.0,
    "buy_hold": {
      "return": -0.10563675914971571,
      "max_drawdown": -0.22974690858661734,
      "sharpe": -1.133894334827567
    },
    "excess_return_vs_bh": 0.10563675914971571,
    "trades": {
      "chosen_buys": 0,
      "chosen_sells": 79,
      "chosen_holds": 36,
      "executed_buys": 0,
      "executed_sells": 0,
      "invalid_actions": 79
    }
  },
  "ICICIBANK": {
    "return": 0.0,
    "max_drawdown": 0.0,
    "sharpe": 0.0,
    "buy_hold": {
      "return": 0.05260376438066583,
      "max_drawdown": -0.08625649071687407,
      "sharpe": 0.5525340074306977
    },
    "excess_return_vs_bh": -0.05260376438066583,
    "trades": {
      "chosen_buys": 0,
      "chosen_sells": 0,
      "chosen_holds": 115,
      "executed_buys": 0,
      "executed_sells": 0,
      "invalid_actions": 0
    }
  },
  "INFY": {
    "return": 0.0,
    "max_drawdown": 0.0,
    "sharpe": 0.0,
    "buy_hold": {
      "return": 0.11654608828095259,
      "max_drawdown": -0.10868350185458055,
      "sharpe": 1.031910981822248
    },
    "excess_return_vs_bh": -0.11654608828095259,
    "trades": {
      "chosen_buys": 0,
      "chosen_sells": 97,
      "chosen_holds": 18,
      "executed_buys": 0,
      "executed_sells": 0,
      "invalid_actions": 97
    }
  },
  "ITC": {
    "return": 0.027055329786801474,
    "max_drawdown": -0.12551144531681982,
    "sharpe": 0.240519418457168,
    "buy_hold": {
      "return": 0.029316367265469045,
      "max_drawdown": -0.12551144531681957,
      "sharpe": 0.2538486653051062
    },
    "excess_return_vs_bh": -0.0022610374786675713,
    "trades": {
      "chosen_buys": 4,
      "chosen_sells": 3,
      "chosen_holds": 108,
      "executed_buys": 4,
      "executed_sells": 4,
      "invalid_actions": 0
    }
  }
}