{
  "HCLTECH": {
    "return": 0.0,
    "max_drawdown": 0.0,
    "sharpe": 0.0,
    "buy_hold": {
      "return": 0.22894367991845077,
      "max_drawdown": -0.0610925604380926,
      "sharpe": 2.0682029457179767
    },
    "excess_return_vs_bh": -0.22894367991845077,
    "trades": {
      "chosen_buys": 0,
      "chosen_sells": 0,
      "chosen_holds": 115,
      "executed_buys": 0,
      "executed_sells": 0,
      "invalid_actions": 0
    }
  },
  "HDFCBANK": {
    "return": 0.1526097905443322,
    "max_drawdown": -0.06373409801876939,
    "sharpe": 1.6420394470069193,
    "buy_hold": {
      "return": 0.09617755856966714,
      "max_drawdown": -0.09285634181899745,
      "sharpe": 1.0276887181776813
    },
    "excess_return_vs_bh": 0.05643223197466507,
    "trades": {
      "chosen_buys": 21,
      "chosen_sells": 2,
      "chosen_holds": 92,
      "executed_buys": 2,
      "executed_sells": 2,
      "invalid_actions": 19
    }
  },
  "HINDUNILVR": {
    "return": 0.0,
    "max_drawdown": 0.0,
    "sharpe": 0.0,
    "buy_hold": {
      "return": -0.10563675914971571,
      "max_drawdown": -0.22974690858661734,
      "sharpe": -1.133894334827567
    },
    "excess_return_vs_bh": 0.10563675914971571,
    "trades": {
      "chosen_buys": 0,
      "chosen_sells": 33,
      "chosen_holds": 82,
      "executed_buys": 0,
      "executed_sells": 0,
      "invalid_actions": 33
    }
  },
  "ICICIBANK": {
    "return": 0.0,
    "max_drawdown": 0.0,
    "sharpe": 0.0,
    "buy_hold": {
      "return": 0.05260376438066583,
      "max_drawdown": -0.08625649071687407,
      "sharpe": 0.5525340074306977
    },
    "excess_return_vs_bh": -0.05260376438066583,
    "trades": {
      "chosen_buys": 0,
      "chosen_sells": 0,
      "chosen_holds": 115,
      "executed_buys": 0,
      "executed_sells": 0,
      "invalid_actions": 0
    }
  },
  "INFY": {
    "return": 0.0,
    "max_drawdown": 0.0,
    "sharpe": 0.0,
    "buy_hold": {
      "return": 0.11654608828095259,
      "max_drawdown": -0.10868350185458055,
      "sharpe": 1.031910981822248
    },
    "excess_return_vs_bh": -0.11654608828095259,
    "trades": {
      "chosen_buys": 0,
      "chosen_sells": 1,
      "chosen_holds": 114,
      "executed_buys": 0,
      "executed_sells": 0,
      "invalid_actions": 1
    }
  },
  "ITC": {
    "return": -0.039418599230858886,
    "max_drawdown": -0.12551144531681951,
    "sharpe": -0.43536991385035434,
    "buy_hold": {
      "return": 0.029316367265469045,
      "max_drawdown": -0.12551144531681957,
      "sharpe": 0.2538486653051062
    },
    "excess_return_vs_bh": -0.06873496649632793,
    "trades": {
      "chosen_buys": 36,
      "chosen_sells": 0,
      "chosen_holds": 79,
      "executed_buys": 1,
      "executed_sells": 1,
      "invalid_actions": 35
    }
  }
}