{
  "HCLTECH": {
    "return": 0.20191097379604628,
    "max_drawdown": -0.0610925604380926,
    "sharpe": 1.8945686120962741,
    "buy_hold": {
      "return": 0.22894367991845077,
      "max_drawdown": -0.0610925604380926,
      "sharpe": 2.0682029457179767
    },
    "excess_return_vs_bh": -0.027032706122404493,
    "trades": {
      "chosen_buys": 29,
      "chosen_sells": 13,
      "chosen_holds": 73,
      "executed_buys": 14,
      "executed_sells": 14,
      "invalid_actions": 15
    }
  },
  "HDFCBANK": {
    "return": 0.07164267054160556,
    "max_drawdown": -0.09285634181899752,
    "sharpe": 0.747566609808581,
    "buy_hold": {
      "return": 0.09617755856966714,
      "max_drawdown": -0.09285634181899745,
      "sharpe": 1.0276887181776813
    },
    "excess_return_vs_bh": -0.024534888028061586,
    "trades": {
      "chosen_buys": 9,
      "chosen_sells": 3,
      "chosen_holds": 103,
      "executed_buys": 4,
      "executed_sells": 4,
      "invalid_actions": 5
    }
  },
  "HINDUNILVR": {
    "return": -0.14571612818663615,
    "max_drawdown": -0.17493252262092424,
    "sharpe": -1.581518564007072,
    "buy_hold": {
      "return": -0.10563675914971571,
      "max_drawdown": -0.22974690858661734,
      "sharpe": -1.133894334827567
    },
    "excess_return_vs_bh": -0.04007936903692044,
    "trades": {
      "chosen_buys": 70,
      "chosen_sells": 40,
      "chosen_holds": 5,
      "executed_buys": 29,
      "executed_sells": 29,
      "invalid_actions": 53
    }
  },
  "ICICIBANK": {
    "return": -0.025708593998023166,
    "max_drawdown": -0.08717023422615719,
    "sharpe": -0.27973049349383117,
    "buy_hold": {
      "return": 0.05260376438066583,
      "max_drawdown": -0.08625649071687407,
      "sharpe": 0.5525340074306977
    },
    "excess_return_vs_bh": -0.078312358378689,
    "trades": {
      "chosen_buys": 7,
      "chosen_sells": 6,
      "chosen_holds": 102,
      "executed_buys": 7,
      "executed_sells": 7,
      "invalid_actions": 0
    }
  },
  "INFY": {
    "return": 0.021608379979536574,
    "max_drawdown": -0.10868350185458048,
    "sharpe": 0.2001586256505342,
    "buy_hold": {
      "return": 0.11654608828095259,
      "max_drawdown": -0.10868350185458055,
      "sharpe": 1.031910981822248
    },
    "excess_return_vs_bh": -0.09493770830141601,
    "trades": {
      "chosen_buys": 58,
      "chosen_sells": 13,
      "chosen_holds": 44,
      "executed_buys": 14,
      "executed_sells": 14,
      "invalid_actions": 44
    }
  },
  "ITC": {
    "return": -0.01766606209335997,
    "max_drawdown": -0.15316064606218252,
    "sharpe": -0.16072778302843288,
    "buy_hold": {
      "return": 0.029316367265469045,
      "max_drawdown": -0.12551144531681957,
      "sharpe": 0.2538486653051062
    },
    "excess_return_vs_bh": -0.046982429358829014,
    "trades": {
      "chosen_buys": 83,
      "chosen_sells": 2,
      "chosen_holds": 30,
      "executed_buys": 3,
      "executed_sells": 3,
      "invalid_actions": 80
    }
  }
}