{
  "HCLTECH": {
    "return": 0.20817416074304185,
    "max_drawdown": -0.051595032265919785,
    "sharpe": 1.9661928964350115,
    "buy_hold": {
      "return": 0.22894367991845077,
      "max_drawdown": -0.0610925604380926,
      "sharpe": 2.0682029457179767
    },
    "excess_return_vs_bh": -0.020769519175408924,
    "trades": {
      "chosen_buys": 96,
      "chosen_sells": 13,
      "chosen_holds": 6,
      "executed_buys": 14,
      "executed_sells": 14,
      "invalid_actions": 82
    }
  },
  "HDFCBANK": {
    "return": 0.05800935460125878,
    "max_drawdown": -0.09285634181899742,
    "sharpe": 0.640334397725438,
    "buy_hold": {
      "return": 0.09617755856966714,
      "max_drawdown": -0.09285634181899745,
      "sharpe": 1.0276887181776813
    },
    "excess_return_vs_bh": -0.038168203968408365,
    "trades": {
      "chosen_buys": 58,
      "chosen_sells": 3,
      "chosen_holds": 54,
      "executed_buys": 4,
      "executed_sells": 4,
      "invalid_actions": 54
    }
  },
  "HINDUNILVR": {
    "return": -0.10635307816669526,
    "max_drawdown": -0.19819864518167918,
    "sharpe": -1.0747356126227738,
    "buy_hold": {
      "return": -0.10563675914971571,
      "max_drawdown": -0.22974690858661734,
      "sharpe": -1.133894334827567
    },
    "excess_return_vs_bh": -0.0007163190169795497,
    "trades": {
      "chosen_buys": 92,
      "chosen_sells": 19,
      "chosen_holds": 4,
      "executed_buys": 20,
      "executed_sells": 20,
      "invalid_actions": 72
    }
  },
  "ICICIBANK": {
    "return": 0.029996964474479082,
    "max_drawdown": -0.07386218658117609,
    "sharpe": 0.38259830514001664,
    "buy_hold": {
      "return": 0.05260376438066583,
      "max_drawdown": -0.08625649071687407,
      "sharpe": 0.5525340074306977
    },
    "excess_return_vs_bh": -0.022606799906186748,
    "trades": {
      "chosen_buys": 83,
      "chosen_sells": 11,
      "chosen_holds": 21,
      "executed_buys": 12,
      "executed_sells": 12,
      "invalid_actions": 71
    }
  },
  "INFY": {
    "return": 0.07452526117525893,
    "max_drawdown": -0.10868350185458055,
    "sharpe": 0.6881697031790391,
    "buy_hold": {
      "return": 0.11654608828095259,
      "max_drawdown": -0.10868350185458055,
      "sharpe": 1.031910981822248
    },
    "excess_return_vs_bh": -0.04202082710569366,
    "trades": {
      "chosen_buys": 95,
      "chosen_sells": 14,
      "chosen_holds": 6,
      "executed_buys": 15,
      "executed_sells": 15,
      "invalid_actions": 80
    }
  },
  "ITC": {
    "return": 0.02171070426654831,
    "max_drawdown": -0.1255114453168197,
    "sharpe": 0.1944224618482029,
    "buy_hold": {
      "return": 0.029316367265469045,
      "max_drawdown": -0.12551144531681957,
      "sharpe": 0.2538486653051062
    },
    "excess_return_vs_bh": -0.007605662998920737,
    "trades": {
      "chosen_buys": 42,
      "chosen_sells": 2,
      "chosen_holds": 71,
      "executed_buys": 3,
      "executed_sells": 3,
      "invalid_actions": 39
    }
  }
}