{
  "HCLTECH": {
    "return": 0.21885063290987783,
    "max_drawdown": -0.061092560438092657,
    "sharpe": 1.9925466148887356,
    "buy_hold": {
      "return": 0.22894367991845077,
      "max_drawdown": -0.0610925604380926,
      "sharpe": 2.0682029457179767
    },
    "excess_return_vs_bh": -0.010093047008572942,
    "trades": {
      "chosen_buys": 91,
      "chosen_sells": 3,
      "chosen_holds": 21,
      "executed_buys": 4,
      "executed_sells": 4,
      "invalid_actions": 87
    }
  },
  "HDFCBANK": {
    "return": 0.042222592682352955,
    "max_drawdown": -0.09285634181899752,
    "sharpe": 0.4457913111167862,
    "buy_hold": {
      "return": 0.09617755856966714,
      "max_drawdown": -0.09285634181899745,
      "sharpe": 1.0276887181776813
    },
    "excess_return_vs_bh": -0.05395496588731419,
    "trades": {
      "chosen_buys": 86,
      "chosen_sells": 3,
      "chosen_holds": 26,
      "executed_buys": 4,
      "executed_sells": 4,
      "invalid_actions": 82
    }
  },
  "HINDUNILVR": {
    "return": -0.08643095930686817,
    "max_drawdown": -0.21879709319848642,
    "sharpe": -0.9994349137369876,
    "buy_hold": {
      "return": -0.10563675914971571,
      "max_drawdown": -0.22974690858661734,
      "sharpe": -1.133894334827567
    },
    "excess_return_vs_bh": 0.019205799842847537,
    "trades": {
      "chosen_buys": 111,
      "chosen_sells": 4,
      "chosen_holds": 0,
      "executed_buys": 5,
      "executed_sells": 5,
      "invalid_actions": 106
    }
  },
  "ICICIBANK": {
    "return": 0.04354980716630408,
    "max_drawdown": -0.08625649071687395,
    "sharpe": 0.48215102985183345,
    "buy_hold": {
      "return": 0.05260376438066583,
      "max_drawdown": -0.08625649071687407,
      "sharpe": 0.5525340074306977
    },
    "excess_return_vs_bh": -0.009053957214361752,
    "trades": {
      "chosen_buys": 113,
      "chosen_sells": 2,
      "chosen_holds": 0,
      "executed_buys": 3,
      "executed_sells": 3,
      "invalid_actions": 110
    }
  },
  "INFY": {
    "return": 0.08492854938489369,
    "max_drawdown": -0.11371625291766456,
    "sharpe": 0.7653990192313173,
    "buy_hold": {
      "return": 0.11654608828095259,
      "max_drawdown": -0.10868350185458055,
      "sharpe": 1.031910981822248
    },
    "excess_return_vs_bh": -0.031617538896058894,
    "trades": {
      "chosen_buys": 107,
      "chosen_sells": 3,
      "chosen_holds": 5,
      "executed_buys": 4,
      "executed_sells": 4,
      "invalid_actions": 103
    }
  },
  "ITC": {
    "return": 0.03489308431717664,
    "max_drawdown": -0.12551144531681965,
    "sharpe": 0.31520671858719645,
    "buy_hold": {
      "return": 0.029316367265469045,
      "max_drawdown": -0.12551144531681957,
      "sharpe": 0.2538486653051062
    },
    "excess_return_vs_bh": 0.0055767170517075915,
    "trades": {
      "chosen_buys": 76,
      "chosen_sells": 1,
      "chosen_holds": 38,
      "executed_buys": 2,
      "executed_sells": 2,
      "invalid_actions": 74
    }
  }
}