{
  "HCLTECH": {
    "return": 0.0002177795029092433,
    "max_drawdown": -0.07020102503141616,
    "sharpe": 0.015154641782950036,
    "buy_hold": {
      "return": 0.22894367991845077,
      "max_drawdown": -0.0610925604380926,
      "sharpe": 2.0682029457179767
    },
    "excess_return_vs_bh": -0.22872590041554153,
    "trades": {
      "chosen_buys": 60,
      "chosen_sells": 55,
      "chosen_holds": 0,
      "executed_buys": 45,
      "executed_sells": 45,
      "invalid_actions": 26
    }
  },
  "HDFCBANK": {
    "return": 0.09164177136528151,
    "max_drawdown": -0.09285634181899739,
    "sharpe": 0.9852219618373398,
    "buy_hold": {
      "return": 0.09617755856966714,
      "max_drawdown": -0.09285634181899745,
      "sharpe": 1.0276887181776813
    },
    "excess_return_vs_bh": -0.004535787204385633,
    "trades": {
      "chosen_buys": 113,
      "chosen_sells": 2,
      "chosen_holds": 0,
      "executed_buys": 3,
      "executed_sells": 3,
      "invalid_actions": 110
    }
  },
  "HINDUNILVR": {
    "return": 0.0,
    "max_drawdown": 0.0,
    "sharpe": 0.0,
    "buy_hold": {
      "return": -0.10563675914971571,
      "max_drawdown": -0.22974690858661734,
      "sharpe": -1.133894334827567
    },
    "excess_return_vs_bh": 0.10563675914971571,
    "trades": {
      "chosen_buys": 0,
      "chosen_sells": 115,
      "chosen_holds": 0,
      "executed_buys": 0,
      "executed_sells": 0,
      "invalid_actions": 115
    }
  },
  "ICICIBANK": {
    "return": -0.015488637079625223,
    "max_drawdown": -0.06711332735393037,
    "sharpe": -0.21461937886226842,
    "buy_hold": {
      "return": 0.05260376438066583,
      "max_drawdown": -0.08625649071687407,
      "sharpe": 0.5525340074306977
    },
    "excess_return_vs_bh": -0.06809240146029105,
    "trades": {
      "chosen_buys": 86,
      "chosen_sells": 29,
      "chosen_holds": 0,
      "executed_buys": 30,
      "executed_sells": 30,
      "invalid_actions": 56
    }
  },
  "INFY": {
    "return": 0.14865241357586356,
    "max_drawdown": -0.04564414843614798,
    "sharpe": 1.9459056566061583,
    "buy_hold": {
      "return": 0.11654608828095259,
      "max_drawdown": -0.10868350185458055,
      "sharpe": 1.031910981822248
    },
    "excess_return_vs_bh": 0.032106325294910976,
    "trades": {
      "chosen_buys": 35,
      "chosen_sells": 80,
      "chosen_holds": 0,
      "executed_buys": 29,
      "executed_sells": 29,
      "invalid_actions": 57
    }
  },
  "ITC": {
    "return": 0.023851867025749485,
    "max_drawdown": -0.12551144531681954,
    "sharpe": 0.21580262360766106,
    "buy_hold": {
      "return": 0.029316367265469045,
      "max_drawdown": -0.12551144531681957,
      "sharpe": 0.2538486653051062
    },
    "excess_return_vs_bh": -0.005464500239719561,
    "trades": {
      "chosen_buys": 114,
      "chosen_sells": 1,
      "chosen_holds": 0,
      "executed_buys": 2,
      "executed_sells": 2,
      "invalid_actions": 112
    }
  }
}