{
  "HCLTECH": {
    "return": 0.0755941884652076,
    "max_drawdown": -0.06109256043809262,
    "sharpe": 0.9081932949519386,
    "buy_hold": {
      "return": 0.22894367991845077,
      "max_drawdown": -0.0610925604380926,
      "sharpe": 2.0682029457179767
    },
    "excess_return_vs_bh": -0.15334949145324317,
    "trades": {
      "chosen_buys": 43,
      "chosen_sells": 72,
      "chosen_holds": 0,
      "executed_buys": 9,
      "executed_sells": 9,
      "invalid_actions": 97
    }
  },
  "HDFCBANK": {
    "return": 0.13383023981857733,
    "max_drawdown": -0.08383360292947965,
    "sharpe": 1.3396142401968967,
    "buy_hold": {
      "return": 0.09617755856966714,
      "max_drawdown": -0.09285634181899745,
      "sharpe": 1.0276887181776813
    },
    "excess_return_vs_bh": 0.03765268124891019,
    "trades": {
      "chosen_buys": 100,
      "chosen_sells": 11,
      "chosen_holds": 4,
      "executed_buys": 3,
      "executed_sells": 3,
      "invalid_actions": 106
    }
  },
  "HINDUNILVR": {
    "return": 0.021878562720297978,
    "max_drawdown": -0.026615458718564237,
    "sharpe": 0.4647618943373264,
    "buy_hold": {
      "return": -0.10563675914971571,
      "max_drawdown": -0.22974690858661734,
      "sharpe": -1.133894334827567
    },
    "excess_return_vs_bh": 0.1275153218700137,
    "trades": {
      "chosen_buys": 12,
      "chosen_sells": 103,
      "chosen_holds": 0,
      "executed_buys": 5,
      "executed_sells": 5,
      "invalid_actions": 105
    }
  },
  "ICICIBANK": {
    "return": 0.0,
    "max_drawdown": 0.0,
    "sharpe": 0.0,
    "buy_hold": {
      "return": 0.05260376438066583,
      "max_drawdown": -0.08625649071687407,
      "sharpe": 0.5525340074306977
    },
    "excess_return_vs_bh": -0.05260376438066583,
    "trades": {
      "chosen_buys": 0,
      "chosen_sells": 115,
      "chosen_holds": 0,
      "executed_buys": 0,
      "executed_sells": 0,
      "invalid_actions": 115
    }
  },
  "INFY": {
    "return": -0.061379767525372,
    "max_drawdown": -0.12877936782627208,
    "sharpe": -0.6983466696092223,
    "buy_hold": {
      "return": 0.11654608828095259,
      "max_drawdown": -0.10868350185458055,
      "sharpe": 1.031910981822248
    },
    "excess_return_vs_bh": -0.17792585580632458,
    "trades": {
      "chosen_buys": 62,
      "chosen_sells": 53,
      "chosen_holds": 0,
      "executed_buys": 9,
      "executed_sells": 9,
      "invalid_actions": 98
    }
  },
  "ITC": {
    "return": 0.028287050898203603,
    "max_drawdown": -0.12551144531681963,
    "sharpe": 0.2538486653051068,
    "buy_hold": {
      "return": 0.029316367265469045,
      "max_drawdown": -0.12551144531681957,
      "sharpe": 0.2538486653051062
    },
    "excess_return_vs_bh": -0.0010293163672654426,
    "trades": {
      "chosen_buys": 79,
      "chosen_sells": 0,
      "chosen_holds": 36,
      "executed_buys": 1,
      "executed_sells": 1,
      "invalid_actions": 78
    }
  }
}