{
  "HCLTECH": {
    "return": 0.10886588750049908,
    "max_drawdown": -0.05159503226591984,
    "sharpe": 1.4816042017684048,
    "buy_hold": {
      "return": 0.22894367991845077,
      "max_drawdown": -0.0610925604380926,
      "sharpe": 2.0682029457179767
    },
    "excess_return_vs_bh": -0.12007779241795169,
    "trades": {
      "chosen_buys": 18,
      "chosen_sells": 2,
      "chosen_holds": 95,
      "executed_buys": 2,
      "executed_sells": 2,
      "invalid_actions": 16
    }
  },
  "HDFCBANK": {
    "return": 0.0633135311780697,
    "max_drawdown": -0.09285634181899755,
    "sharpe": 0.7359230968366699,
    "buy_hold": {
      "return": 0.09617755856966714,
      "max_drawdown": -0.09285634181899745,
      "sharpe": 1.0276887181776813
    },
    "excess_return_vs_bh": -0.03286402739159744,
    "trades": {
      "chosen_buys": 19,
      "chosen_sells": 1,
      "chosen_holds": 95,
      "executed_buys": 2,
      "executed_sells": 2,
      "invalid_actions": 17
    }
  },
  "HINDUNILVR": {
    "return": 0.0,
    "max_drawdown": 0.0,
    "sharpe": 0.0,
    "buy_hold": {
      "return": -0.10563675914971571,
      "max_drawdown": -0.22974690858661734,
      "sharpe": -1.133894334827567
    },
    "excess_return_vs_bh": 0.10563675914971571,
    "trades": {
      "chosen_buys": 0,
      "chosen_sells": 0,
      "chosen_holds": 115,
      "executed_buys": 0,
      "executed_sells": 0,
      "invalid_actions": 0
    }
  },
  "ICICIBANK": {
    "return": 0.0,
    "max_drawdown": 0.0,
    "sharpe": 0.0,
    "buy_hold": {
      "return": 0.05260376438066583,
      "max_drawdown": -0.08625649071687407,
      "sharpe": 0.5525340074306977
    },
    "excess_return_vs_bh": -0.05260376438066583,
    "trades": {
      "chosen_buys": 0,
      "chosen_sells": 0,
      "chosen_holds": 115,
      "executed_buys": 0,
      "executed_sells": 0,
      "invalid_actions": 0
    }
  },
  "INFY": {
    "return": 0.04093941830590131,
    "max_drawdown": -0.06789409875551988,
    "sharpe": 0.6502340635075654,
    "buy_hold": {
      "return": 0.11654608828095259,
      "max_drawdown": -0.10868350185458055,
      "sharpe": 1.031910981822248
    },
    "excess_return_vs_bh": -0.07560666997505128,
    "trades": {
      "chosen_buys": 3,
      "chosen_sells": 1,
      "chosen_holds": 111,
      "executed_buys": 1,
      "executed_sells": 1,
      "invalid_actions": 2
    }
  },
  "ITC": {
    "return": 0.03178117887813259,
    "max_drawdown": -0.1255114453168197,
    "sharpe": 0.28445901866907847,
    "buy_hold": {
      "return": 0.029316367265469045,
      "max_drawdown": -0.12551144531681957,
      "sharpe": 0.2538486653051062
    },
    "excess_return_vs_bh": 0.002464811612663542,
    "trades": {
      "chosen_buys": 6,
      "chosen_sells": 1,
      "chosen_holds": 108,
      "executed_buys": 2,
      "executed_sells": 2,
      "invalid_actions": 4
    }
  }
}