{
  "HCLTECH": {
    "return": 0.23525795546149975,
    "max_drawdown": -0.06109256043809262,
    "sharpe": 2.1088881035102705,
    "buy_hold": {
      "return": 0.22894367991845077,
      "max_drawdown": -0.0610925604380926,
      "sharpe": 2.0682029457179767
    },
    "excess_return_vs_bh": 0.006314275543048975,
    "trades": {
      "chosen_buys": 112,
      "chosen_sells": 3,
      "chosen_holds": 0,
      "executed_buys": 4,
      "executed_sells": 4,
      "invalid_actions": 108
    }
  },
  "HDFCBANK": {
    "return": 0.08610236733812515,
    "max_drawdown": -0.0928563418189975,
    "sharpe": 0.9312025235892529,
    "buy_hold": {
      "return": 0.09617755856966714,
      "max_drawdown": -0.09285634181899745,
      "sharpe": 1.0276887181776813
    },
    "excess_return_vs_bh": -0.010075191231541991,
    "trades": {
      "chosen_buys": 114,
      "chosen_sells": 1,
      "chosen_holds": 0,
      "executed_buys": 2,
      "executed_sells": 2,
      "invalid_actions": 112
    }
  },
  "HINDUNILVR": {
    "return": -0.07637932857066498,
    "max_drawdown": -0.21879709319848628,
    "sharpe": -0.8511105071132319,
    "buy_hold": {
      "return": -0.10563675914971571,
      "max_drawdown": -0.22974690858661734,
      "sharpe": -1.133894334827567
    },
    "excess_return_vs_bh": 0.029257430579050725,
    "trades": {
      "chosen_buys": 110,
      "chosen_sells": 5,
      "chosen_holds": 0,
      "executed_buys": 6,
      "executed_sells": 6,
      "invalid_actions": 104
    }
  },
  "ICICIBANK": {
    "return": 0.057552776553251084,
    "max_drawdown": -0.07979383770362282,
    "sharpe": 0.6054770205926422,
    "buy_hold": {
      "return": 0.05260376438066583,
      "max_drawdown": -0.08625649071687407,
      "sharpe": 0.5525340074306977
    },
    "excess_return_vs_bh": 0.004949012172585254,
    "trades": {
      "chosen_buys": 113,
      "chosen_sells": 2,
      "chosen_holds": 0,
      "executed_buys": 3,
      "executed_sells": 3,
      "invalid_actions": 110
    }
  },
  "INFY": {
    "return": 0.10467121201498353,
    "max_drawdown": -0.10868350185458066,
    "sharpe": 0.9245311641429188,
    "buy_hold": {
      "return": 0.11654608828095259,
      "max_drawdown": -0.10868350185458055,
      "sharpe": 1.031910981822248
    },
    "excess_return_vs_bh": -0.011874876265969059,
    "trades": {
      "chosen_buys": 113,
      "chosen_sells": 2,
      "chosen_holds": 0,
      "executed_buys": 3,
      "executed_sells": 3,
      "invalid_actions": 110
    }
  },
  "ITC": {
    "return": 0.03898873969124139,
    "max_drawdown": -0.12551144531681954,
    "sharpe": 0.3505876613642195,
    "buy_hold": {
      "return": 0.029316367265469045,
      "max_drawdown": -0.12551144531681957,
      "sharpe": 0.2538486653051062
    },
    "excess_return_vs_bh": 0.009672372425772346,
    "trades": {
      "chosen_buys": 114,
      "chosen_sells": 1,
      "chosen_holds": 0,
      "executed_buys": 2,
      "executed_sells": 2,
      "invalid_actions": 112
    }
  }
}