{
  "HCLTECH": {
    "return": 0.18074317387181793,
    "max_drawdown": -0.05159503226591989,
    "sharpe": 2.066444670254015,
    "buy_hold": {
      "return": 0.22894367991845077,
      "max_drawdown": -0.0610925604380926,
      "sharpe": 2.0682029457179767
    },
    "excess_return_vs_bh": -0.04820050604663284,
    "trades": {
      "chosen_buys": 53,
      "chosen_sells": 55,
      "chosen_holds": 7,
      "executed_buys": 3,
      "executed_sells": 3,
      "invalid_actions": 102
    }
  },
  "HDFCBANK": {
    "return": 0.1047101961139687,
    "max_drawdown": -0.0928563418189974,
    "sharpe": 1.1507919709688281,
    "buy_hold": {
      "return": 0.09617755856966714,
      "max_drawdown": -0.09285634181899745,
      "sharpe": 1.0276887181776813
    },
    "excess_return_vs_bh": 0.008532637544301558,
    "trades": {
      "chosen_buys": 112,
      "chosen_sells": 1,
      "chosen_holds": 2,
      "executed_buys": 2,
      "executed_sells": 2,
      "invalid_actions": 110
    }
  },
  "HINDUNILVR": {
    "return": 0.0,
    "max_drawdown": 0.0,
    "sharpe": 0.0,
    "buy_hold": {
      "return": -0.10563675914971571,
      "max_drawdown": -0.22974690858661734,
      "sharpe": -1.133894334827567
    },
    "excess_return_vs_bh": 0.10563675914971571,
    "trades": {
      "chosen_buys": 0,
      "chosen_sells": 95,
      "chosen_holds": 20,
      "executed_buys": 0,
      "executed_sells": 0,
      "invalid_actions": 95
    }
  },
  "ICICIBANK": {
    "return": 0.0,
    "max_drawdown": 0.0,
    "sharpe": 0.0,
    "buy_hold": {
      "return": 0.05260376438066583,
      "max_drawdown": -0.08625649071687407,
      "sharpe": 0.5525340074306977
    },
    "excess_return_vs_bh": -0.05260376438066583,
    "trades": {
      "chosen_buys": 0,
      "chosen_sells": 115,
      "chosen_holds": 0,
      "executed_buys": 0,
      "executed_sells": 0,
      "invalid_actions": 115
    }
  },
  "INFY": {
    "return": 0.13010256826021882,
    "max_drawdown": -0.07224972058119127,
    "sharpe": 1.7445899781267096,
    "buy_hold": {
      "return": 0.11654608828095259,
      "max_drawdown": -0.10868350185458055,
      "sharpe": 1.031910981822248
    },
    "excess_return_vs_bh": 0.013556479979266234,
    "trades": {
      "chosen_buys": 29,
      "chosen_sells": 83,
      "chosen_holds": 3,
      "executed_buys": 2,
      "executed_sells": 2,
      "invalid_actions": 108
    }
  },
  "ITC": {
    "return": 0.026461678303492775,
    "max_drawdown": -0.12628931652289319,
    "sharpe": 0.23821785359902145,
    "buy_hold": {
      "return": 0.029316367265469045,
      "max_drawdown": -0.12551144531681957,
      "sharpe": 0.2538486653051062
    },
    "excess_return_vs_bh": -0.0028546889619762705,
    "trades": {
      "chosen_buys": 113,
      "chosen_sells": 1,
      "chosen_holds": 1,
      "executed_buys": 2,
      "executed_sells": 2,
      "invalid_actions": 111
    }
  }
}