{
  "HCLTECH": {
    "return": 0.23490886374929998,
    "max_drawdown": -0.06109256043809268,
    "sharpe": 2.1025846290378034,
    "buy_hold": {
      "return": 0.22894367991845077,
      "max_drawdown": -0.0610925604380926,
      "sharpe": 2.0682029457179767
    },
    "excess_return_vs_bh": 0.005965183830849208,
    "trades": {
      "chosen_buys": 22,
      "chosen_sells": 5,
      "chosen_holds": 88,
      "executed_buys": 6,
      "executed_sells": 6,
      "invalid_actions": 16
    }
  },
  "HDFCBANK": {
    "return": 0.08610236733812515,
    "max_drawdown": -0.0928563418189975,
    "sharpe": 0.9312025235892529,
    "buy_hold": {
      "return": 0.09617755856966714,
      "max_drawdown": -0.09285634181899745,
      "sharpe": 1.0276887181776813
    },
    "excess_return_vs_bh": -0.010075191231541991,
    "trades": {
      "chosen_buys": 25,
      "chosen_sells": 1,
      "chosen_holds": 89,
      "executed_buys": 2,
      "executed_sells": 2,
      "invalid_actions": 23
    }
  },
  "HINDUNILVR": {
    "return": -0.08658847039921946,
    "max_drawdown": -0.22974690858661728,
    "sharpe": -0.9580897711294277,
    "buy_hold": {
      "return": -0.10563675914971571,
      "max_drawdown": -0.22974690858661734,
      "sharpe": -1.133894334827567
    },
    "excess_return_vs_bh": 0.019048288750496245,
    "trades": {
      "chosen_buys": 71,
      "chosen_sells": 2,
      "chosen_holds": 42,
      "executed_buys": 3,
      "executed_sells": 3,
      "invalid_actions": 68
    }
  },
  "ICICIBANK": {
    "return": 0.06267428722391277,
    "max_drawdown": -0.07979383770362287,
    "sharpe": 0.6419028772169953,
    "buy_hold": {
      "return": 0.05260376438066583,
      "max_drawdown": -0.08625649071687407,
      "sharpe": 0.5525340074306977
    },
    "excess_return_vs_bh": 0.010070522843246943,
    "trades": {
      "chosen_buys": 58,
      "chosen_sells": 1,
      "chosen_holds": 56,
      "executed_buys": 2,
      "executed_sells": 2,
      "invalid_actions": 56
    }
  },
  "INFY": {
    "return": 0.0964560372190495,
    "max_drawdown": -0.10868350185458052,
    "sharpe": 0.8501766011799562,
    "buy_hold": {
      "return": 0.11654608828095259,
      "max_drawdown": -0.10868350185458055,
      "sharpe": 1.031910981822248
    },
    "excess_return_vs_bh": -0.02009005106190309,
    "trades": {
      "chosen_buys": 48,
      "chosen_sells": 4,
      "chosen_holds": 63,
      "executed_buys": 5,
      "executed_sells": 5,
      "invalid_actions": 43
    }
  },
  "ITC": {
    "return": 0.03178117887813259,
    "max_drawdown": -0.1255114453168197,
    "sharpe": 0.28445901866907847,
    "buy_hold": {
      "return": 0.029316367265469045,
      "max_drawdown": -0.12551144531681957,
      "sharpe": 0.2538486653051062
    },
    "excess_return_vs_bh": 0.002464811612663542,
    "trades": {
      "chosen_buys": 76,
      "chosen_sells": 1,
      "chosen_holds": 38,
      "executed_buys": 2,
      "executed_sells": 2,
      "invalid_actions": 74
    }
  }
}