{
  "HCLTECH": {
    "return": 0.0,
    "max_drawdown": 0.0,
    "sharpe": 0.0,
    "buy_hold": {
      "return": 0.22894367991845077,
      "max_drawdown": -0.0610925604380926,
      "sharpe": 2.0682029457179767
    },
    "excess_return_vs_bh": -0.22894367991845077,
    "trades": {
      "chosen_buys": 0,
      "chosen_sells": 115,
      "chosen_holds": 0,
      "executed_buys": 0,
      "executed_sells": 0,
      "invalid_actions": 115
    }
  },
  "HDFCBANK": {
    "return": 0.08923662787435838,
    "max_drawdown": -0.07659952586496224,
    "sharpe": 1.0238849255785258,
    "buy_hold": {
      "return": 0.09617755856966714,
      "max_drawdown": -0.09285634181899745,
      "sharpe": 1.0276887181776813
    },
    "excess_return_vs_bh": -0.006940930695308767,
    "trades": {
      "chosen_buys": 30,
      "chosen_sells": 37,
      "chosen_holds": 48,
      "executed_buys": 30,
      "executed_sells": 30,
      "invalid_actions": 7
    }
  },
  "HINDUNILVR": {
    "return": 0.0,
    "max_drawdown": 0.0,
    "sharpe": 0.0,
    "buy_hold": {
      "return": -0.10563675914971571,
      "max_drawdown": -0.22974690858661734,
      "sharpe": -1.133894334827567
    },
    "excess_return_vs_bh": 0.10563675914971571,
    "trades": {
      "chosen_buys": 0,
      "chosen_sells": 115,
      "chosen_holds": 0,
      "executed_buys": 0,
      "executed_sells": 0,
      "invalid_actions": 115
    }
  },
  "ICICIBANK": {
    "return": 0.0,
    "max_drawdown": 0.0,
    "sharpe": 0.0,
    "buy_hold": {
      "return": 0.05260376438066583,
      "max_drawdown": -0.08625649071687407,
      "sharpe": 0.5525340074306977
    },
    "excess_return_vs_bh": -0.05260376438066583,
    "trades": {
      "chosen_buys": 0,
      "chosen_sells": 115,
      "chosen_holds": 0,
      "executed_buys": 0,
      "executed_sells": 0,
      "invalid_actions": 115
    }
  },
  "INFY": {
    "return": 0.0,
    "max_drawdown": 0.0,
    "sharpe": 0.0,
    "buy_hold": {
      "return": 0.11654608828095259,
      "max_drawdown": -0.10868350185458055,
      "sharpe": 1.031910981822248
    },
    "excess_return_vs_bh": -0.11654608828095259,
    "trades": {
      "chosen_buys": 0,
      "chosen_sells": 115,
      "chosen_holds": 0,
      "executed_buys": 0,
      "executed_sells": 0,
      "invalid_actions": 115
    }
  },
  "ITC": {
    "return": -0.022237066419010243,
    "max_drawdown": -0.12628931652289316,
    "sharpe": -0.2399107712209716,
    "buy_hold": {
      "return": 0.029316367265469045,
      "max_drawdown": -0.12551144531681957,
      "sharpe": 0.2538486653051062
    },
    "excess_return_vs_bh": -0.05155343368447929,
    "trades": {
      "chosen_buys": 23,
      "chosen_sells": 19,
      "chosen_holds": 73,
      "executed_buys": 20,
      "executed_sells": 20,
      "invalid_actions": 3
    }
  }
}