{
  "HCLTECH": {
    "return": 0.22849710653773014,
    "max_drawdown": -0.06109256043809249,
    "sharpe": 2.047152687124625,
    "buy_hold": {
      "return": 0.22894367991845077,
      "max_drawdown": -0.0610925604380926,
      "sharpe": 2.0682029457179767
    },
    "excess_return_vs_bh": -0.00044657338072062736,
    "trades": {
      "chosen_buys": 111,
      "chosen_sells": 4,
      "chosen_holds": 0,
      "executed_buys": 5,
      "executed_sells": 5,
      "invalid_actions": 106
    }
  },
  "HDFCBANK": {
    "return": 0.07879568485432475,
    "max_drawdown": -0.09285634181899757,
    "sharpe": 0.8277038060649176,
    "buy_hold": {
      "return": 0.09617755856966714,
      "max_drawdown": -0.09285634181899745,
      "sharpe": 1.0276887181776813
    },
    "excess_return_vs_bh": -0.01738187371534239,
    "trades": {
      "chosen_buys": 98,
      "chosen_sells": 2,
      "chosen_holds": 15,
      "executed_buys": 3,
      "executed_sells": 3,
      "invalid_actions": 95
    }
  },
  "HINDUNILVR": {
    "return": -0.02202409965744312,
    "max_drawdown": -0.19536969844300878,
    "sharpe": -0.23560685678781043,
    "buy_hold": {
      "return": -0.10563675914971571,
      "max_drawdown": -0.22974690858661734,
      "sharpe": -1.133894334827567
    },
    "excess_return_vs_bh": 0.08361265949227259,
    "trades": {
      "chosen_buys": 104,
      "chosen_sells": 11,
      "chosen_holds": 0,
      "executed_buys": 12,
      "executed_sells": 12,
      "invalid_actions": 92
    }
  },
  "ICICIBANK": {
    "return": 0.04980258598509235,
    "max_drawdown": -0.0811969684440834,
    "sharpe": 0.5405055027063193,
    "buy_hold": {
      "return": 0.05260376438066583,
      "max_drawdown": -0.08625649071687407,
      "sharpe": 0.5525340074306977
    },
    "excess_return_vs_bh": -0.002801178395573478,
    "trades": {
      "chosen_buys": 93,
      "chosen_sells": 6,
      "chosen_holds": 16,
      "executed_buys": 7,
      "executed_sells": 7,
      "invalid_actions": 86
    }
  },
  "INFY": {
    "return": 0.09914697056201716,
    "max_drawdown": -0.1086835018545804,
    "sharpe": 0.8834402026981222,
    "buy_hold": {
      "return": 0.11654608828095259,
      "max_drawdown": -0.10868350185458055,
      "sharpe": 1.031910981822248
    },
    "excess_return_vs_bh": -0.01739911771893543,
    "trades": {
      "chosen_buys": 112,
      "chosen_sells": 3,
      "chosen_holds": 0,
      "executed_buys": 4,
      "executed_sells": 4,
      "invalid_actions": 108
    }
  },
  "ITC": {
    "return": 0.027963062248183457,
    "max_drawdown": -0.1255114453168197,
    "sharpe": 0.2515427757901049,
    "buy_hold": {
      "return": 0.029316367265469045,
      "max_drawdown": -0.12551144531681957,
      "sharpe": 0.2538486653051062
    },
    "excess_return_vs_bh": -0.0013533050172855887,
    "trades": {
      "chosen_buys": 114,
      "chosen_sells": 1,
      "chosen_holds": 0,
      "executed_buys": 2,
      "executed_sells": 2,
      "invalid_actions": 112
    }
  }
}