{
  "HCLTECH": {
    "return": 0.0,
    "max_drawdown": 0.0,
    "sharpe": 0.0,
    "buy_hold": {
      "return": 0.22894367991845077,
      "max_drawdown": -0.0610925604380926,
      "sharpe": 2.0682029457179767
    },
    "excess_return_vs_bh": -0.22894367991845077,
    "trades": {
      "chosen_buys": 0,
      "chosen_sells": 70,
      "chosen_holds": 45,
      "executed_buys": 0,
      "executed_sells": 0,
      "invalid_actions": 70
    }
  },
  "HDFCBANK": {
    "return": 0.09229295272473426,
    "max_drawdown": -0.09285634181899764,
    "sharpe": 1.0339547663792568,
    "buy_hold": {
      "return": 0.09617755856966714,
      "max_drawdown": -0.09285634181899745,
      "sharpe": 1.0276887181776813
    },
    "excess_return_vs_bh": -0.003884605844932887,
    "trades": {
      "chosen_buys": 75,
      "chosen_sells": 7,
      "chosen_holds": 33,
      "executed_buys": 8,
      "executed_sells": 8,
      "invalid_actions": 67
    }
  },
  "HINDUNILVR": {
    "return": 0.0,
    "max_drawdown": 0.0,
    "sharpe": 0.0,
    "buy_hold": {
      "return": -0.10563675914971571,
      "max_drawdown": -0.22974690858661734,
      "sharpe": -1.133894334827567
    },
    "excess_return_vs_bh": 0.10563675914971571,
    "trades": {
      "chosen_buys": 0,
      "chosen_sells": 71,
      "chosen_holds": 44,
      "executed_buys": 0,
      "executed_sells": 0,
      "invalid_actions": 71
    }
  },
  "ICICIBANK": {
    "return": 0.0,
    "max_drawdown": 0.0,
    "sharpe": 0.0,
    "buy_hold": {
      "return": 0.05260376438066583,
      "max_drawdown": -0.08625649071687407,
      "sharpe": 0.5525340074306977
    },
    "excess_return_vs_bh": -0.05260376438066583,
    "trades": {
      "chosen_buys": 0,
      "chosen_sells": 115,
      "chosen_holds": 0,
      "executed_buys": 0,
      "executed_sells": 0,
      "invalid_actions": 115
    }
  },
  "INFY": {
    "return": 0.0,
    "max_drawdown": 0.0,
    "sharpe": 0.0,
    "buy_hold": {
      "return": 0.11654608828095259,
      "max_drawdown": -0.10868350185458055,
      "sharpe": 1.031910981822248
    },
    "excess_return_vs_bh": -0.11654608828095259,
    "trades": {
      "chosen_buys": 0,
      "chosen_sells": 94,
      "chosen_holds": 21,
      "executed_buys": 0,
      "executed_sells": 0,
      "invalid_actions": 94
    }
  },
  "ITC": {
    "return": 0.02171070426654831,
    "max_drawdown": -0.1255114453168197,
    "sharpe": 0.1944224618482029,
    "buy_hold": {
      "return": 0.029316367265469045,
      "max_drawdown": -0.12551144531681957,
      "sharpe": 0.2538486653051062
    },
    "excess_return_vs_bh": -0.007605662998920737,
    "trades": {
      "chosen_buys": 52,
      "chosen_sells": 2,
      "chosen_holds": 61,
      "executed_buys": 3,
      "executed_sells": 3,
      "invalid_actions": 49
    }
  }
}