{
  "HCLTECH": {
    "return": 0.11817204813929671,
    "max_drawdown": -0.030875733726408863,
    "sharpe": 2.0146519466336357,
    "buy_hold": {
      "return": 0.22894367991845077,
      "max_drawdown": -0.0610925604380926,
      "sharpe": 2.0682029457179767
    },
    "excess_return_vs_bh": -0.11077163177915406,
    "trades": {
      "chosen_buys": 19,
      "chosen_sells": 87,
      "chosen_holds": 9,
      "executed_buys": 1,
      "executed_sells": 1,
      "invalid_actions": 104
    }
  },
  "HDFCBANK": {
    "return": 0.08318387109144121,
    "max_drawdown": -0.09376348547717847,
    "sharpe": 0.9004091835275101,
    "buy_hold": {
      "return": 0.09617755856966714,
      "max_drawdown": -0.09285634181899745,
      "sharpe": 1.0276887181776813
    },
    "excess_return_vs_bh": -0.012993687478225935,
    "trades": {
      "chosen_buys": 113,
      "chosen_sells": 2,
      "chosen_holds": 0,
      "executed_buys": 3,
      "executed_sells": 3,
      "invalid_actions": 110
    }
  },
  "HINDUNILVR": {
    "return": -0.19338216008830944,
    "max_drawdown": -0.2020850486469565,
    "sharpe": -2.759550965749899,
    "buy_hold": {
      "return": -0.10563675914971571,
      "max_drawdown": -0.22974690858661734,
      "sharpe": -1.133894334827567
    },
    "excess_return_vs_bh": -0.08774540093859373,
    "trades": {
      "chosen_buys": 49,
      "chosen_sells": 66,
      "chosen_holds": 0,
      "executed_buys": 8,
      "executed_sells": 8,
      "invalid_actions": 100
    }
  },
  "ICICIBANK": {
    "return": 0.0,
    "max_drawdown": 0.0,
    "sharpe": 0.0,
    "buy_hold": {
      "return": 0.05260376438066583,
      "max_drawdown": -0.08625649071687407,
      "sharpe": 0.5525340074306977
    },
    "excess_return_vs_bh": -0.05260376438066583,
    "trades": {
      "chosen_buys": 0,
      "chosen_sells": 115,
      "chosen_holds": 0,
      "executed_buys": 0,
      "executed_sells": 0,
      "invalid_actions": 115
    }
  },
  "INFY": {
    "return": 0.0735428848414259,
    "max_drawdown": -0.06746011559555261,
    "sharpe": 1.1152710938460935,
    "buy_hold": {
      "return": 0.11654608828095259,
      "max_drawdown": -0.10868350185458055,
      "sharpe": 1.031910981822248
    },
    "excess_return_vs_bh": -0.04300320343952668,
    "trades": {
      "chosen_buys": 29,
      "chosen_sells": 80,
      "chosen_holds": 6,
      "executed_buys": 2,
      "executed_sells": 2,
      "invalid_actions": 105
    }
  },
  "ITC": {
    "return": 0.022448702216821825,
    "max_drawdown": -0.12551144531681976,
    "sharpe": 0.20039345171560263,
    "buy_hold": {
      "return": 0.029316367265469045,
      "max_drawdown": -0.12551144531681957,
      "sharpe": 0.2538486653051062
    },
    "excess_return_vs_bh": -0.00686766504864722,
    "trades": {
      "chosen_buys": 114,
      "chosen_sells": 1,
      "chosen_holds": 0,
      "executed_buys": 2,
      "executed_sells": 2,
      "invalid_actions": 112
    }
  }
}