{
  "HCLTECH": {
    "return": 0.1294795246870133,
    "max_drawdown": -0.034236716312453085,
    "sharpe": 1.5951408842606056,
    "buy_hold": {
      "return": 0.22894367991845077,
      "max_drawdown": -0.0610925604380926,
      "sharpe": 2.0682029457179767
    },
    "excess_return_vs_bh": -0.09946415523143748,
    "trades": {
      "chosen_buys": 8,
      "chosen_sells": 88,
      "chosen_holds": 19,
      "executed_buys": 8,
      "executed_sells": 8,
      "invalid_actions": 80
    }
  },
  "HDFCBANK": {
    "return": 0.08965094518595107,
    "max_drawdown": -0.09285634181899739,
    "sharpe": 0.9723456957809854,
    "buy_hold": {
      "return": 0.09617755856966714,
      "max_drawdown": -0.09285634181899745,
      "sharpe": 1.0276887181776813
    },
    "excess_return_vs_bh": -0.006526613383716073,
    "trades": {
      "chosen_buys": 55,
      "chosen_sells": 1,
      "chosen_holds": 59,
      "executed_buys": 2,
      "executed_sells": 2,
      "invalid_actions": 53
    }
  },
  "HINDUNILVR": {
    "return": 0.0,
    "max_drawdown": 0.0,
    "sharpe": 0.0,
    "buy_hold": {
      "return": -0.10563675914971571,
      "max_drawdown": -0.22974690858661734,
      "sharpe": -1.133894334827567
    },
    "excess_return_vs_bh": 0.10563675914971571,
    "trades": {
      "chosen_buys": 0,
      "chosen_sells": 103,
      "chosen_holds": 12,
      "executed_buys": 0,
      "executed_sells": 0,
      "invalid_actions": 103
    }
  },
  "ICICIBANK": {
    "return": 0.0707354924096093,
    "max_drawdown": -0.06732815636883523,
    "sharpe": 1.0283396418733275,
    "buy_hold": {
      "return": 0.05260376438066583,
      "max_drawdown": -0.08625649071687407,
      "sharpe": 0.5525340074306977
    },
    "excess_return_vs_bh": 0.018131728028943472,
    "trades": {
      "chosen_buys": 14,
      "chosen_sells": 59,
      "chosen_holds": 42,
      "executed_buys": 14,
      "executed_sells": 14,
      "invalid_actions": 46
    }
  },
  "INFY": {
    "return": 0.04331478429019575,
    "max_drawdown": -0.03164513811272536,
    "sharpe": 1.2014904264902229,
    "buy_hold": {
      "return": 0.11654608828095259,
      "max_drawdown": -0.10868350185458055,
      "sharpe": 1.031910981822248
    },
    "excess_return_vs_bh": -0.07323130399075684,
    "trades": {
      "chosen_buys": 12,
      "chosen_sells": 103,
      "chosen_holds": 0,
      "executed_buys": 2,
      "executed_sells": 2,
      "invalid_actions": 111
    }
  },
  "ITC": {
    "return": 0.01732677529631399,
    "max_drawdown": -0.12551144531681963,
    "sharpe": 0.1575524670120339,
    "buy_hold": {
      "return": 0.029316367265469045,
      "max_drawdown": -0.12551144531681957,
      "sharpe": 0.2538486653051062
    },
    "excess_return_vs_bh": -0.011989591969155056,
    "trades": {
      "chosen_buys": 114,
      "chosen_sells": 1,
      "chosen_holds": 0,
      "executed_buys": 2,
      "executed_sells": 2,
      "invalid_actions": 112
    }
  }
}