{
  "HCLTECH": {
    "return": 0.18771689209948494,
    "max_drawdown": -0.05159503226591989,
    "sharpe": 2.3802848626510986,
    "buy_hold": {
      "return": 0.22894367991845077,
      "max_drawdown": -0.0610925604380926,
      "sharpe": 2.0682029457179767
    },
    "excess_return_vs_bh": -0.04122678781896583,
    "trades": {
      "chosen_buys": 25,
      "chosen_sells": 3,
      "chosen_holds": 87,
      "executed_buys": 3,
      "executed_sells": 3,
      "invalid_actions": 22
    }
  },
  "HDFCBANK": {
    "return": 0.09299254639419918,
    "max_drawdown": -0.0928563418189974,
    "sharpe": 1.0030085209416293,
    "buy_hold": {
      "return": 0.09617755856966714,
      "max_drawdown": -0.09285634181899745,
      "sharpe": 1.0276887181776813
    },
    "excess_return_vs_bh": -0.0031850121754679606,
    "trades": {
      "chosen_buys": 111,
      "chosen_sells": 1,
      "chosen_holds": 3,
      "executed_buys": 2,
      "executed_sells": 2,
      "invalid_actions": 109
    }
  },
  "HINDUNILVR": {
    "return": -0.07774928320148933,
    "max_drawdown": -0.07926033146096534,
    "sharpe": -2.2907950656732945,
    "buy_hold": {
      "return": -0.10563675914971571,
      "max_drawdown": -0.22974690858661734,
      "sharpe": -1.133894334827567
    },
    "excess_return_vs_bh": 0.02788747594822638,
    "trades": {
      "chosen_buys": 30,
      "chosen_sells": 20,
      "chosen_holds": 65,
      "executed_buys": 21,
      "executed_sells": 21,
      "invalid_actions": 9
    }
  },
  "ICICIBANK": {
    "return": 0.0,
    "max_drawdown": 0.0,
    "sharpe": 0.0,
    "buy_hold": {
      "return": 0.05260376438066583,
      "max_drawdown": -0.08625649071687407,
      "sharpe": 0.5525340074306977
    },
    "excess_return_vs_bh": -0.05260376438066583,
    "trades": {
      "chosen_buys": 0,
      "chosen_sells": 65,
      "chosen_holds": 50,
      "executed_buys": 0,
      "executed_sells": 0,
      "invalid_actions": 65
    }
  },
  "INFY": {
    "return": 0.026693816935211556,
    "max_drawdown": -0.10997202076073907,
    "sharpe": 0.3710130316737572,
    "buy_hold": {
      "return": 0.11654608828095259,
      "max_drawdown": -0.10868350185458055,
      "sharpe": 1.031910981822248
    },
    "excess_return_vs_bh": -0.08985227134574103,
    "trades": {
      "chosen_buys": 21,
      "chosen_sells": 27,
      "chosen_holds": 67,
      "executed_buys": 10,
      "executed_sells": 10,
      "invalid_actions": 28
    }
  },
  "ITC": {
    "return": 0.016124428450063677,
    "max_drawdown": -0.13037348723632877,
    "sharpe": 0.14897716543517708,
    "buy_hold": {
      "return": 0.029316367265469045,
      "max_drawdown": -0.12551144531681957,
      "sharpe": 0.2538486653051062
    },
    "excess_return_vs_bh": -0.013191938815405369,
    "trades": {
      "chosen_buys": 93,
      "chosen_sells": 1,
      "chosen_holds": 21,
      "executed_buys": 2,
      "executed_sells": 2,
      "invalid_actions": 91
    }
  }
}